Station,Distance_Km,1st_Class_Rs,2nd_Class_Rs,3rd_Class_Rs
Colombo Fort,0.00,0.00,0.00,0.00
Secretarial,0.67,100.00,50.00,20.00
Kompannavidiya,1.73,100.00,50.00,20.00
Maradana,1.90,100.00,50.00,20.00
Kollupitiya,3.12,100.00,50.00,20.00
Dematagoda,3.67,100.00,50.00,20.00
Baselin Road,3.78,100.00,50.00,20.00
Bambalapitiya,5.13,100.00,50.00,20.00
Cotta Road,5.45,100.00,50.00,20.00
Kelaniya,6.87,100.00,50.00,20.00
Wellawatta,7.25,100.00,50.00,20.00
Narahenpita,7.52,100.00,50.00,20.00
Wanawasala,8.68,100.00,50.00,40.00
Kirulapana,9.26,100.00,50.00,40.00
Dehiwala,9.97,150.00,100.00,40.00
Hunupitiya,10.03,150.00,100.00,40.00
Nugegoda,11.05,150.00,100.00,40.00
Enderamulla,11.70,150.00,100.00,40.00
Mount Lavinia,12.22,150.00,100.00,40.00
Pengiriwatta,12.60,150.00,100.00,40.00
Udahamulla,13.42,150.00,100.00,40.00
Ratmalana,14.02,150.00,100.00,40.00
Horape,14.04,150.00,100.00,40.00
Navinna,15.19,200.00,100.00,40.00
Ragama,15.55,200.00,100.00,40.00
Angulana,15.95,200.00,100.00,60.00
Maharagama,16.36,200.00,100.00,60.00
Peralanda,17.08,200.00,100.00,60.00
Lunawa,17.37,200.00,100.00,60.00
Walpola,18.12,200.00,100.00,60.00
Kandana,18.83,200.00,100.00,60.00
Moratuwa,18.96,200.00,100.00,60.00
Pannipitiya,19.01,200.00,100.00,60.00
Batuwatta,19.08,200.00,100.00,60.00
Kapuwatta,20.56,250.00,150.00,60.00
Bulugahagoda,20.73,250.00,150.00,60.00
Koralawella,20.74,250.00,150.00,60.00
Kottawa,21.31,250.00,150.00,60.00
Ja-Ela,22.15,250.00,150.00,60.00
Makumbura,22.50,250.00,150.00,60.00
Ganemulla,22.52,250.00,150.00,60.00
Egoda Uyana,22.57,250.00,150.00,60.00
Thudella,23.93,250.00,150.00,60.00
Hospital-Homagama,24.30,250.00,150.00,80.00
Yagoda,24.32,250.00,150.00,80.00
Kudahakapola,25.18,250.00,150.00,80.00
Panadura,26.26,300.00,150.00,80.00
Alawathupitiya,26.50,300.00,150.00,80.00
Homagama,26.51,300.00,150.00,80.00
Gampaha,27.54,300.00,150.00,80.00
Seeduwa,28.06,300.00,150.00,80.00
Panagoda,28.29,300.00,150.00,80.00
Pinwatta,29.48,300.00,150.00,80.00
Daraluwa,29.92,300.00,150.00,80.00
Liyanagemulla,30.12,300.00,150.00,80.00
Godagama,30.12,300.00,150.00,80.00
Megoda,31.64,350.00,200.00,80.00
Bemmulla,31.91,350.00,200.00,80.00
Industrial Zone,32.33,350.00,200.00,80.00
Katunayake,32.45,350.00,200.00,80.00
Wadduwa,32.47,350.00,200.00,80.00
Watareka,33.16,350.00,200.00,100.00
Airport - Katunayake,33.44,350.00,200.00,100.00
Magalegoda,34.16,350.00,200.00,100.00
Kurana,35.31,350.00,200.00,100.00
Heen - Patti,35.67,400.00,200.00,100.00
Train Holt 1,36.06,400.00,200.00,100.00
Padukka,37.18,400.00,200.00,100.00
Veyangoda,37.48,400.00,200.00,100.00
Arukwatta,38.74,400.00,200.00,100.00
Negambo,38.85,400.00,200.00,100.00
Wandurawa,39.33,400.00,200.00,100.00
Katutara North,39.88,400.00,200.00,100.00
Angampitiya,40.04,400.00,200.00,100.00
Uggalla,40.76,400.00,200.00,100.00
Keenawala,41.63,450.00,250.00,120.00
Katutara South,41.87,450.00,250.00,120.00
Pinnawala,42.05,450.00,250.00,120.00
Kattuwa,42.14,450.00,250.00,120.00
Gammana,43.10,450.00,250.00,120.00
Morakele,43.90,450.00,250.00,120.00
Pallewela,43.91,450.00,250.00,120.00
Katukurunda,44.68,450.00,250.00,120.00
Kochchikade,45.05,450.00,250.00,120.00
Ganegoda,46.21,500.00,250.00,120.00
Waga,46.30,500.00,250.00,120.00
Waikkala,46.65,500.00,250.00,120.00
Payagala North,48.05,500.00,250.00,120.00
Kadugoda,48.67,500.00,250.00,120.00
Bolawatta,48.88,500.00,250.00,120.00
Wijaya Rajadahana,49.10,500.00,250.00,120.00
Payagala South,49.26,500.00,250.00,140.00
Mirigama,50.27,500.00,250.00,140.00
Maggona,51.16,500.00,250.00,140.00
Kosgama,51.34,500.00,250.00,140.00
Boralessa,51.38,500.00,250.00,140.00
Wilwatta,52.11,550.00,300.00,140.00
Beruwala,54.33,550.00,300.00,140.00
Lunuwila,54.35,550.00,300.00,140.00
Bothale,54.43,550.00,300.00,140.00
Ambepussa,56.22,550.00,300.00,140.00
Hettimulla,56.52,550.00,300.00,140.00
Puwakpitiya,57.47,550.00,300.00,140.00
Thummodara,59.32,600.00,300.00,140.00
Aluthgama,59.67,600.00,300.00,140.00
Yattalgoda,59.85,600.00,300.00,140.00
Bentota,60.97,600.00,300.00,160.00
Avissawella,61.18,600.00,300.00,160.00
Bujjomuwa,61.87,600.00,300.00,160.00
Naththandiya,62.20,600.00,300.00,160.00
Induruwa,64.95,600.00,300.00,160.00
Walahapitiya,65.16,600.00,300.00,160.00
Alawwa,65.67,600.00,300.00,160.00
Maha Induruwa,67.64,650.00,350.00,160.00
Kudawewa,67.78,650.00,350.00,160.00
Walakumbura,69.78,650.00,350.00,160.00
Nelumpokuna,70.69,650.00,350.00,160.00
Kosgoda,71.08,650.00,350.00,160.00
Madampe,72.00,650.00,350.00,160.00
Piyagama,72.52,650.00,350.00,180.00
Polgahawela,73.83,650.00,350.00,180.00
Ahungalla,73.99,700.00,350.00,180.00
Pathegamgoda,76.11,700.00,350.00,180.00
Kakkapalliya,76.42,700.00,350.00,180.00
Panaliya,77.87,700.00,350.00,180.00
Balapitiya,78.21,700.00,350.00,180.00
Thismalpola,78.95,700.00,350.00,180.00
Girambe,79.29,700.00,350.00,180.00
Sawarana,79.66,700.00,350.00,180.00
Andadola,79.74,700.00,350.00,180.00
Thalawattegedara,81.12,700.00,350.00,180.00
Kandegoda,81.46,750.00,400.00,180.00
Chilaw,82.46,750.00,400.00,180.00
Yatagama,82.56,750.00,400.00,180.00
Ambalangoda,83.14,750.00,400.00,180.00
Rambukkana,84.44,750.00,400.00,200.00
Madampagama,85.87,750.00,400.00,200.00
Pothuhera,86.27,750.00,400.00,200.00
Akurala,87.83,750.00,400.00,200.00
Manuwangama,88.83,800.00,400.00,200.00
Kahawe,89.30,800.00,400.00,200.00
Kadigamuwa,90.24,800.00,400.00,200.00
Nailiya,91.67,800.00,400.00,200.00
Bangadeniya,91.69,800.00,400.00,200.00
Thelwatta,91.98,800.00,400.00,200.00
Sinigama,92.73,800.00,400.00,200.00
Gangoda,93.81,800.00,400.00,200.00
Hikkaduwa,95.14,800.00,400.00,200.00
Kurunegala,95.27,800.00,400.00,200.00
Ihala Kotte,96.08,850.00,450.00,220.00
Arachchikattuwa,96.15,850.00,450.00,220.00
Muthtettugala,97.76,850.00,450.00,220.00
Thiranagama,97.89,850.00,450.00,220.00
Kumarakanda,99.60,850.00,450.00,220.00
Anawilundawa,99.69,850.00,450.00,220.00
Balana,101.07,850.00,450.00,220.00
Dodanduwa,101.53,850.00,450.00,220.00
Baththuluoya,101.93,850.00,450.00,220.00
Rathgama,102.56,850.00,450.00,220.00
Wellawa,105.00,900.00,450.00,220.00
Kadugannawa,105.54,900.00,450.00,220.00
Bussa,105.74,900.00,450.00,220.00
Pulichchakulama,106.20,900.00,450.00,220.00
Gintota,108.31,900.00,450.00,220.00
Pilimathalawa,109.45,900.00,450.00,240.00
Mundalama,109.77,900.00,450.00,240.00
Piyadigama,109.98,900.00,450.00,240.00
Richmond Hill,111.42,900.00,450.00,240.00
Galle,113.89,950.00,500.00,240.00
Peradeniya Jnc,114.85,950.00,500.00,240.00
Sarasavi Uyana,115.69,950.00,500.00,240.00
Ganewatta,116.72,950.00,500.00,240.00
Mangalaeliya,116.73,950.00,500.00,240.00
Koshinna,117.36,950.00,500.00,240.00
Katugoda,118.28,950.00,500.00,240.00
Unawatuna,119.53,950.00,500.00,240.00
Gelioya,119.54,950.00,500.00,240.00
Kandy,120.74,950.00,500.00,240.00
Madurankuliya,121.67,950.00,500.00,240.00
Mahaiyawa,122.40,1000.00,500.00,240.00
Hiriyala,123.46,1000.00,500.00,240.00
Talpe,124.35,1000.00,500.00,260.00
Katugastota,126.29,1000.00,500.00,260.00
Gampola,126.93,1000.00,500.00,260.00
Habaraduwa,127.39,1000.00,500.00,260.00
Pallethalawinna,127.66,1000.00,500.00,260.00
Udathalawinna,128.78,1000.00,500.00,260.00
Irukkulampiddi Nagawillu,128.90,1000.00,500.00,260.00
Nagollagama,129.05,1000.00,500.00,260.00
Koggala,129.11,1000.00,500.00,260.00
Palavi,130.47,1000.00,500.00,260.00
Meegammana,130.69,1000.00,500.00,260.00
Thembiligala,130.87,1050.00,550.00,260.00
Kathaluwa,131.29,1050.00,550.00,260.00
Thilladiya,132.26,1050.00,550.00,260.00
Wattegama,132.89,1050.00,550.00,260.00
Thimbiriyagedara,132.93,1050.00,550.00,260.00
Ahangama,134.17,1050.00,550.00,260.00
Ulapane,134.31,1050.00,550.00,260.00
Puttalam,135.12,1050.00,550.00,260.00
Pathanpaha,137.42,1050.00,550.00,260.00
Medigama,137.67,1050.00,550.00,260.00
Maho Jnc,138.59,1050.00,550.00,280.00
Noor Nagar,139.10,1050.00,550.00,280.00
Kumbalgama,139.20,1050.00,550.00,280.00
Navalapitiya,141.52,1100.00,550.00,280.00
Udaththawala,141.77,1100.00,550.00,280.00
Randenigama,141.92,1100.00,550.00,280.00
Weligama,142.83,1100.00,550.00,280.00
Ukuwela,143.02,1100.00,550.00,280.00
Polwathumodara,146.26,1100.00,550.00,280.00
Inguruoya,147.31,1100.00,550.00,280.00
Mirissa,147.56,1100.00,550.00,280.00
Matale,148.61,1150.00,600.00,280.00
Konwewa,149.06,1150.00,600.00,280.00
Ambanpola,150.26,1150.00,600.00,280.00
Kamburugamuwa,151.36,1150.00,600.00,280.00
Galboda,152.86,1150.00,600.00,300.00
Walgama,154.10,1150.00,600.00,300.00
Ranamukgama,155.96,1150.00,600.00,300.00
Matara,156.82,1150.00,600.00,300.00
Piliduwa,158.39,1200.00,600.00,300.00
Moragollagama,159.94,1200.00,600.00,300.00
Galgamuwa,160.24,1200.00,600.00,300.00
Weherahena,160.77,1200.00,600.00,300.00
Watawala,162.10,1200.00,600.00,300.00
Kekanadura,163.17,1200.00,600.00,300.00
Ihala Watawala,165.31,1200.00,600.00,300.00
Siyambalangamuwa,165.53,1200.00,600.00,300.00
Rozella,167.79,1250.00,650.00,320.00
Bmbarenda,170.06,1250.00,650.00,320.00
Senarathgama,170.08,1250.00,650.00,320.00
Negama,171.81,1250.00,650.00,320.00
Wewurukannala,174.27,1250.00,650.00,320.00
Hatton,174.91,1250.00,650.00,320.00
Awkana,176.08,1300.00,650.00,320.00
Thambuttegama,178.96,1300.00,650.00,320.00
Kalawewa,179.28,1300.00,650.00,320.00
Kotagala,179.97,1300.00,650.00,320.00
Beliatta,183.23,1300.00,650.00,340.00
Thalawakele,187.86,1350.00,700.00,340.00
Kekirawa,188.45,1350.00,700.00,340.00
Talawa,189.94,1350.00,700.00,340.00
Watagoda,194.30,1400.00,700.00,340.00
Shrawasthipura,198.40,1400.00,700.00,360.00
Horiwila,199.27,1400.00,700.00,360.00
Great Western,199.31,1400.00,700.00,360.00
A'Pura New Town,202.06,1400.00,700.00,360.00
Radella,202.71,1400.00,700.00,360.00
Palugaswewa,203.20,1450.00,750.00,360.00
Anuradhapura,204.94,1450.00,750.00,360.00
Mihintale Jnc,206.44,1450.00,750.00,360.00
Nanuoya,207.06,1450.00,750.00,360.00
Habarana,210.24,1450.00,750.00,360.00
Saliyapura,210.67,1450.00,750.00,360.00
Perakumpura,212.21,1450.00,750.00,380.00
Parasangaswewa,217.73,1500.00,750.00,380.00
Mihintale,219.94,1500.00,750.00,380.00
Medagama,221.20,1500.00,750.00,380.00
Ambewela,221.50,1500.00,750.00,380.00
Hathares Kotuwa,223.30,1500.00,750.00,380.00
Pattipola,224.93,1500.00,750.00,380.00
Galoya Jnc,226.68,1550.00,800.00,380.00
Medawachchiya Jnc,230.92,1550.00,800.00,400.00
Ohiya,231.64,1550.00,800.00,400.00
Minneriya,236.14,1550.00,800.00,400.00
Punewa,237.65,1600.00,800.00,400.00
Idalgashinna,240.56,1600.00,800.00,400.00
Neriyakulam,243.70,1600.00,800.00,400.00
Hingurakgoda,243.76,1600.00,800.00,400.00
Aluthoya,245.31,1600.00,800.00,400.00
Haputale,247.97,1600.00,800.00,400.00
Irattaperiyakulam,249.04,1650.00,850.00,420.00
Jayanthipura,249.07,1650.00,850.00,420.00
Agbopura,251.96,1650.00,850.00,420.00
Laksha Uyana,252.15,1650.00,850.00,420.00
Weddikulam,252.24,1650.00,850.00,420.00
Diyathalawa,253.08,1650.00,850.00,420.00
Vavniya,254.36,1650.00,850.00,420.00
Perakum Uyana,254.47,1650.00,850.00,420.00
Kantale,256.38,1650.00,850.00,420.00
Tandikulam,257.08,1650.00,850.00,420.00
Bandarawela,259.15,1650.00,850.00,420.00
Polonnaruwa,259.70,1700.00,850.00,420.00
Kinigama,261.45,1700.00,850.00,420.00
Gallella,264.12,1700.00,850.00,420.00
Heeloya,265.37,1700.00,850.00,420.00
Omanthei,267.13,1700.00,850.00,440.00
Mollipothana,268.49,1700.00,850.00,440.00
Manampitiya,269.58,1700.00,850.00,440.00
Kithal Ella,269.73,1700.00,850.00,440.00
Ella,271.59,1750.00,900.00,440.00
Madu Road,273.91,1750.00,900.00,440.00
Thambalagamuwa,275.08,1750.00,900.00,440.00
Demodara,277.72,1750.00,900.00,440.00
Puliyankulama,278.31,1750.00,900.00,440.00
Sewanapitiya,278.90,1750.00,900.00,440.00
Uduwara,283.22,1800.00,900.00,440.00
Welikanda,286.01,1800.00,900.00,460.00
Hali Ela,286.60,1800.00,900.00,460.00
Murukkan,286.74,1800.00,900.00,460.00
China Bay,290.31,1800.00,900.00,460.00
Badulla,292.39,1800.00,900.00,460.00
Mathottam,295.08,1850.00,950.00,460.00
Tricomalee,296.91,1850.00,950.00,460.00
Ridithenna,297.05,1850.00,950.00,460.00
Mankulam,299.56,1850.00,950.00,460.00
Thirukethiswaram,300.43,1850.00,950.00,460.00
Punani,301.51,1850.00,950.00,460.00
Mannar,309.98,1900.00,950.00,480.00
Kadadasi Nagar,315.77,1900.00,950.00,480.00
Murukandi,316.43,1950.00,1000.00,480.00
Thoddaveli,316.84,1950.00,1000.00,480.00
Walachchena,319.13,1950.00,1000.00,480.00
Araviyanagar,320.00,1950.00,1000.00,480.00
Kalkuda,322.04,1950.00,1000.00,500.00
Pesalai,324.91,1950.00,1000.00,500.00
Dewapuram,330.10,2000.00,1000.00,500.00
Kilinochchi,330.32,2000.00,1000.00,500.00
Thalaimannar,334.75,2000.00,1000.00,500.00
Vandaramulle,335.17,2000.00,1000.00,500.00
Paranthan,335.75,2000.00,1000.00,500.00
Talaimannar Pier,336.97,2000.00,1000.00,500.00
Eravur,337.15,2000.00,1000.00,500.00
Eliphant Pass,342.76,2050.00,1050.00,520.00
Baticaloa,349.69,2050.00,1050.00,520.00
Palai,357.72,2100.00,1050.00,540.00
Eluthumattuwal,365.11,2150.00,1100.00,540.00
Mirusuwil,369.78,2150.00,1100.00,540.00
Kodikamam,372.68,2150.00,1100.00,540.00
Mesalai,376.02,2200.00,1100.00,560.00
Sankathanai,378.16,2200.00,1100.00,560.00
Chawakachcheri,379.99,2200.00,1100.00,560.00
Thachchanthoppu,385.55,2250.00,1150.00,560.00
Navatkuli,388.64,2250.00,1150.00,560.00
Pungankulam,393.66,2250.00,1150.00,580.00
Jaffna,395.83,2250.00,1150.00,580.00
Kokavil,398.64,2300.00,1150.00,580.00
Kondavil,400.40,2300.00,1150.00,580.00
Inuvil,402.92,2300.00,1150.00,580.00
Chunnakam,405.24,2300.00,1150.00,580.00
Mallakam,406.99,2300.00,1150.00,580.00
Thellipalai,409.46,2350.00,1200.00,580.00
Mavittapuram,411.13,2350.00,1200.00,580.00
Kankasnthurai,413.29,2350.00,1200.00,600.00
