osm_id,name,name_en,name_si,name_ta,type,operator,lat,lon
61602732,Boossa,Boossa,,,stop,,6.0738123,80.1610723
61602781,Kumarakanda,Kumarakanda,,,station,,6.1124485,80.1242871
87762356,Piyadigama,Piyadigama,,,station,,6.0536503,80.1909694
91029612,Thiranagama,Thiranagama,,,station,,6.1223145,80.1143858
91032773,Colombo Fort,Colombo Fort,,,stop,,6.933429,79.8501417
91036830,Gintota,Gintota,,,station,,6.0606665,80.1793892
92056348,Koralawalla,Koralawalla,,,stop,,6.7584407,79.885868
92057835,Kalutara North,Kalutara North,,,stop,,6.6011889,79.9542714
92058178,Kalutara South,Kalutara South,,,stop,,6.5841279,79.9588324
92058899,Payagala South,Payagala South,,,station,,6.5218897,79.9789255
92124678,Dodanduwa,Dodanduwa,,,station,,6.0981764,80.1328946
92126801,Hikkaduwa,Hikkaduwa,,,stop,,6.1420626,80.1001655
92126866,Seenigama,Seenigama,,,station,,6.1586793,80.094758
92126920,Kahawe,Kahawe,,,station,,6.1831844,80.073997
92128330,Madampagama,Madampagama,,,station,,6.2122769,80.0612425
92128460,Ambalangoda,Ambalangoda,,,stop,,6.2353669,80.055039
92128703,Balapitiya,Balapitiya,,,station,,6.2764631,80.0433723
92128815,Ahungalla,Ahungalla,,,station,,6.3127714,80.0375793
92128871,Kosgoda,Kosgoda,,,station,,6.3385359,80.0294476
92129026,Richmond Hill,Richmond Hill,,,station,,6.0539303,80.2048071
92132195,Secretariat Halt,Secretariat Halt,,,station,Sri Lanka Railways,6.9314456,79.8460198
304322071,Wanawasala,Wanawasala,,,station,,6.9755509,79.8993572
304322081,Kelaniya,Kelaniya,,,stop,,6.961086,79.8944452
338554325,Watagoda,Watagoda,,,station,,6.9688843,80.6528447
338554410,Nanu Oya,Nanu Oya,,,stop,,6.9420041,80.7436944
338556166,Hatton,Hatton,,,stop,,6.893154,80.5979204
347323226,Bujjomuwa,Bujjomuwa,,,station,,7.2731777,80.2106384
347323232,Yaththalgoda,Yaththalgoda,,,station,,7.270437,80.1943101
347323242,Ambepussa Railway Station,Ambepussa Railway Station,,,station,,7.2559962,80.1693049
347323250,Botale,Botale,,,station,,7.2565981,80.1531824
347323266,Ganegoda,Ganegoda,,,stop,,7.21302,80.1051152
347323315,Batuwatta,Batuwatta,,,station,,7.0551005,79.9372147
603033669,Pattipola,Pattipola,,,stop,,6.8558983,80.8306671
603086758,Bandarawela,Bandarawela,,,stop,,6.8290181,80.9875618
619234325,Dematagoda,Dematagoda,,,station,,6.937547,79.8790153
634166497,Ganemulla,Ganemulla,,,stop,,7.0685069,79.96072
636946692,Yagoda,Yagoda,,,stop,,7.0747579,79.9738051
652384045,Angulana,Angulana,,,stop,,6.7988179,79.8725697
665685892,Lunawa,Lunawa,,,stop,,6.7866285,79.8754509
665685930,Moratuwa,Moratuwa,,,stop,,6.7743618,79.881688
892780200,Watawala,Watawala,,,stop,,6.9620154,80.5262607
892780206,Great Western,Great Western,,,station,,6.9572412,80.6891016
897870746,Talawakele,Talawakele,,,station,,6.9400481,80.6609908
1128186658,Kottawa,Kottawa,,,stop,,6.8438175,79.9682745
1128186839,Godagama,Godagama,,,stop,,6.8478621,80.032859
1128186990,Malapalla,Malapalla,,,stop,,6.8440633,79.9750349
1128187926,Cotta Road,Cotta Road,,,station,,6.9133542,79.8845224
1128188042,Kirulapona,Kirulapona,,,station,,6.8830467,79.8828978
1128188061,Homagama Hospital,Homagama Hospital,,,stop,,6.8456887,79.9924059
1128188069,Nawinna,Nawinna,,,station,,6.8528888,79.9178611
1128188241,Homagama,Homagama,,,stop,,6.8456359,80.0042444
1128188513,Avissawella,Avissawella,,,station,,6.954549,80.2070547
1128190078,Nugegoda,Nugegoda,,,stop,,6.8721246,79.8904368
1128190666,Maharagama,Maharagama,,,stop,,6.8480421,79.9272033
1128190754,Narahenpita,Narahenpita,,,station,,6.8969122,79.8780613
1128190833,Watareka,Watareka,,,stop,,6.8432048,80.0598725
1128191192,Puwakpitiya,Puwakpitiya,,,stop,,6.9336967,80.1880406
1128191571,Kosgama,Kosgama,,,station,,6.9406031,80.1372925
1128191687,Waga,Waga,,,station,,6.9013533,80.1276619
1128191760,Meegoda,Meegoda,,,stop,,6.8434719,80.0462565
1128192420,Meegoda,Meegoda,,,stop,,6.8435416,80.0469447
1128192639,Udahamulla,Udahamulla,,,station,,6.8622118,79.9087271
1128192870,Pannipitiya,Pannipitiya,,,stop,,6.847409,79.948894
1128193060,Padukka,Padukka,,,station,,6.8427474,80.0911536
1128193546,Maradana,Maradana,,,stop,,6.9292111,79.8660256
1128194135,Panagoda,Panagoda,,,stop,,6.8469656,80.0190255
1128194191,Baseline Road,Baseline Road,,,station,,6.926363,79.8785882
1137448708,Chilaw,Chilaw,,,station,,7.5757856,79.7909316
1137449047,Manuwangama,Manuwangama,,,station,,7.6006132,79.8274738
1137449199,Kiriyankalli,Kiriyankalli,,,station,,7.7571732,79.8282517
1137449334,Walahapitiya,Walahapitiya,,,station,,7.439463,79.8591858
1137449404,Kudawewa,Kudawewa,,,station,,7.4621812,79.8530119
1137449524,Kakkapalliya,Kakkapalliya,,,station,,7.5328175,79.8227037
1137449545,Noor Nagar,Noor Nagar,,,stop,,8.0359754,79.8398846
1137449657,Madampe,Madampe,,,stop,,7.4969019,79.8414179
1137449691,Mundalama,Mundalama,,,station,,7.7975461,79.8256822
1137449694,Bangadeniya,Bangadeniya,,,station,,7.6272671,79.8286013
1138324718,Pinwatta,Pinwatta,,,station,Sri Lanka Railways,6.6859877,79.9159943
1138324992,Katukurunda,Katukurunda,,,station,,6.5601254,79.9661171
1138325584,Egoda Uyana,Egoda Uyana,,,stop,,6.7429002,79.8915809
1138479649,Induruwa,Induruwa,,,station,,6.3873819,80.0086384
1138479797,Maha Induruwa,Maha Induruwa,,,station,,6.3643888,80.0139361
1138479999,Maggona,Maggona,,,station,,6.5048876,79.9813658
1138480165,Kandegoda,Kandegoda,,,station,,6.2501907,80.0529169
1138480606,Beruwala,Beruwala,,,station,,6.4769437,79.983632
1138481003,Payagala North,Payagala North,,,station,,6.5315528,79.9750435
1138523553,Ahangama,Ahangama,,,stop,,5.9732985,80.3638373
1138562255,Akurala,Akurala,,,station,,6.1920745,80.0647968
1138577561,Rathgama,Rathgama,,,station,,6.09335,80.1401109
1139209103,Telwatte,Telwatte,,,station,,6.169066,80.0888763
1139248016,Matara,Matara,,,stop,,5.9518499,80.5431201
1139248175,Unawatuna,Unawatuna,,,station,,6.0220651,80.2492172
1139271789,Walpola,Walpola,,,stop,,7.0472812,79.9311044
1139279942,Bulugahagoda,Bulugahagoda,,,station,,7.0655794,79.9454477
1140291390,Polgahawela Junction,Polgahawela Junction,,,station,,7.3307027,80.3011647
1140291626,Wilwatta,Wilwatta,,,station,,7.2563223,80.1354324
1140291685,Mirigama,Mirigama,,,station,,7.2425912,80.1265584
1140291692,Alawwa,Alawwa,,,station,SLR,7.2934242,80.2386365
1143313572,Hiriyala,Hiriyala,,,station,,7.6975804,80.3397981
1143313787,Ambanpola,Ambanpola,,,station,,7.9188843,80.2461079
1143313912,Muttetugala,Muttetugala,,,station,,7.4956732,80.3791226
1143313922,Srawasthipura,Srawasthipura,,,station,,8.2987964,80.3769783
1143313926,Wellawa,Wellawa,,,stop,,7.5596868,80.3663769
1143314135,Nailiya,Nailiya,,,station,,7.449891,80.3587223
1143314167,Maho Junction,Maho Junction,,,station,,7.8231561,80.2750922
1143314365,Girambe,Girambe,,,stop,,7.3645822,80.3024624
1143314395,Timbiriyagedara,Timbiriyagedara,,,stop,,7.7812946,80.2977824
1143314565,Talawa,Talawa,,,station,,8.231752,80.348274
1143314621,Kurunegala,Kurunegala,,,stop,,7.4768558,80.3742092
1143314681,Thambuttegama,Thambuttegama,,,station,,8.1543184,80.3038834
1143315265,Pothuhera,Pothuhera,,,station,,7.4198455,80.3274809
1143315296,Anuradhapura New Town,Anuradhapura New Town,,,halt,,8.321327,80.3992715
1143315442,Thalawattegedara,Thalawattegedara,,,station,,7.3878803,80.3016136
1144853746,Mihintale,Mihintale,,,station,,8.3586214,80.5016942
1144860774,Mihintale Junction,Mihintale Junction,,,stop,,8.3592744,80.4186764
1146140491,Thandikulam,Thandikulam,,,station,,8.7782563,80.4850221
1146140887,Parasangaswewa Railway Station,Parasangaswewa Railway Station,,,station,,8.4453692,80.4315165
1146141193,Vavuniya,Vavuniya,,வவுனியா,stop,,8.753872,80.4935748
1146141350,Medawachchiya,Medawachchiya,,,station,,8.5545098,80.4581661
1146591688,Murikandi-Kokavil,Murikandi-Kokavil,,,station,,9.2063495,80.4175742
1146591808,Omanthai,Omanthai,,,stop,,8.8652738,80.5011378
1146591924,Ariviyal Nagar,Ariviyal Nagar,අරිවියල් නගර්,அறிவியல் நகர்,station,,9.3187473,80.4076622
1148494560,Meesalai,Meesalai,,மீசாலை,station,,9.6735961,80.1889621
1148494958,Elephant Pass,Elephant Pass,,ஆனையிறவு,station,,9.5023899,80.4058641
1148494963,Chavakachcheri,Chavakachcheri,,சாவகச்சேரி,station,,9.6571317,80.1584591
1148494997,Kodaikamam,Kodaikamam,,,station,,9.6813106,80.2193279
1148495492,Eluthumadduval,Eluthumadduval,,எழுதுமட்டுவாழ்,station,,9.661095,80.2656514
1148495642,Kachcheri,Kachcheri,,,stop,,9.6625406,80.0287348
1148495879,Jaffna,Jaffna,යාපනය,யாழ்ப்பாணம்,stop,,9.6656214,80.0207926
1148496040,Punkankulam,Punkankulam,,புங்கங்குளம்,station,,9.6593033,80.0382833
1168787852,Mannar,Mannar,,,stop,,8.9712618,79.8936626
1168787880,Pesalai,Pesalai,,,station,,9.0823153,79.8227946
1168788044,Talaimannar,Talaimannar,,தலைமன்னார்,station,,9.1033259,79.7298828
1168900232,Kekirawa,Kekirawa,,,station,,8.0584532,80.5814517
1169246067,Habarana,Habarana,,,station,,8.0573101,80.7695893
1169246212,Galoya Junction Railway Station,Galoya Junction Railway Station,,,station,,8.1377809,80.8658177
1171391608,Agbopura,Agbopura,,,station,,8.3267329,80.9796646
1171391647,Kantale,Kantale,,,station,,8.3562353,81.0062054
1172969921,Trincomalee,Trincomalee,,திருகோணமலை புகையிரத நிலையம்,station,,8.5844138,81.2262012
1172970228,China Bay,China Bay,,,station,,8.556397,81.1904552
1173326087,Polonnaruwa,Polonnaruwa,,,station,,7.9301686,81.0333406
1173326127,Minneriya,Minneriya,,,halt,,8.0653841,80.8947665
1173326289,Hingurakgoda,Hingurakgoda,,,stop,,8.0396028,80.9513898
1173360791,Manampitiya,Manampitiya,,,stop,,7.909711,81.1100829
1173676348,Parakum Uyana,Parakum Uyana,,,halt,,7.9735976,81.0178049
1173695483,Eravur,Eravur,,,station,,7.7855975,81.6044408
1173695522,Valaichchenai,Valaichchenai,,,station,,7.9102735,81.5318574
1175898701,Wattegama,Wattegama,,,station,,7.350651,80.6825578
1175898763,Ihalakotte,Ihalakotte,,,station,,7.2887,80.469259
1175899299,Meegammana,Meegammana,,,stop,,7.3404864,80.6670603
1175899400,Pilimatalawa,Pilimatalawa,,,stop,Sri Lanka Railways,7.2667456,80.5525836
1175899472,Palle Talawinna,Palle Talawinna,,,stop,,7.3379203,80.6415424
1175899816,Uda Talawinna,Uda Talawinna,,,stop,,7.339616,80.6512935
1175900259,Ukuwela,Ukuwela,,,station,,7.4203771,80.634167
1175901018,Balana,Balana,,,station,,7.2667493,80.489353
1175901078,Matale,Matale,,,station,,7.467966,80.6248632
1175901262,Panaliya,Panaliya,,,station,,7.3286016,80.3253063
1175902629,Elwala,Elwala,,,stop,,7.4417016,80.6321682
1175902881,Kadugannawa,Kadugannawa,,,station,,7.2577827,80.5207503
1175903641,Sarasavi Uyana,Sarasavi Uyana,,,stop,,7.259918,80.59656
1175904246,Katugastota,Katugastota,,,station,,7.3304714,80.6329636
1175904396,Kadigamuwa,Kadigamuwa,,,stop,,7.3180165,80.433375
1176188609,Weligalla,Weligalla,,,stop,,7.1893378,80.5930596
1176188739,Koshinna,Koshinna,,,station,,7.2335858,80.5950443
1176188799,Peradeniya Jct.,Peradeniya Jct.,,,stop,,7.2571769,80.5902876
1177231213,Ulapane,Ulapane,,,station,,7.1082827,80.5597211
1177231929,Tembligala,Tembligala,,,halt,,7.1331823,80.559258
1177512170,Galboda,Galboda,,,station,,6.9860278,80.5300581
1177512252,Rozelle,Rozelle,,,station,,6.9348701,80.5587202
1177512876,Ihala Watawala,Ihala Watawala,,,station,,6.9481148,80.542167
1177513749,Inguru Oya,Inguru Oya,,,station,,7.018222,80.5457206
1177732867,Ambewela,Ambewela,,,stop,,6.8774121,80.8144885
1177733101,Perakumpura,Perakumpura,,,stop,,6.9197912,80.7536019
1178458137,Diyatalawa,Diyatalawa,,,stop,,6.8020198,80.9591804
1178458796,Ohiya,Ohiya,,,station,,6.8177121,80.8430198
1178458840,Haputale,Haputale,,,stop,,6.7682444,80.9576349
1178458977,Idalgashinna,Idalgashinna,,,station,,6.7793989,80.8968826
1179883912,Kinigama,Kinigama,,,stop,,6.8298174,81.0058894
1179884206,Ella,Ella,,,stop,,6.8758933,81.0472403
1179884414,Hali-Ela,Hali-Ela,,,station,,6.9539582,81.0334492
1179884454,Demodera,Demodera,,,station,,6.9029362,81.0627711
1179884512,Kithalella,Kithalella,,,stop,,6.8612186,81.043206
1179884631,Uduwara,Uduwara,,,stop,,6.9315996,81.0421975
1179884638,Heeloya,Heeloya,,,stop,,6.8442279,81.025766
1179885154,Badulla,Badulla,,,stop,,6.9799535,81.0597468
1241539413,Laksha Uyana,Laksha Uyana,,,halt,,7.9882828,80.9968624
1473127660,,,,,station,,7.3615637,79.8590908
1606321555,Aluthgama,Aluthgama,,,stop,,6.4323502,80.0004365
1606321633,Aluthgama,Aluthgama,,,stop,,6.4323352,80.0002675
1685297495,Kumbalgama,Kumbalgama,,,station,,5.9636625,80.4096817
1685576493,Midigama,Midigama,,,station,,5.9651656,80.3914881
1728255091,Thampalakamam,Thampalakamam,,,station,,8.498339,81.0953498
1728263431,Ganthalawa,Ganthalawa,,,station,,8.4165855,81.036773
1728263442,Mullipotana,Mullipotana,,,station,,8.4450308,81.0618736
1728286789,Ganewatte,Ganewatte,,,station,,7.6550184,80.3486525
1728286790,Wellawa,Wellawa,,,station,,7.5596275,80.3661793
1728286792,Galgamuwa,Galgamuwa,,,station,,8.0021635,80.2715285
1728294289,Nagollagama,Nagollagama,,,station,,7.7538118,80.314565
1856813120,Girambe,Girambe,,,station,,7.3646496,80.3025304
1862832376,Pinnawala,Pinnawala,,,station,,6.8693009,80.1173053
1880451289,Kalkudah,Kalkudah,,,halt,,7.8966092,81.5538496
1880451301,Punani,Punani,,,stop,,7.9638067,81.3872309
1895581441,Batticaloa,Batticaloa,,,stop,,7.7246613,81.6989197
2078330515,Peradeniya Jct.,Peradeniya Jct.,,,stop,,7.2555349,80.589315
2285196541,Jayanthipura,Jayanthipura,,,halt,,8.0049706,80.9835498
2407528062,Colombo Fort,Colombo Fort,,,stop,,6.933607,79.8507168
2407541253,Colombo Fort,Colombo Fort,,,stop,,6.9336373,79.8507172
2418525046,Weligama Railway Station,Weligama Railway Station,,,stop,,5.9756587,80.4294529
2609096345,Mawilmada,Mawilmada,,,halt,,7.3191816,80.6310223
2609189555,Mahaiyawa,Mahaiyawa,,,stop,,7.3038899,80.6341855
2638007020,Nanu Oya,Nanu Oya,,,stop,,6.9420158,80.7435909
2638161115,Peradeniya Jct.,Peradeniya Jct.,,,stop,,7.2574373,80.5902675
2648621418,Colombo Fort,Colombo Fort,,,stop,,6.9330786,79.8500484
2648621421,Colombo Fort,Colombo Fort,,,stop,,6.933171,79.8501117
2648621423,Colombo Fort,Colombo Fort,,,stop,,6.9332057,79.8501155
2648621425,Colombo Fort,Colombo Fort,,,stop,,6.9332985,79.8501276
2648621427,Colombo Fort,Colombo Fort,,,stop,,6.9333315,79.8501288
2648621430,Colombo Fort,Colombo Fort,,,stop,,6.9334603,79.8501407
2648621432,Colombo Fort,Colombo Fort,,,stop,,6.9335444,79.8501412
2648621439,Kelaniya,Kelaniya,,,station,,6.9610592,79.8944725
2648621441,Kelaniya,Kelaniya,,,stop,,6.9611077,79.8943892
2648621444,Kelaniya,Kelaniya,,,stop,,6.9611497,79.8943064
2648621446,Maradana,Maradana,,,stop,,6.9291366,79.8660655
2648621449,Maradana,Maradana,,,stop,,6.9292654,79.8660161
2648621453,Maradana,Maradana,,,stop,,6.9293826,79.8659617
2648621459,Maradana,Maradana,,,stop,,6.9294197,79.8659418
2648621462,Maradana,Maradana,,,stop,,6.9295125,79.8659074
2648621464,Maradana,Maradana,,,stop,,6.9295353,79.8658893
2648621466,Maradana,Maradana,,,stop,,6.9296603,79.8659106
2648621772,Dematagoda,Dematagoda,,,stop,,6.9374459,79.8789917
2648621774,Dematagoda,Dematagoda,,,stop,,6.9375069,79.8789195
2671478496,Killinochchi,Killinochchi,,,station,,9.3857084,80.4059976
2671478503,Madhu Road,Madhu Road,,,station,,8.7738352,80.1501633
2681885360,Egoda Uyana,Egoda Uyana,,,station,Sri Lanka Railways,6.7429318,79.8916572
2681885364,Moratuwa,Moratuwa,,,station,Sri Lanka Railways,6.7743504,79.8817806
2827497099,Koggala,Koggala,,,stop,,5.986007,80.3316701
2827998406,Radella,Radella,,,stop,,6.944831,80.7167056
2831586566,Anuradhapura School,Anuradhapura School,,,halt,,8.3303177,80.4070693
2831586568,Asokapura,Asokapura,,,halt,,8.3802238,80.478358
2831589091,Samagipura,Samagipura,,,halt,,8.3577798,80.4414589
2831610508,Sevanapitiya,Sevanapitiya,,,halt,,7.9215565,81.1843066
2833605096,Parasangahawewa,Parasangahawewa,,,stop,,8.4453576,80.431413
2833605614,Saliyapura,Saliyapura,,,halt,,8.3899157,80.4223003
2833605615,Siyabalagawewa,Siyabalagawewa,,,halt,,8.4626639,80.4331804
2833605616,Viralmurippuwa,Viralmurippuwa,,,stop,,8.5308036,80.4465792
2837565658,Senarathgama,Senarathgama,,,station,,8.0858801,80.2777081
2839345748,Thambuttegama,Thambuttegama,,,stop,,8.1543827,80.3037773
2839345749,Thambuttegama,Thambuttegama,,,stop,,8.1543891,80.3037401
2839345750,Thambuttegama,Thambuttegama,,,stop,,8.154397,80.303704
2841624940,Sawarana,Sawarana,,,stop,,7.5614676,79.805246
2913824001,Randles Hill,Randles Hill,,,halt,,7.2786883,80.6180787
2918209198,Gelioya Train Station,Gelioya Train Station,,,station,,7.2139104,80.5986203
2943235015,Pallai,Pallai,,,stop,,9.6078105,80.3297886
3091348048,Andadola,Andadola,,,station,,6.2661943,80.0469401
3091350958,Angampitya,Angampitya,,,station,,6.8529835,80.1094043
3091402165,Elwala,Elwala,,,station,,7.4416745,80.6321344
3091412586,Iratperiya Kulam,Iratperiya Kulam,,,station,,8.7095586,80.4811639
3092123008,Gammana,Gammana,,,station,,6.8771479,80.1231952
3092143617,Hatares Kotuwa,Hatares Kotuwa,,,station,,8.1451745,80.8391243
3092187158,Hettimulla,Hettimulla,,,station,,6.4576854,79.9907622
3092194402,Horiwiala,Horiwiala,,,station,,8.0677899,80.6785139
3092204056,Hightenford,Hightenford,,,station,,7.0330481,80.530848
3092276619,Kalawewa,Kalawewa,,,station,,8.0237261,80.5311746
3092287638,Karadipuwal,Karadipuwal,,,station,,8.1353837,79.8639129
3092293129,Kathaluwa,Kathaluwa,,,stop,,5.9826435,80.3404315
3092295473,Keenawala,Keenawala,,,station,,7.1854854,80.0743794
3092346627,Koralawalla,Koralawalla,,,station,Sri Lanka Railways,6.7584506,79.8859478
3092365290,Liyanwala,Liyanwala,,,station,,6.8383604,80.0797169
3092375152,Madurankuli,Madurankuli,මදුරන්කුලිය,மதுரங்குளி,station,Sri Lanka Railways,7.9020671,79.8204737
3092418626,Madegama,Madegama,,,station,,8.4750004,80.4351423
3092419086,Mankulam,Mankulam,,மாங்குளம்,station,,9.12999,80.4445722
3092545086,Mirissa,Mirissa,,,station,,5.9566902,80.4734963
3092551270,Moragollagama,Moragollagama,,,station,,7.905764,80.4221695
3092570865,Morakele,Morakele,,,station,,6.8832238,80.123948
3092584733,Nanu Oya,Nanu Oya,,,station,,6.9420663,80.7436484
3092596010,Negama,Negama,,,station,,7.9799089,80.4835241
3092600710,Neriyakulam,Neriyakulam,,,station,,8.6165845,80.3568548
3092611353,Pallewala,Pallewala,,,station,,7.1983011,80.0899349
3092624215,Palugaswewa,Palugaswewa,,,station,,8.0590196,80.7132576
3092671587,Pangiriwatta,Pangiriwatta,,,station,,6.864956,79.9022473
3092675479,Paranthan,Paranthan,,பரந்தன்,station,,9.4401189,80.407105
3092677804,Pathegamgoda,Pathegamgoda,,,station,,6.297115,80.0415561
3092751586,Patanpaha,Patanpaha,,,station,,7.3840931,80.6616741
3092757203,Penrose,Penrose,,,station,,6.9943143,80.5394705
3092762743,Peradeniya Jct.,Peradeniya Jct.,,,station,Sri Lanka Government Railway,7.2573002,80.5901975
3092775163,Periyanagavillu,Periyanagavillu,,,station,,8.2283858,79.8666104
3092793918,Piyagama,Piyagama,,,station,,6.3290357,80.0335213
3092797789,Polwathumodara,Polwathumodara,,,station,,5.9645346,80.4572358
3092822215,Punewa,Punewa,,,station,,8.6130857,80.462864
3092851447,Puliyankulam,Puliyankulam,,புளியங்குளம்,station,,8.9609281,80.5230039
3092857095,Radella,Radella,,,station,,6.9448004,80.716728
3092858649,Rambukkana,Rambukkana,,,station,,7.3210536,80.3903192
3092896687,Randenigama,Randenigama,,,station,,7.8485354,80.2593352
3092912530,Welikanda,Welikanda,,,station,,7.9471138,81.2503557
3092966618,Sawarana,Sawarana,,,station,,7.5614974,79.805341
3093068369,Timbiriyagedara,Timbiriyagedara,,,station,,7.7812961,80.2976683
3093076279,Tismalpola,Tismalpola,,,station,,7.3217113,80.3431512
3093567807,Viralmurippuwa,Viralmurippuwa,,,station,,8.5308063,80.446541
3093577995,Walakumbura,Walakumbura,,,station,,7.3138576,80.2690495
3093588829,Yatagama,Yatagama,,,station,,7.3186864,80.3641048
3171730535,Thiruketheeswaram,Thiruketheeswaram,,,stop,,8.9154783,79.9478241
3313919778,Pallai,Pallai,,பளை,station,,9.6078751,80.3298414
3315021374,Konwewa,Konwewa,,,station,,7.8507932,80.3491121
3328439842,Polgahanga,Polgahanga,,,halt,,7.1965592,80.5983098
3540412142,Navatkuli,Navatkuli,,நாவற்குழி,station,,9.6616561,80.0814724
3634859066,Beliatte,Beliatte,,,station,,6.0421661,80.7372524
3665942841,Chettikulam Station,Chettikulam Station,,,station,,8.6689844,80.3059036
3770151110,Warakawa,Warakawa,,,halt,,7.0740747,80.5406849
3770166377,Pallegama,Pallegama,,,halt,,7.0837437,80.5526498
3856394476,Pattam Paha,Pattam Paha,,,halt,,7.3807323,80.6621247
3926651383,Ambalangoda,Ambalangoda,,,station,,6.2353754,80.0549325
3948248011,Maho Junction,Maho Junction,,,stop,,7.8231736,80.2749838
3958951994,Sangathanai Railway Station,Sangathanai Railway Station,,சங்கத்தானை தொடருந்து நிலையம்,station,,9.664046,80.1723805
3990565228,Thachanthoppu,Thachanthoppu,,தச்சன்தோப்பு,station,,9.6571772,80.1108181
4030927344,Katunayake,Katunayake,,,stop,,7.167548,79.8720358
4034331784,Rajawatta,Rajawatta,,,halt,,7.2676046,80.6028685
4038338014,Kattuwa,Kattuwa,,,station,Sri Lanka Railways,7.2399357,79.8475622
4038370993,Noor Nagar,Noor Nagar,,,station,Sri Lanka Railways,8.035971,79.8398157
4040439771,Mount Lavinia,Mount Lavinia,,,stop,,6.831684,79.8625654
4075038185,Aselapura,Aselapura,,,halt,,7.9630997,81.2990714
4075039577,Rideethenna,Rideethenna,,,halt,,7.9638576,81.3393687
4075186466,Gallella,Gallella,,,halt,,7.9053038,81.0631516
4076853085,Hathamuna,Hathamuna,,,halt,,8.0190988,80.9692934
4082665324,Hingurakgoda,Hingurakgoda,,,stop,,8.0395866,80.9513543
4085812708,Wadurawa,Wadurawa,,,stop,,7.1678095,80.0661771
4085812728,Keenawala,Keenawala,,,stop,,7.1853594,80.0744676
4085812754,Pallewala,Pallewala,,,stop,,7.1983622,80.0898641
4107397102,Ulapane,Ulapane,,,stop,,7.1083808,80.5597061
4107397170,Gampola,Gampola,,,stop,,7.1621977,80.5669286
4109469966,Rozelle,Rozelle,,,stop,,6.9348343,80.5586678
4109470137,Galboda,Galboda,,,stop,,6.9860457,80.5301667
4109833590,Mirusuvil,Mirusuvil,,மிருசுவில்,station,,9.6741668,80.2432739
4184267518,Wattegama,Wattegama,,,stop,,7.3506907,80.682485
4184267571,Patanpaha,Patanpaha,,,stop,,7.3840641,80.6615362
4184267853,Matale,Matale,,,stop,,7.4679524,80.6249954
4187025142,Matara,Matara,,,stop,,5.9518235,80.543128
4187025346,Talpe,Talpe,,,stop,,5.9986044,80.2801694
4187025379,Katugoda,Katugoda,,,station,,6.0327454,80.2401656
4187025621,Galle,Galle,,,stop,,6.0347766,80.2142541
4187025622,Galle,Galle,,,stop,,6.0347833,80.2142957
4187025628,Galle,Galle,,,stop,,6.0347699,80.2141843
4187419037,Dodanduwa,Dodanduwa,,,stop,,6.0982944,80.1329328
4187419076,Hikkaduwa,Hikkaduwa,,,stop,,6.1420457,80.1001915
4187419164,Ambalangoda,Ambalangoda,,,stop,,6.2353661,80.0550817
4187419414,Balapitiya,Balapitiya,,,stop,,6.2763988,80.0434013
4187419452,Kosgoda,Kosgoda,,,stop,,6.3386321,80.0295765
4187419810,Bentota,Bentota,,,stop,,6.4221857,79.9966032
4187419867,Beruwala,Beruwala,,,stop,,6.4769449,79.9837208
4197715607,Kalutara North,Kalutara North,,,stop,,6.6012196,79.9543105
4197716246,Wadduwa,Wadduwa,,,stop,,6.6631472,79.9284533
4197716349,Wadduwa,Wadduwa,,,station,Sri Lanka Railways,6.6632626,79.9286921
4197716350,Train Halt No. 1,Train Halt No. 1,,,station,,6.6325467,79.9403371
4441664134,Wallahagoda,Wallahagoda,,,halt,,7.1454531,80.5616084
4441664135,Kahatapitiya,Kahatapitiya,,,halt,,7.1678057,80.5727616
4441664137,Bothalapitiya,Bothalapitiya,,,halt,,7.1747194,80.5794478
4441961370,Warakapitiya,Warakapitiya,,,halt,,7.1175228,80.5614805
4567953070,Rideethenna,Rideethenna,,,stop,,7.9638175,81.3393718
4613703731,Erukkalampiddy-Nagavillu Railway station,Erukkalampiddy-Nagavillu Railway station,,,station,,7.9615801,79.8301236
4713806031,Asgiriya,Asgiriya,,,station,,7.2978431,80.6352522
4713839156,Palle Talawinna,Palle Talawinna,,,station,,7.3379695,80.6415662
4713846086,Uda Talawinna,Uda Talawinna,,,station,,7.3395582,80.6513081
4713850107,Meegammana,Meegammana,,,station,,7.3404456,80.6670587
4753572652,Ratmalana,Ratmalana,,,stop,Sri Lanka Railways,6.8151872,79.8668707
4753572657,Mount Lavinia,Mount Lavinia,,,stop,Sri Lanka Railways,6.8317127,79.8627223
4753572670,Angulana,Angulana,,,stop,,6.7988449,79.8727507
4753573110,Angulana,Angulana,,,station,Sri Lanka Railways,6.7988303,79.8727054
4753573335,Lunawa,Lunawa,,,station,Sri Lanka Railways,6.786652,79.8755526
4753573395,Lunawa,Lunawa,,,stop,,6.7866502,79.8756389
4753573658,Koralawalla,Koralawalla,,,stop,,6.7584521,79.8859023
4753573665,Moratuwa,Moratuwa,,,stop,,6.7744287,79.881772
4753573666,Egoda Uyana,Egoda Uyana,,,stop,,6.7429591,79.8917317
4762470007,Colombo Fort,Colombo Fort,,,stop,,6.9330416,79.8500406
4762471168,Bambalapitiya,Bambalapitiya,,,station,,6.8939771,79.8529609
4775762063,Perakumpura Sub Railway,Perakumpura Sub Railway,,,station,,6.9198221,80.7536319
4949449992,Kadigamuwa,Kadigamuwa,,,station,,7.3179288,80.4333295
5172591870,Glenanore Railway Station,Glenanore Railway Station,,,station,,6.7712498,80.9366065
5197210246,Bulugahagoda,Bulugahagoda,,,stop,,7.0656094,79.9453877
5231348686,Ohiya,Ohiya,,,stop,,6.817767,80.8433099
5260460514,Wadurawa Railway Station,Wadurawa Railway Station,,,station,,7.167838,80.0660584
5330253865,Kurunegala,Kurunegala,,,stop,,7.4769573,80.3741986
5338791530,Battulu Oya,Battulu Oya,,,station,,7.7272017,79.8316925
5345932772,Weherahena,Weherahena,,,stop,,5.9570171,80.5779228
5345933452,Bambaranda,Bambaranda,,,station,,5.9705981,80.6607525
5610108237,IPZ - Katunayake South,IPZ - Katunayake South,,,station,,7.157917,79.8752569
5769519427,Kompannavidiya,Kompannavidiya,,,stop,,6.9230566,79.84963
5769546407,Wellawatta,Wellawatta,,,stop,Sri Lanka Railways,6.8750845,79.8575082
5769656114,Yagoda,Yagoda,,,station,,7.0747267,79.9739
5769656115,Ragama,Ragama,,,station,,7.0299493,79.921428
5769656116,Horape,Horape,,,station,,7.0165896,79.918322
5769656117,Enderamulla,Enderamulla,,,station,,7.0004396,79.9068341
5769656118,Hunupitiya,Hunupitiya,,,station,,6.9877406,79.9004906
5769697428,Heendeniya-Pattigoda,Heendeniya-Pattigoda,,,station,,7.1411178,80.0471618
5769697429,Megalegoda,Megalegoda,,,station,,7.1338726,80.0362369
5769697430,Bemmulla,Bemmulla,,,station,,7.1224062,80.0204927
5769697431,Daraluwa,Daraluwa,,,station,,7.1070543,80.0104022
5769697432,Gampaha,Gampaha,,,station,,7.0920985,79.992772
5769702653,Veyangoda,Veyangoda,,,station,,7.1530741,80.0584119
5769719768,Wijayarajadahana,Wijayarajadahana,,,station,,7.2309324,80.1184778
5769838363,Alawathupitiya,Alawathupitiya,,,station,,7.115952,79.8870266
5769838364,Kudahakapola,Kudahakapola,,,station,,7.103893,79.889808
5769838365,Tudella,Tudella,,,station,,7.0929503,79.8909487
5769838366,Ja ela,Ja ela,,,station,,7.0777904,79.8921517
5769838367,Kapuwatta,Kapuwatta,,,station,,7.0629149,79.896002
5769838368,Kandana,Kandana,,,station,,7.04929,79.9015367
5769838369,Peralanda,Peralanda,,,station,,7.0381323,79.9122199
5769840419,Katunayake,Katunayake,,,station,,7.1674441,79.8718829
5785426625,Thoddaweli,Thoddaweli,,,halt,,9.0252665,79.8672988
5793023221,Thoddaweli,Thoddaweli,,,stop,,9.0253274,79.8674256
5847983789,Maradana,Maradana Railway Station,,மருதானை,station,,6.9292373,79.865796
6178170434,Konwewa,Konwewa,,,stop,,7.8507981,80.3492617
6249261987,Murikandy (Kokavil ),Murikandy (Kokavil ),,முறிகண்டி (கொக்காவில் ),stop,,9.271157,80.402452
6258681274,Alawwa,Alawwa,,,stop,,7.293344,80.2386962
6298925921,Boossa,Boossa,,,station,Sri Lanka Railways,6.0739289,80.1611425
6402509511,Wewrukannala,Wewrukannala,,,station,,5.9794925,80.6973864
6459347853,Thillayadi Railway Stattion,Thillayadi Railway Stattion,,,stop,,8.0049692,79.8373903
6541880607,Maradana,Maradana,,,stop,,6.9291109,79.8660817
6541880608,Maradana,Maradana,,,stop,,6.9289937,79.8661549
6541893443,Secretariat,Secretariat,,,stop,,6.9314515,79.8459992
6541893444,Secretariat,Secretariat,,,stop,,6.9314536,79.8460399
6541893445,Kompannavidiya,Kompannavidiya,,,stop,,6.9230676,79.8496594
6541919413,Kompannavidiya,Kompannavidiya,,,station,Sri Lanka Railways,6.9230404,79.8496524
7056363400,Paranthan,Paranthan,,,stop,,9.4401956,80.4070312
7068816111,Punewa,Punewa,,,stop,,8.6130742,80.4629204
7483359602,Kekanadura,Kekanadura,,,station,,5.9606591,80.5990478
7563681771,Kondavil,Kondavil,,,stop,,9.7039888,80.0247376
7563703137,Chunnakam,Chunnakam,,,stop,,9.7458308,80.0333435
7563703164,Tellipalai,Tellipalai,,,stop,,9.7849797,80.0352685
7563703181,Maviddapuram,Maviddapuram,,,stop,,9.7989472,80.038631
7563703339,Kankasanturai,Kankasanturai,,,stop,,9.8144197,80.0479692
7563703340,Kankasanturai,Kankasanturai,,,stop,,9.81449,80.0479692
7571568170,Bambalapitiya,Bambalapitiya,,,station,Sri Lanka Railways,6.893674,79.8529894
7571568171,Kollupitiya,Kollupitiya,,கொள்ளுபிட்டி,station,Sri Lanka Railways,6.9113228,79.8481929
8150743630,Kadugoda,Kadugoda,,,stop,,6.9180634,80.1348493
8158766889,Puwakpitiya,Puwakpitiya,,,station,,6.9337144,80.1880442
8621320078,Badulla,Badulla,,,stop,,6.979976,81.0597665
8621993886,Yatagama,Yatagama,,,stop,,7.3185785,80.3641024
8621993906,Yatagama,Yatagama,,,stop,,7.3186184,80.3641078
8622016574,Panaliya,Panaliya,,,stop,,7.3285613,80.3252614
8692732137,Maho Junction,Maho Junction,,,stop,,7.8231531,80.2749592
8692732152,Maho Junction,Maho Junction,,,stop,,7.8233324,80.2751764
8692732223,Maho Junction,Maho Junction,,,stop,,7.8233178,80.2751429
8692974218,Galoya Junction,Galoya Junction,,,stop,,8.1379587,80.8658016
8692974231,Galoya Junction,Galoya Junction,,,stop,,8.1379202,80.8658043
8692974246,Galoya Junction,Galoya Junction,,,stop,,8.137883,80.8657908
8692974277,Galoya Junction,Galoya Junction,,,stop,,8.1376467,80.8657533
8692974291,Galoya Junction,Galoya Junction,,,stop,,8.1376799,80.8657614
8692974311,Galoya Junction,Galoya Junction,,,stop,,8.1378578,80.8657855
8710649328,Eluthumadduval,Eluthumadduval,,,station,,9.6521856,80.2808064
8731291639,Kodaikamam,Kodaikamam,,,stop,,9.6811031,80.219412
8952547241,Hunupitiya,Hunupitiya,,,stop,,6.9877918,79.9004604
8952547242,Hunupitiya,Hunupitiya,,,stop,,6.987827,79.9003945
8958414235,Avissawella,Avissawella,,,stop,,6.9545037,80.2072783
8958414236,Avissawella,Avissawella,,,stop,,6.9545401,80.2072769
8958414237,Avissawella,Avissawella,,,stop,,6.9546057,80.2072711
8972985817,Ambewela,Ambewela,,,station,,6.8773347,80.8143421
8997200408,Godagama,Godagama,,,station,,6.8479029,80.0328649
9552182535,Ella Railway Station,Ella Railway Station,,,station,,6.876147,81.0474878
9779639998,,,,,station,,9.7041298,80.0246792
9785228872,vavuniya Railway  station,vavuniya Railway  station,,,station,,8.753866,80.4936629
10046923330,Dehiwala,Dehiwala,,,station,Sri Lanka Railways,6.8509082,79.8621137
10050777317,Watareka,Watareka,,,station,,6.8431734,80.0598726
10050777326,Panagoda,Panagoda,,,station,,6.846941,80.0190057
10050777328,Homagama,Homagama,,,station,,6.8456046,80.0042414
10050777335,Homagama Hospital,Homagama Hospital,,,station,,6.8457616,79.992439
10050777338,Malapalla,Malapalla,,,station,,6.8440838,79.9750754
10050777350,Pannipitiya,Pannipitiya,,,station,,6.8473816,79.9488784
10050777356,Maharagama,Maharagama,,,station,,6.8480166,79.9271848
10778985248,Katukurunda,Katukurunda,,,stop,,6.5601145,79.9659321
10964875317,Mallakam,Mallakam,,,stop,,9.761996,80.0326914
10964875322,Inuvil,Inuvil,,,stop,,9.7264579,80.0295313
10964875325,,,,,station,,9.6881931,80.021157
11028932205,Waikkala,Train Station Waikkala,,,halt,,7.2774201,79.8602067
11192254346,"Railway Station, Mannar","Railway Station, Mannar",,,station,,8.9713411,79.8937444
11676326444,Eravur,Eravur,,,stop,,7.7856521,81.604492
11865647292,Kalkudah,Kalkudah,,,stop,,7.8966638,81.5538754
11960031252,Kotagala,Kotagala,,,station,,6.9283117,80.6086713
12389487403,Pilimatalawa,Pilimatalawa,,,station,Sri Lanka Railways,7.2669217,80.5526682
12504514573,Beliatte,Beliatte,,,stop,,6.0422427,80.7370772
12504514588,Beliatte,Beliatte,,,stop,,6.0422674,80.7369757
12504581401,Beliatte,Beliatte,,,stop,,6.0422947,80.7369127
12514925408,Weherahena,Weherahena,,,station,,5.9570646,80.5779236
12628678229,Ella,Ella,,,stop,,6.8759012,81.0472113
12628680967,Uduwara,Uduwara,,,station,,6.9315537,81.0421319
12628682553,Haputale,Haputale,,,stop,,6.7682176,80.9576442
12628683312,Demodera,Demodera,,,stop,,6.9029776,81.0629151
12628683313,Demodera,Demodera,,,stop,,6.9029722,81.0628787
12628685621,Hali-Ela,Hali-Ela,,,stop,,6.9539244,81.033563
12630469761,Wanawasala,Wanawasala,,,stop,,6.9755691,79.8992749
12630469762,Wanawasala,Wanawasala,,,stop,,6.9755732,79.8992201
12630514949,Dematagoda,Dematagoda,,,stop,,6.9374258,79.8790157
12630517189,Enderamulla,Enderamulla,,,stop,,7.0004354,79.9069073
12630517190,Enderamulla,Enderamulla,,,stop,,7.0004223,79.9067672
12630517191,Enderamulla,Enderamulla,,,stop,,7.0004166,79.9067357
12630521145,Kandana,Kandana,,,stop,,7.0493444,79.90164
12630521146,Kandana,Kandana,,,stop,,7.0493253,79.9016042
12630521147,Peralanda,Peralanda,,,stop,,7.038205,79.9122599
12630521148,Peralanda,Peralanda,,,stop,,7.0381852,79.9122459
12630524652,Liyanagemulla,Liyanagemulla,,,stop,,7.147157,79.8782886
12630524653,Seeduwa,Seeduwa,,,stop,,7.1291101,79.8825081
12630524654,Seeduwa,Seeduwa,,,stop,,7.1290817,79.8823684
12630524655,Alawathupitiya,Alawathupitiya,,,stop,,7.1159668,79.8871084
12630524656,Alawathupitiya,Alawathupitiya,,,stop,,7.1159617,79.8870741
12630529402,Kudahakapola,Kudahakapola,,,stop,,7.1038647,79.8897193
12630529403,Kudahakapola,Kudahakapola,,,stop,,7.1038756,79.8897583
12630531704,Ragama,Ragama,,,stop,,7.0297732,79.9214131
12630531705,Ragama,Ragama,,,stop,,7.0297706,79.9213797
12630531706,Ragama,Ragama,,,stop,,7.0297617,79.9212693
12630531707,Horape,Horape,,,stop,,7.0165838,79.9182732
12630531708,Horape,Horape,,,stop,,7.0166096,79.9181885
12630541744,Tudella,Tudella,,,stop,,7.092953,79.8910149
12630541745,Tudella,Tudella,,,stop,,7.0929501,79.8909847
12630541746,Ja ela,Ja ela,,,stop,,7.0778031,79.8921866
12630541747,Ja ela,Ja ela,,,stop,,7.0777825,79.8921097
12630541748,Ja ela,Ja ela,,,stop,,7.0777755,79.8920702
12630541749,Kapuwatta,Kapuwatta,,,stop,,7.0629207,79.8960865
12630541750,Kapuwatta,Kapuwatta,,,stop,,7.0629174,79.896057
12630555744,Kochchikade,Kochchikade,,,stop,,7.2642118,79.8572484
12630555745,Kattuwa,Kattuwa,,,stop,,7.2399301,79.8474812
12630555746,Negombo,Negombo,,,stop,,7.2102961,79.8419988
12630555747,Kurana,Kurana,,,stop,,7.1911266,79.8622183
12630555748,Kurana,Kurana,,,stop,,7.1910866,79.8621015
12630555749,Katunayake,Katunayake,,,stop,,7.1675175,79.8720081
12630555750,Katunayake,Katunayake,,,stop,,7.1674997,79.8719748
12630555751,IPZ - Katunayake South,IPZ - Katunayake South,,,stop,,7.157925,79.8753326
12630556002,Tummodera,Tummodera,,,stop,,7.3905008,79.8590892
12630556003,Lunuwila,Lunuwila,,,stop,,7.3468531,79.8629809
12630556004,Bolawatta,Bolawatta,,,stop,,7.2971299,79.8609919
12630561411,Nelumpokuna,Nelumpokuna,,,stop,,7.4754486,79.8451887
12630561412,Kudawewa,Kudawewa,,,stop,,7.4622291,79.8530839
12630561413,Walahapitiya,Walahapitiya,,,stop,,7.4394333,79.8590658
12630561414,Nattandiya,Nattandiya,,,stop,,7.4143264,79.8660524
12630567654,Chilaw,Chilaw,,,stop,,7.5757945,79.7910529
12630567655,Kakkapalliya,Kakkapalliya,,,stop,,7.5328363,79.8227752
12630579981,Mundalama,Mundalama,,,stop,,7.7976602,79.825518
12630579982,Kiriyankalli,Kiriyankalli,,,stop,,7.7571751,79.8281894
12630589716,Erukkalampiddy,Erukkalampiddy,,,stop,,7.9615826,79.8299546
12630589717,Madurankuli,Madurankuli,,,stop,,7.9020501,79.8206562
12630594815,Puttalam,Puttalam,,,stop,,8.0226619,79.8379261
12630594816,Puttalam,Puttalam,,,stop,,8.0227143,79.8377744
12630598032,Battulu Oya,Battulu Oya,,,stop,,7.7271726,79.8315677
12630598033,Bangadeniya,Bangadeniya,,,stop,,7.6272658,79.8285404
12630598034,Manuwangama,Manuwangama,,,stop,,7.6006658,79.8274111
12630611017,Periyanagavillu,Periyanagavillu,,,stop,,8.2283739,79.866713
12630611018,Karadipuwal,Karadipuwal,,,stop,,8.135391,79.8640937
12633515282,Wadurawa,Wadurawa,,,stop,,7.167817,80.0661299
12633515283,Veyangoda,Veyangoda,,,stop,,7.1527348,80.0587979
12633515284,Veyangoda,Veyangoda,,,stop,,7.1528519,80.0585914
12633520281,Batuwatta,Batuwatta,,,stop,,7.0551316,79.9371438
12633520282,Batuwatta,Batuwatta,,,stop,,7.0551192,79.9371601
12633520283,Walpola,Walpola,,,stop,,7.0472646,79.9311425
12633570533,Magalegoda,Magalegoda,,,stop,,7.1339492,80.0362658
12633570534,Magalegoda,Magalegoda,,,stop,,7.1339075,80.0362255
12633570535,Bemmulla,Bemmulla,,,stop,,7.1224534,80.0204066
12633570536,Bemmulla,Bemmulla,,,stop,,7.1224351,80.0204435
12633573265,Ganemulla,Ganemulla,,,stop,,7.0684711,79.9607156
12633573266,Bulugahagoda,Bulugahagoda,,,stop,,7.0656329,79.9453498
12633580524,Botale,Botale,,,stop,,7.2566703,80.1532271
12633580525,Wilwatta,Wilwatta,,,stop,,7.2563683,80.1353958
12633584920,Daraluwa,Daraluwa,,,stop,,7.1070771,80.0105005
12633584921,Daraluwa,Daraluwa,,,stop,,7.1071344,80.0103872
12633584922,Gampaha,Gampaha,,,stop,,7.0936277,79.9934982
12633584923,Gampaha,Gampaha,,,stop,,7.0936062,79.993535
12633584924,Gampaha,Gampaha,,,stop,,7.0935721,79.9935943
12633584925,Gampaha,Gampaha,,,stop,,7.0935428,79.9936298
12633598496,Heendeniya-Pattigoda,Heendeniya-Pattigoda,,,stop,,7.1412061,80.0471063
12633598497,Heendeniya-Pattigoda,Heendeniya-Pattigoda,,,stop,,7.1411623,80.0471199
12633602720,Bujjomuwa,Bujjomuwa,,,stop,,7.273237,80.2105781
12633602721,Yaththalgoda,Yaththalgoda,,,stop,,7.2703688,80.1943669
12633602722,Ambepussa,Ambepussa,,,stop,,7.2560372,80.1693714
12633608549,Mirigama,Mirigama,,,stop,,7.2425525,80.1266219
12633608550,Mirigama,Mirigama,,,stop,,7.2426271,80.1264567
12633608551,Ganegoda,Ganegoda,,,station,,7.2129312,80.1052505
12633608552,Ganegoda,Ganegoda,,,stop,,7.2129688,80.1051879
12633608553,Pallewala,Pallewala,,,stop,,7.1983772,80.0898409
12633608554,Keenawala,Keenawala,,,stop,,7.1854014,80.0744379
12633612268,Polgahawela Junction,Polgahawela Junction,,,stop,,7.3310626,80.3009827
12633612269,Polgahawela Junction,Polgahawela Junction,,,stop,,7.3309422,80.3010361
12633612270,Polgahawela Junction,Polgahawela Junction,,,stop,,7.3309188,80.3010413
12633612271,Polgahawela Junction,Polgahawela Junction,,,stop,,7.3307917,80.3010805
12633612272,Walakumbura,Walakumbura,,,stop,,7.3139295,80.2690127
12633634241,Thalawattegedara,Thalawattegedara,,,stop,,7.3879485,80.3015962
12633639547,Alawwa,Alawwa,,,stop,,7.2933245,80.2387114
12633646062,Kurunegala,Kurunegala,,,stop,,7.4768983,80.3742022
12633646063,Nailiya,Nailiya,,,stop,,7.4499909,80.3586492
12633646064,Pothuhera,Pothuhera,,,stop,,7.4198777,80.3274318
12633650307,Randenigama,Randenigama,,,stop,,7.8485519,80.2593984
12633654315,Nagollagama,Nagollagama,,,stop,,7.7536443,80.3145271
12633654316,Hiriyala,Hiriyala,,,stop,,7.6975635,80.3399545
12633654317,Ganewatta,Ganewatta,,,stop,,7.6549927,80.3488256
12633659535,Muttetugala,Muttetugala,,,stop,,7.4956742,80.3791581
12641099817,Talawa,Talawa,,,stop,,8.2317684,80.3482359
12641099818,Talawa,Talawa,,,stop,,8.2317838,80.3482004
12641109758,Galgamuwa,Galgamuwa,,,stop,,8.0021589,80.2714505
12641109759,Galgamuwa,Galgamuwa,,,stop,,8.0021595,80.2714939
12641109760,Ambanpola,Ambanpola,,,stop,,7.9189219,80.2459585
12641109761,Ambanpola,Ambanpola,,,stop,,7.9189068,80.2460406
12641117635,Thambuttegama,Thambuttegama,,,stop,,8.154365,80.3038098
12641117636,Senarathgama,Senarathgama,,,stop,,8.0858896,80.27778
12641117637,Senarathgama,Senarathgama,,,stop,,8.0858597,80.2776395
12641138691,Anuradhapura,Anuradhapura,,,stop,,8.3213845,80.399235
12641138692,Srawasthipura,Srawasthipura,,,stop,,8.2987806,80.3770668
12641138693,Srawasthipura,Srawasthipura,,,stop,,8.2988105,80.3769032
12641145019,Madegama,Madegama,,,stop,,8.4750081,80.435203
12641145020,Siyabalagawewa,Siyabalagawewa,,,stop,,8.4626637,80.4332001
12641145021,Parasangahawewa,Parasangahawewa,,,stop,,8.4453654,80.4314383
12641155504,Saliyapura,Saliyapura,,,stop,,8.3899138,80.4222607
12641155505,Mihintale Junction,Mihintale Junction,,,stop,,8.3594006,80.4185573
12641155506,Anuradhapura,Anuradhapura,,,stop,,8.3441372,80.4111365
12641155507,Anuradhapura,Anuradhapura,,,stop,,8.3441477,80.4109869
12641162740,Thiruketheeswaram,Thiruketheeswaram,,,station,,8.9154185,79.9477753
12641163383,Madhu Road,Madhu Road,,,stop,,8.7738973,80.1502149
12641163384,Chettikulam,Chettikulam,,,stop,,8.6690608,80.3059326
12641189878,Neriyakulam,Neriyakulam,,,stop,,8.6166993,80.3569167
12641189879,Medawachchiya,Medawachchiya,,,stop,,8.5545052,80.4582625
12641189880,Medawachchiya,Medawachchiya,,,stop,,8.5545152,80.4580774
12641189881,Medawachchiya,Medawachchiya,,,stop,,8.5545176,80.4580444
12641192176,Talaimannar,Talaimannar,,,stop,,9.1033203,79.7301581
12641192177,Talaimannar,Talaimannar,,,stop,,9.1033418,79.7300114
12641196508,Pesalai,Pesalai,,,stop,,9.0822402,79.8226927
12641196509,Pesalai,Pesalai,,,stop,,9.0822654,79.8227281
12643500145,Iratperiya Kulam,Iratperiya Kulam,,,stop,,8.70961,80.4810075
12643536073,Thandikulam,Thandikulam,,,stop,,8.7782319,80.4848624
12643536074,Thandikulam,Thandikulam,,,stop,,8.7782354,80.4849183
12643550737,Murikandi-Kokavil,Murikandi-Kokavil,,,stop,,9.2063617,80.4174745
12643550738,Mankulam,Mankulam,,,stop,,9.1299386,80.4444666
12643550739,Puliyankulam,Puliyankulam,,,stop,,8.9610465,80.5228536
12643554852,Elephant Pass,Elephant Pass,,,stop,,9.5023881,80.4057617
12643554853,Elephant Pass,Elephant Pass,,,stop,,9.5023888,80.4057866
12643554854,Paranthan,Paranthan,,,stop,,9.4401995,80.4069876
12643554855,Kilinochchi,Kilinochchi,,,stop,,9.3856914,80.4061393
12643554856,Ariviyal Nagar,Ariviyal Nagar,,,stop,,9.3187437,80.4077905
12643556882,Mirusuvil,Mirusuvil,,,stop,,9.6742305,80.2433049
12643556883,Eluthumadduval,Eluthumadduval,,,stop,,9.6610425,80.2656112
12643556884,Eluthumadduval,Eluthumadduval,,,stop,,9.6521931,80.28082
12643586317,Sangathanai,Sangathanai,,,stop,,9.6639997,80.1724096
12643586318,Meesalai,Meesalai,,,stop,,9.673531,80.1890037
12643586319,Kodaikamam,Kodaikamam,,,stop,,9.681195,80.2193962
12643586345,Chunnakam,Chunnakam,,,stop,,9.7458438,80.0332494
12643586346,Kondavil,Kondavil,,,stop,,9.7039715,80.0248446
12643612532,Kokkuvil,Kokkuvil,,,stop,,9.6882104,80.0212578
12643612533,Jaffna,Jaffna,,யாழ்ப்பாணம்,station,,9.6654661,80.0207059
12643612534,Kachcheri,Kachcheri,,கச்சேரி,halt,,9.6625172,80.0287291
12643612535,Punkankulam,Punkankulam,,,stop,,9.6593443,80.0382963
12643612536,Navatkuli,Navatkuli,,,stop,,9.6615722,80.0814418
12643612537,Thachanthoppu,Thachanthoppu,,,stop,,9.6572529,80.1108321
12643612538,Chavakachcheri,Chavakachcheri,,,stop,,9.6570152,80.1585047
12645627769,Galoya Junction,Galoya Junction,,,stop,,8.1377133,80.8657658
12645627770,Hatares Kotuwa,Hatares Kotuwa,,,stop,,8.1452972,80.8390671
12645629352,Horiwiala,Horiwiala,,,stop,,8.067867,80.6785165
12645629353,Kekirawa,Kekirawa,,,stop,,8.0586165,80.5815139
12645629355,Habarana,Habarana,,,stop,,8.0573834,80.7696267
12645629356,Palugaswewa,Palugaswewa,,,stop,,8.0590933,80.7132253
12645649711,Mihintale,Mihintale,,,stop,,8.3586228,80.5016488
12645649712,Asokapura,Asokapura,,,stop,,8.3801894,80.4783395
12645649713,Samagipura,Samagipura,,,stop,,8.3577491,80.4414692
12645673387,Kalawewa,Kalawewa,,,stop,,8.0237158,80.5310726
12645673389,Negama,Negama,,,stop,,7.9799475,80.4835018
12645673390,Moragollagama,Moragollagama,,,stop,,7.9058201,80.4221371
12645695643,Trincomalee,Trincomalee,,,stop,,8.5845352,81.2263351
12645695644,China Bay,China Bay,,,stop,,8.5563274,81.1903738
12645697964,Thampalakamam,Thampalakamam,,,stop,,8.498322,81.0954801
12645697965,Mullipotana,Mullipotana,,,stop,,8.4450987,81.0617559
12645697966,Ganthalawa,Ganthalawa,,,stop,,8.4165642,81.0368798
12645697967,Kantale,Kantale,,,stop,,8.3561957,81.0062587
12645697968,Agbopura,Agbopura,,,stop,,8.3267061,80.9797289
12649506768,Valaichchenai,Valaichchenai,,,stop,,7.9103707,81.5319026
12649562683,Hathamuna,Hathamuna,,,stop,,8.0191299,80.9693145
12649562684,Hingurakgoda,Hingurakgoda,,,stop,,8.0395721,80.9513209
12649562685,Minneriya,Minneriya,,,stop,,8.0653993,80.8947755
12649590615,Polonnaruwa,Polonnaruwa,,,stop,,7.9302334,81.0334797
12649590616,Polonnaruwa,Polonnaruwa,,,stop,,7.9302075,81.0334226
12649590617,Parakum Uyana,Parakum Uyana,,,stop,,7.9735902,81.0178647
12649591939,Laksha Uyana,Laksha Uyana,,,stop,,7.9883229,80.9968921
12649591940,Jayanthipura,Jayanthipura,,,stop,,8.0049389,80.983529
12649600708,Aselapura,Aselapura,,,stop,,7.963053,81.2990662
12649600709,Welikanda,Welikanda,,,stop,,7.9469846,81.2504206
12649600710,Welikanda,Welikanda,,,stop,,7.9470353,81.2503927
12649600711,Sevanapitiya,Sevanapitiya,,,stop,,7.9215337,81.1843194
12649614932,Manampitiya,Manampitiya,,,stop,,7.909744,81.1100869
12649614933,Gallella,Gallella,,,stop,,7.9053233,81.063147
12649650287,Batticaloa,Batticaloa,,,stop,,7.7246868,81.6989577
12649650288,Batticaloa,Batticaloa,,,stop,,7.7246371,81.6989007
12649650289,Batticaloa,Batticaloa,,,stop,,7.7245777,81.6988299
12649650290,Vantharumoolai,Vantharumoolai,,,stop,,7.8019676,81.5836956
12656803974,Panaliya,Panaliya,,,stop,,7.3286478,80.3253257
12656803975,Tismalpola,Tismalpola,,,stop,,7.3216069,80.3431601
12656803976,Tismalpola,Tismalpola,,,stop,,7.321645,80.3431544
12656809851,Kadugannawa,Kadugannawa,,,stop,,7.2578178,80.5207306
12656812980,Pattam Paha,Pattam Paha,,,stop,,7.3807308,80.6621566
12656812981,Udatthawela,Udatthawela,,,stop,,7.4115296,80.6421751
12656812982,Ukuwela,Ukuwela,,,stop,,7.420283,80.6343592
12656812983,Ukuwela,Ukuwela,,,stop,,7.4203162,80.6343873
12656812984,Matale,Matale,,,stop,,7.4679575,80.6249642
12656833012,Ihalakotte,Ihalakotte,,,stop,,7.2887588,80.4692705
12656833013,Balana,Balana,,,stop,,7.2666586,80.4893535
12656833311,Rambukkana,Rambukkana,,,stop,,7.3209601,80.3903427
12656833312,Rambukkana,Rambukkana,,,stop,,7.3210026,80.3903293
12656833313,Rambukkana,Rambukkana,,,stop,,7.3211369,80.3902927
12656833314,Rambukkana,Rambukkana,,,stop,,7.3211702,80.3902766
12656847544,Wattegama,Wattegama,,,stop,,7.3507224,80.6824538
12656856316,Katugastota,Katugastota,,,stop,,7.3303366,80.6330818
12656856317,Katugastota,Katugastota,,,stop,,7.330357,80.6330637
12656863307,Mawilmada,Mawilmada,,,stop,,7.3191345,80.6310694
12656864614,Kandy,Kandy,,,stop,,7.2890514,80.6318308
12656864615,Kandy,Kandy,,,stop,,7.2891048,80.6317848
12656864616,Kandy,Kandy,,,stop,,7.2891259,80.6317682
12656864617,Kandy,Kandy,,,stop,,7.2891787,80.6317249
12656864618,Kandy,Kandy,,,stop,,7.2892615,80.631633
12656864619,Asgiriya,Asgiriya,,,stop,,7.2978222,80.6352933
12660111448,Polgahanga,Polgahanga,,,stop,,7.1965712,80.5982687
12660128064,Bothalapitiya,Bothalapitiya,,,stop,,7.1746904,80.5794741
12660143385,Gelioya,Gelioya,,,stop,,7.2139165,80.5986641
12660143386,Koshinna,Koshinna,,,stop,,7.2335885,80.5950911
12660192915,Gampola,Gampola,,,stop,,7.1621645,80.5669298
12660248305,Tembligala,Tembligala,,,stop,,7.1331599,80.5592962
12660279487,Warakawa,Warakawa,,,stop,,7.0740373,80.5407192
12660288332,Pallegama,Pallegama,,,stop,,7.0837115,80.5526966
12660288333,Ulapane,Ulapane,,,stop,,7.1083425,80.5597132
12660288334,Warakapitiya,Warakapitiya,,,stop,,7.1175452,80.5615059
12660324968,Nawalapitiya,Nawalapitiya,,,stop,,7.0572275,80.5350895
12660324969,Nawalapitiya,Nawalapitiya,,,stop,,7.0572508,80.5350633
12660324970,Nawalapitiya,Nawalapitiya,,,stop,,7.0573041,80.534995
12660357649,Galboda,Galboda,,,stop,,6.9860528,80.5301997
12660357650,Penrose,Penrose,,,stop,,6.994323,80.5395293
12660357651,Inguru Oya,Inguru Oya,,,stop,,7.0181632,80.545789
12660357652,Hightenford,Hightenford,,,stop,,7.0330607,80.530897
12660363422,Ihala Watawala,Ihala Watawala,,,stop,,6.9480393,80.5421834
12660363423,Watawala,Watawala,,,stop,,6.9619941,80.5262381
12660363588,Great Western,Great Western,,,stop,,6.9570931,80.6889992
12660363589,Great Western,Great Western,,,stop,,6.9571226,80.6890055
12660367299,Hatton,Hatton,,,stop,,6.893217,80.5979851
12660367300,Rozelle,Rozelle,,,stop,,6.9348437,80.5586977
12660383062,Talawakele,Talawakele,,,stop,,6.9401245,80.6610353
12660383063,Talawakele,Talawakele,,,stop,,6.9401101,80.6610247
12660383064,Kotagala,Kotagala,,,stop,,6.9282458,80.6087697
12660383065,Kotagala,Kotagala,,,stop,,6.9282671,80.6087389
12660383067,Watagoda,Watagoda,,,stop,,6.9688359,80.6529903
12662892463,Idalgashinna,Idalgashinna,,,stop,,6.7794666,80.8969086
12662892464,Pattipola,Pattipola,,,stop,,6.8559024,80.8307032
12662892465,Pattipola,Pattipola,,,station,,6.8558565,80.8306009
12662908322,Cotta Road,Cotta Road,,,stop,,6.9133478,79.884561
12662908323,Baseline Road,Baseline Road,,,stop,,6.9263177,79.8785723
12662931996,Heeloya,Heeloya,,,stop,,6.8442268,81.0257935
12662931997,Diyatalawa,Diyatalawa,,,stop,,6.8020415,80.9591568
12662931998,Glenanore,Glenanore,,,stop,,6.7711767,80.9366236
12662953562,Pangiriwatta,Pangiriwatta,,,stop,,6.8649715,79.9022906
12662953563,Nugegoda,Nugegoda,,,stop,,6.8721496,79.8906793
12662953564,Kirulapona,Kirulapona,,,stop,,6.8830439,79.882949
12662953565,Narahenpita,Narahenpita,,,stop,,6.8969068,79.8779353
12662970661,Nawinna,Nawinna,,,stop,,6.8528638,79.9178486
12662970662,Udahamulla,Udahamulla,,,stop,,6.8622408,79.9087378
12670285651,Makubura,Makubura,,,stop,,6.8406751,79.9764969
12670315153,Kadugoda,Kadugoda,,,station,,6.9180501,80.1348044
12670315154,Waga,Waga,,,stop,,6.9013934,80.1276027
12670315155,Morakele,Morakele,,,stop,,6.8832236,80.1239854
12670318228,Gammana,Gammana,,,stop,,6.8771102,80.1232196
12670318229,Pinnawala,Pinnawala,,,stop,,6.8692814,80.1173657
12670320171,Angampitya,Angampitya,,,stop,,6.8529866,80.1093691
12670320172,Padukka,Padukka,,,stop,,6.8426953,80.0912315
12670320173,Liyanwala,Liyanwala,,,stop,,6.838362,80.0798245
12670324217,Kosgama,Kosgama,,,stop,,6.9405646,80.1373824
12681169978,Train Halt No. 1,Train Halt No. 1,,,stop,,6.6325318,79.9402918
12681169979,Train Halt No. 1,Train Halt No. 1,,,stop,,6.6325393,79.9403172
12681176198,Dehiwala,Dehiwala,,,stop,,6.8509128,79.8621904
12681176199,Dehiwala,Dehiwala,,,stop,,6.8508911,79.8620445
12681176200,Wellawatta,Wellawatta,,,stop,,6.8750512,79.8573648
12681208897,Bambalapitiya,Bambalapitiya,,,stop,,6.8936983,79.8530546
12681208898,Bambalapitiya,Bambalapitiya,,,stop,,6.8936573,79.8529142
12681208899,Kollupitiya,Kollupitiya,,,stop,,6.9113207,79.8482247
12681208900,Kollupitiya,Kollupitiya,,,stop,,6.9112728,79.8480794
12681234993,Mount Lavinia,Mount Lavinia,,,stop,,6.8316956,79.8625921
12681234994,Mount Lavinia,Mount Lavinia,,,stop,,6.8317099,79.8626919
12681242443,Ratmalana,Ratmalana,,,stop,,6.8151494,79.8666887
12681267603,Pinwatta,Pinwatta,,,stop,,6.6859359,79.9159575
12681267604,Pinwatta,Pinwatta,,,stop,,6.6860024,79.9160555
12681267605,Panadura,Panadura,,,stop,,6.7124707,79.9046747
12681267606,Panadura,Panadura,,,stop,,6.712456,79.9044731
12681270274,Wadduwa,Wadduwa,,,stop,,6.6632311,79.9286429
12681291574,Payagala South,Payagala South,,,stop,,6.5218775,79.9788422
12681291575,Payagala South,Payagala South,,,stop,,6.5218668,79.9787876
12681291576,Payagala North,Payagala North,,,stop,,6.5315479,79.9749903
12681291577,Katukurunda,Katukurunda,,,stop,,6.5601324,79.9660143
12681291578,Kalutara South,Kalutara South,,,stop,,6.5841229,79.958864
12681308701,Beruwala,Beruwala,,,stop,,6.4769552,79.9836887
12681308702,Maggona,Maggona,,,stop,,6.5048731,79.981454
12681309871,Kahawe,Kahawe,,,stop,,6.1832372,80.0740583
12681309872,Akurala,Akurala,,,stop,,6.1921126,80.0648671
12681309873,Madampagama,Madampagama,,,stop,,6.2122367,80.061332
12681319667,Seenigama,Seenigama,,,stop,,6.1586918,80.0948508
12681319668,Telwatte,Telwatte,,,stop,,6.169145,80.0889212
12681331436,Kandegoda,Kandegoda,,,stop,,6.2501997,80.0529758
12681331437,Andadola,Andadola,,,stop,,6.2662169,80.0470159
12681331438,Balapitiya,Balapitiya,,,stop,,6.27641,80.0433675
12681331439,Pathegamgoda,Pathegamgoda,,,stop,,6.2971126,80.041611
12681331864,Piyagama,Piyagama,,,stop,,6.3290662,80.0336125
12681331865,Kosgoda,Kosgoda,,,stop,,6.3386061,80.0295299
12681331866,Maha Induruwa,Maha Induruwa,,,stop,,6.3644187,80.0140795
12681331867,Induruwa,Induruwa,,,stop,,6.3874123,80.0087231
12681331868,Hettimulla,Hettimulla,,,stop,,6.4577016,79.9908283
12681336440,Ahungalla,Ahungalla,,,stop,,6.312771,80.0376779
12681360295,Richmond Hill,Richmond Hill,,,stop,,6.0538708,80.2047899
12681360296,Piyadigama,Piyadigama,,,stop,,6.0536844,80.190995
12681360297,Gintota,Gintota,,,stop,,6.0607352,80.1794796
12681360298,Gintota,Gintota,,,stop,,6.0607181,80.1794464
12681364527,Rathgama,Rathgama,,,stop,,6.0933035,80.1400365
12681364528,Dodanduwa,Dodanduwa,,,stop,,6.0982507,80.1329129
12681364529,Kumarakanda,Kumarakanda,,,stop,,6.1124028,80.1242496
12681364530,Thiranagama,Thiranagama,,,stop,,6.1223748,80.1144277
12684863719,Unawatuna,Unawatuna,,,stop,,6.0220184,80.2491762
12684863720,Katugoda,Katugoda,,,stop,,6.0327569,80.2402088
12684870487,Kekanadura,Kekanadura,,,stop,,5.9603856,80.5991022
12684870488,Kekanadura,Kekanadura,,,stop,,5.9604707,80.5990918
12684873144,Talpe,Talpe,,,stop,,5.9985673,80.2801644
12684885946,Kumbalgama,Kumbalgama,,,stop,,5.9637064,80.4097099
12684885947,Midigama,Midigama,,,stop,,5.9652178,80.3915318
12684892769,Polwathumodara,Polwathumodara,,,stop,,5.9645486,80.4572813
12684895279,Kamburugamuwa,Kamburugamuwa,,,stop,,5.9435565,80.495827
12684895280,Kamburugamuwa,Kamburugamuwa,,,stop,,5.9434997,80.4958155
12684895281,Mirissa,Mirissa,,,stop,,5.9567151,80.4735128
12684904308,Walgama,Walgama,,,stop,,5.9454475,80.5141917
12684909015,Beliatte,Beliatte,,,stop,,6.0422215,80.7371154
12684915644,Wewrukannala,Wewrukannala,,,stop,,5.9792817,80.6974577
12684915645,Bambaranda,Bambaranda,,,stop,,5.9706964,80.6607595
12982392314,Gangoda,Gangoda,,,station,,7.2983135,80.4534106
13116777774,Boralessa,Boralessa,,,halt,,7.319893,79.8630959
13447631673,Colombo Fort,Colombo Fort,,,station,,6.9333986,79.8503417
13683968856,Habaraduwa,Habaraduwa,,,station,Sri Lanka Railways,5.9941093,80.3072789
13917997691,Railway Station Matara,Railway Station Matara,,,station,,5.9517633,80.5433841
