district_id,district_name,operating_start_date,operating_end_date,operating_expected_months,common_start_date,common_end_date,common_expected_months,rainfall_operating_observed_months,rainfall_operating_coverage_pct,rainfall_common_observed_months,rainfall_common_coverage_pct,temperature_min_operating_observed_months,temperature_min_operating_coverage_pct,temperature_min_common_observed_months,temperature_min_common_coverage_pct,temperature_max_operating_observed_months,temperature_max_operating_coverage_pct,temperature_max_common_observed_months,temperature_max_common_coverage_pct
73,Ampara,2021-01-01,2025-06-01,54,2021-01-01,2025-10-01,58,45,83.33,45,77.59,0,0.0,0,0.0,0,0.0,0,0.0
74,Anuradhapura,2021-01-01,2025-10-01,58,2021-01-01,2025-10-01,58,57,98.28,57,98.28,57,98.28,57,98.28,54,93.1,54,93.1
76,Batticaloa,2021-01-01,2025-10-01,58,2021-01-01,2025-10-01,58,58,100.0,58,100.0,57,98.28,57,98.28,55,94.83,55,94.83
77,Colombo,2021-01-01,2025-10-01,58,2021-01-01,2025-10-01,58,58,100.0,58,100.0,57,98.28,57,98.28,57,98.28,57,98.28
78,Galle,2021-01-01,2025-10-01,58,2021-01-01,2025-10-01,58,58,100.0,58,100.0,57,98.28,57,98.28,57,98.28,57,98.28
79,Gampaha,2021-01-01,2025-10-01,58,2021-01-01,2025-10-01,58,58,100.0,58,100.0,54,93.1,54,93.1,54,93.1,54,93.1
80,Hambantota,2021-01-01,2025-10-01,58,2021-01-01,2025-10-01,58,57,98.28,57,98.28,57,98.28,57,98.28,57,98.28,57,98.28
81,Jaffna,2021-01-01,2025-10-01,58,2021-01-01,2025-10-01,58,58,100.0,58,100.0,58,100.0,58,100.0,57,98.28,57,98.28
83,Kandy,2021-01-01,2025-10-01,58,2021-01-01,2025-10-01,58,57,98.28,57,98.28,56,96.55,56,96.55,56,96.55,56,96.55
87,Mannar,2021-01-01,2025-10-01,58,2021-01-01,2025-10-01,58,57,98.28,57,98.28,56,96.55,56,96.55,56,96.55,56,96.55
88,Matale,2023-01-01,2024-12-01,24,2021-01-01,2025-10-01,58,22,91.67,22,37.93,0,0.0,0,0.0,0,0.0,0,0.0
92,Nuwara Eliya,2021-01-01,2025-10-01,58,2021-01-01,2025-10-01,58,58,100.0,58,100.0,58,100.0,58,100.0,58,100.0,58,100.0
93,Polonnaruwa,2021-01-01,2025-10-01,58,2021-01-01,2025-10-01,58,58,100.0,58,100.0,56,96.55,56,96.55,56,96.55,56,96.55
94,Puttalam,2021-01-01,2025-10-01,58,2021-01-01,2025-10-01,58,55,94.83,55,94.83,52,89.66,52,89.66,54,93.1,54,93.1
95,Ratnapura,2021-01-01,2025-10-01,58,2021-01-01,2025-10-01,58,58,100.0,58,100.0,58,100.0,58,100.0,58,100.0,58,100.0
96,Trincomalee,2021-01-01,2025-10-01,58,2021-01-01,2025-10-01,58,57,98.28,57,98.28,56,96.55,56,96.55,55,94.83,55,94.83
