district_id,district_name,target,study_start,study_end,common_expected_months,common_observed_months,common_coverage_pct,train_observations,test_observations,distinct_years,has_duplicate_district_months,model_ready
73,Ampara,rainfall_mm,2021-01-01,2025-10-01,58,45,77.59,39,6,5,False,True
73,Ampara,temperature_max_c,2021-01-01,2025-10-01,58,0,0.0,0,0,0,False,False
73,Ampara,temperature_min_c,2021-01-01,2025-10-01,58,0,0.0,0,0,0,False,False
74,Anuradhapura,rainfall_mm,2021-01-01,2025-10-01,58,57,98.28,47,10,5,False,True
74,Anuradhapura,temperature_max_c,2021-01-01,2025-10-01,58,54,93.1,46,8,5,False,True
74,Anuradhapura,temperature_min_c,2021-01-01,2025-10-01,58,57,98.28,47,10,5,False,True
76,Batticaloa,rainfall_mm,2021-01-01,2025-10-01,58,58,100.0,48,10,5,False,True
76,Batticaloa,temperature_max_c,2021-01-01,2025-10-01,58,55,94.83,45,10,5,False,True
76,Batticaloa,temperature_min_c,2021-01-01,2025-10-01,58,57,98.28,47,10,5,False,True
77,Colombo,rainfall_mm,2021-01-01,2025-10-01,58,58,100.0,48,10,5,False,True
77,Colombo,temperature_max_c,2021-01-01,2025-10-01,58,57,98.28,47,10,5,False,True
77,Colombo,temperature_min_c,2021-01-01,2025-10-01,58,57,98.28,47,10,5,False,True
78,Galle,rainfall_mm,2021-01-01,2025-10-01,58,58,100.0,48,10,5,False,True
78,Galle,temperature_max_c,2021-01-01,2025-10-01,58,57,98.28,47,10,5,False,True
78,Galle,temperature_min_c,2021-01-01,2025-10-01,58,57,98.28,47,10,5,False,True
79,Gampaha,rainfall_mm,2021-01-01,2025-10-01,58,58,100.0,48,10,5,False,True
79,Gampaha,temperature_max_c,2021-01-01,2025-10-01,58,54,93.1,45,9,5,False,True
79,Gampaha,temperature_min_c,2021-01-01,2025-10-01,58,54,93.1,45,9,5,False,True
80,Hambantota,rainfall_mm,2021-01-01,2025-10-01,58,57,98.28,47,10,5,False,True
80,Hambantota,temperature_max_c,2021-01-01,2025-10-01,58,57,98.28,47,10,5,False,True
80,Hambantota,temperature_min_c,2021-01-01,2025-10-01,58,57,98.28,47,10,5,False,True
81,Jaffna,rainfall_mm,2021-01-01,2025-10-01,58,58,100.0,48,10,5,False,True
81,Jaffna,temperature_max_c,2021-01-01,2025-10-01,58,57,98.28,47,10,5,False,True
81,Jaffna,temperature_min_c,2021-01-01,2025-10-01,58,58,100.0,48,10,5,False,True
83,Kandy,rainfall_mm,2021-01-01,2025-10-01,58,57,98.28,47,10,5,False,True
83,Kandy,temperature_max_c,2021-01-01,2025-10-01,58,56,96.55,47,9,5,False,True
83,Kandy,temperature_min_c,2021-01-01,2025-10-01,58,56,96.55,46,10,5,False,True
87,Mannar,rainfall_mm,2021-01-01,2025-10-01,58,57,98.28,47,10,5,False,True
87,Mannar,temperature_max_c,2021-01-01,2025-10-01,58,56,96.55,46,10,5,False,True
87,Mannar,temperature_min_c,2021-01-01,2025-10-01,58,56,96.55,46,10,5,False,True
88,Matale,rainfall_mm,2021-01-01,2025-10-01,58,22,37.93,22,0,2,False,False
88,Matale,temperature_max_c,2021-01-01,2025-10-01,58,0,0.0,0,0,0,False,False
88,Matale,temperature_min_c,2021-01-01,2025-10-01,58,0,0.0,0,0,0,False,False
92,Nuwara Eliya,rainfall_mm,2021-01-01,2025-10-01,58,58,100.0,48,10,5,False,True
92,Nuwara Eliya,temperature_max_c,2021-01-01,2025-10-01,58,58,100.0,48,10,5,False,True
92,Nuwara Eliya,temperature_min_c,2021-01-01,2025-10-01,58,58,100.0,48,10,5,False,True
93,Polonnaruwa,rainfall_mm,2021-01-01,2025-10-01,58,58,100.0,48,10,5,False,True
93,Polonnaruwa,temperature_max_c,2021-01-01,2025-10-01,58,56,96.55,46,10,5,False,True
93,Polonnaruwa,temperature_min_c,2021-01-01,2025-10-01,58,56,96.55,46,10,5,False,True
94,Puttalam,rainfall_mm,2021-01-01,2025-10-01,58,55,94.83,46,9,5,False,True
94,Puttalam,temperature_max_c,2021-01-01,2025-10-01,58,54,93.1,44,10,5,False,True
94,Puttalam,temperature_min_c,2021-01-01,2025-10-01,58,52,89.66,43,9,5,False,True
95,Ratnapura,rainfall_mm,2021-01-01,2025-10-01,58,58,100.0,48,10,5,False,True
95,Ratnapura,temperature_max_c,2021-01-01,2025-10-01,58,58,100.0,48,10,5,False,True
95,Ratnapura,temperature_min_c,2021-01-01,2025-10-01,58,58,100.0,48,10,5,False,True
96,Trincomalee,rainfall_mm,2021-01-01,2025-10-01,58,57,98.28,47,10,5,False,True
96,Trincomalee,temperature_max_c,2021-01-01,2025-10-01,58,55,94.83,45,10,5,False,True
96,Trincomalee,temperature_min_c,2021-01-01,2025-10-01,58,56,96.55,46,10,5,False,True
