ds,y
2021-01-01,24.0
2021-02-01,23.9
2021-03-01,24.6
2021-04-01,25.1
2021-05-01,26.0
2021-06-01,26.0
2021-07-01,25.8
2021-08-01,25.6
2021-09-01,25.5
2021-10-01,24.8
2021-11-01,24.0
2021-12-01,23.9
2022-01-01,23.1
2022-02-01,23.5
2022-03-01,24.7
2022-04-01,24.6
2022-05-01,
2022-06-01,25.7
2022-07-01,25.3
2022-08-01,25.0
2022-09-01,24.7
2022-10-01,24.1
2022-11-01,23.3
2022-12-01,23.5
2023-01-01,22.9
2023-02-01,23.9
2023-03-01,24.8
2023-04-01,
2023-05-01,25.4
2023-06-01,26.7
2023-07-01,26.5
2023-08-01,25.6
2023-09-01,25.5
2023-10-01,24.2
2023-11-01,24.7
2023-12-01,24.9
2024-01-01,24.6
2024-02-01,25.7
2024-03-01,24.8
2024-04-01,26.2
2024-05-01,26.4
2024-06-01,26.4
2024-07-01,26.8
2024-08-01,25.2
2024-09-01,26.3
2024-10-01,24.4
2024-11-01,23.8
2024-12-01,24.0
2025-01-01,24.0
2025-02-01,23.6
2025-03-01,24.6
2025-04-01,24.9
2025-05-01,25.7
2025-06-01,26.6
2025-07-01,26.5
2025-08-01,25.5
2025-09-01,26.0
2025-10-01,24.4
