yyyy,month,stations,observations,available,missing,coverage_pct
2021,1,20,20,20,0,100.0
2021,2,21,21,21,0,100.0
2021,3,21,21,21,0,100.0
2021,4,21,21,21,0,100.0
2021,5,21,21,21,0,100.0
2021,6,21,21,21,0,100.0
2021,7,21,21,21,0,100.0
2021,8,21,21,21,0,100.0
2021,9,21,21,21,0,100.0
2021,10,21,21,21,0,100.0
2021,11,20,20,20,0,100.0
2021,12,21,21,21,0,100.0
2022,1,21,21,21,0,100.0
2022,2,20,20,20,0,100.0
2022,3,20,20,20,0,100.0
2022,4,19,19,19,0,100.0
2022,5,11,11,11,0,100.0
2022,6,20,20,20,0,100.0
2022,7,20,20,20,0,100.0
2022,8,20,20,20,0,100.0
2022,9,20,20,20,0,100.0
2022,10,21,21,21,0,100.0
2022,11,21,21,21,0,100.0
2022,12,19,19,19,0,100.0
2023,1,20,20,20,0,100.0
2023,2,19,19,19,0,100.0
2023,3,20,20,20,0,100.0
2023,4,21,21,21,0,100.0
2023,5,21,21,21,0,100.0
2023,6,22,22,22,0,100.0
2023,7,22,22,22,0,100.0
2023,8,20,20,20,0,100.0
2023,9,21,21,21,0,100.0
2023,10,21,21,21,0,100.0
2023,11,21,21,21,0,100.0
2023,12,21,21,21,0,100.0
2024,1,21,21,21,0,100.0
2024,2,21,21,21,0,100.0
2024,3,21,21,21,0,100.0
2024,4,21,21,21,0,100.0
2024,5,18,18,18,0,100.0
2024,6,20,20,20,0,100.0
2024,7,19,19,19,0,100.0
2024,8,20,20,20,0,100.0
2024,9,20,20,20,0,100.0
2024,10,20,20,20,0,100.0
2024,11,20,20,20,0,100.0
2024,12,20,20,20,0,100.0
2025,1,20,20,20,0,100.0
2025,2,21,21,21,0,100.0
2025,3,20,20,20,0,100.0
2025,4,21,21,21,0,100.0
2025,5,21,21,21,0,100.0
2025,6,20,20,20,0,100.0
2025,7,18,18,18,0,100.0
2025,8,17,17,17,0,100.0
2025,9,17,17,17,0,100.0
2025,10,13,13,13,0,100.0
