station_name,first_date,last_date,records,available_rainfall,missing_rainfall,coverage_pct
ANURADHAPURA,2021-01-01,2025-10-01,57,57,0,100.0
BATTICALOA,2021-01-01,2025-10-01,57,57,0,100.0
BENTOTA ESTATE,2021-01-01,2025-09-01,55,55,0,100.0
COLOMBO,2021-01-01,2025-10-01,58,58,0,100.0
GALLE,2021-01-01,2025-10-01,58,58,0,100.0
HAMBANTOTA,2021-01-01,2025-10-01,57,57,0,100.0
JAFFNA,2021-01-01,2025-10-01,58,58,0,100.0
KALPITIYA,2021-01-01,2025-09-01,32,32,0,100.0
KANDALAMA,2023-01-01,2024-12-01,22,22,0,100.0
KATUGASTOTA,2021-01-01,2025-10-01,57,57,0,100.0
KATUNAYAKA,2021-01-01,2025-10-01,57,57,0,100.0
MANNAR,2021-01-01,2025-10-01,57,57,0,100.0
MINNERIYA TANK,2021-01-01,2025-08-01,54,54,0,100.0
NEGOMBO,2021-01-01,2025-09-01,57,57,0,100.0
NUWARA ELIYA,2021-01-01,2025-10-01,58,58,0,100.0
PANAWALA WOODEND,2021-01-01,2022-02-01,14,14,0,100.0
PASSIKUDA,2021-01-01,2025-07-01,53,53,0,100.0
POLONNARUWA,2021-01-01,2025-10-01,57,57,0,100.0
PUTTALAM,2021-01-01,2025-09-01,53,53,0,100.0
RATNAPURA,2021-01-01,2025-10-01,58,58,0,100.0
THIRUKKOVIL,2021-02-01,2025-06-01,44,44,0,100.0
TRINCOMALEE,2021-01-01,2025-10-01,57,57,0,100.0
YALA,2022-10-01,2025-06-01,30,30,0,100.0
