station_name,yyyy,month,date,source_file
ANURADHAPURA,2022,5,2022-05-01,rf.xlsx
ANURADHAPURA,2025,11,2025-11-01,rf.xlsx
ANURADHAPURA,2025,12,2025-12-01,rf.xlsx
BATTICALOA,2022,5,2022-05-01,rf.xlsx
BATTICALOA,2025,11,2025-11-01,rf.xlsx
BATTICALOA,2025,12,2025-12-01,rf.xlsx
COLOMBO,2025,11,2025-11-01,rf.xlsx
COLOMBO,2025,12,2025-12-01,rf.xlsx
GALLE,2025,11,2025-11-01,rf.xlsx
GALLE,2025,12,2025-12-01,rf.xlsx
HAMBANTOTA,2022,5,2022-05-01,rf.xlsx
HAMBANTOTA,2025,11,2025-11-01,rf.xlsx
HAMBANTOTA,2025,12,2025-12-01,rf.xlsx
JAFFNA,2025,11,2025-11-01,rf.xlsx
JAFFNA,2025,12,2025-12-01,rf.xlsx
KATUGASTOTA,2022,5,2022-05-01,rf.xlsx
KATUGASTOTA,2025,11,2025-11-01,rf.xlsx
KATUGASTOTA,2025,12,2025-12-01,rf.xlsx
KATUNAYAKA,2022,5,2022-05-01,rf.xlsx
KATUNAYAKA,2025,11,2025-11-01,rf.xlsx
KATUNAYAKA,2025,12,2025-12-01,rf.xlsx
MANNAR,2022,5,2022-05-01,rf.xlsx
MANNAR,2025,11,2025-11-01,rf.xlsx
MANNAR,2025,12,2025-12-01,rf.xlsx
NUWARA ELIYA,2025,11,2025-11-01,rf.xlsx
NUWARA ELIYA,2025,12,2025-12-01,rf.xlsx
POLONNARUWA,2022,5,2022-05-01,rf.xlsx
POLONNARUWA,2025,11,2025-11-01,rf.xlsx
POLONNARUWA,2025,12,2025-12-01,rf.xlsx
PUTTALAM,2021,11,2021-11-01,rf.xlsx
PUTTALAM,2022,5,2022-05-01,rf.xlsx
PUTTALAM,2024,5,2024-05-01,rf.xlsx
PUTTALAM,2024,7,2024-07-01,rf.xlsx
PUTTALAM,2025,10,2025-10-01,rf.xlsx
PUTTALAM,2025,11,2025-11-01,rf.xlsx
PUTTALAM,2025,12,2025-12-01,rf.xlsx
RATNAPURA,2025,11,2025-11-01,rf.xlsx
RATNAPURA,2025,12,2025-12-01,rf.xlsx
TRINCOMALEE,2022,5,2022-05-01,rf.xlsx
TRINCOMALEE,2025,11,2025-11-01,rf.xlsx
TRINCOMALEE,2025,12,2025-12-01,rf.xlsx
