station_name,yyyy,month,date,temperature_min_c,temperature_max_c,temperature_avg_c,source_file
ANURADHAPURA,2021,12,2021-12-01,22.8,,,temperature.xlsx
ANURADHAPURA,2025,9,2025-09-01,25.6,,,temperature.xlsx
ANURADHAPURA,2025,10,2025-10-01,24.2,,,temperature.xlsx
BATTICALOA,2021,7,2021-07-01,26.0,,,temperature.xlsx
BATTICALOA,2021,12,2021-12-01,24.1,,,temperature.xlsx
COLOMBO,2023,2,2023-02-01,24.1,,,temperature.xlsx
COLOMBO,2024,5,2024-05-01,,31.9,,temperature.xlsx
JAFFNA,2022,5,2022-05-01,28.0,,,temperature.xlsx
KATUGASTOTA,2021,9,2021-09-01,,28.9,,temperature.xlsx
KATUGASTOTA,2025,2,2025-02-01,19.5,,,temperature.xlsx
KATUNAYAKA,2021,5,2021-05-01,,31.2,,temperature.xlsx
KATUNAYAKA,2021,8,2021-08-01,25.5,,,temperature.xlsx
KATUNAYAKA,2021,9,2021-09-01,25.3,,,temperature.xlsx
KATUNAYAKA,2024,7,2024-07-01,,31.2,,temperature.xlsx
KATUNAYAKA,2025,2,2025-02-01,,33.8,,temperature.xlsx
KATUNAYAKA,2025,3,2025-03-01,23.8,,,temperature.xlsx
MANNAR,2021,4,2021-04-01,,32.3,,temperature.xlsx
MANNAR,2024,7,2024-07-01,28.1,,,temperature.xlsx
POLONNARUWA,2024,8,2024-08-01,25.3,,,temperature.xlsx
POLONNARUWA,2024,10,2024-10-01,,33.8,,temperature.xlsx
PUTTALAM,2023,3,2023-03-01,,33.2,,temperature.xlsx
PUTTALAM,2023,11,2023-11-01,24.2,,,temperature.xlsx
PUTTALAM,2024,1,2024-01-01,,31.4,,temperature.xlsx
PUTTALAM,2025,3,2025-03-01,,32.9,,temperature.xlsx
TRINCOMALEE,2021,12,2021-12-01,23.9,,,temperature.xlsx
TRINCOMALEE,2023,4,2023-04-01,,33.7,,temperature.xlsx
TRINCOMALEE,2024,9,2024-09-01,26.3,,,temperature.xlsx
