station_name,first_date,last_date,records,available_min,available_max,missing_min,missing_max,min_coverage_pct,max_coverage_pct
ANURADHAPURA,2021-01-01,2025-10-01,57,57,54,0,3,100.0,94.74
BATTICALOA,2021-01-01,2025-10-01,57,57,55,0,2,100.0,96.49
COLOMBO,2021-01-01,2025-10-01,58,57,57,1,1,98.28,98.28
GALLE,2021-01-01,2025-10-01,57,57,57,0,0,100.0,100.0
HAMBANTOTA,2021-01-01,2025-10-01,57,57,57,0,0,100.0,100.0
JAFFNA,2021-01-01,2025-10-01,58,58,57,0,1,100.0,98.28
KATUGASTOTA,2021-01-01,2025-10-01,57,56,56,1,1,98.25,98.25
KATUNAYAKA,2021-01-01,2025-10-01,57,54,54,3,3,94.74,94.74
MANNAR,2021-01-01,2025-10-01,57,56,56,1,1,98.25,98.25
NUWARA ELIYA,2021-01-01,2025-10-01,58,58,58,0,0,100.0,100.0
POLONNARUWA,2021-01-01,2025-10-01,57,56,56,1,1,98.25,98.25
PUTTALAM,2021-01-01,2025-10-01,55,52,54,3,1,94.55,98.18
RATNAPURA,2021-01-01,2025-10-01,58,58,58,0,0,100.0,100.0
TRINCOMALEE,2021-01-01,2025-10-01,57,56,55,1,2,98.25,96.49
