district_id,district_name,start_date,end_date,months,stations,rainfall_count,temp_min_count,temp_max_count,rainfall_coverage_pct,temp_min_coverage_pct,temp_max_coverage_pct,temperature_months,rainfall_trainable,temperature_trainable
74.0,Anuradhapura,2021-01-01,2025-10-01,57,1,57,57,54,100.0,100.0,94.74,54,True,True
76.0,Batticaloa,2021-01-01,2025-10-01,57,1,57,57,55,100.0,100.0,96.49,55,True,True
77.0,Colombo,2021-01-01,2025-10-01,58,1,58,57,57,100.0,98.28,98.28,57,True,True
79.0,Gampaha,2021-01-01,2025-10-01,57,1,57,54,54,100.0,94.74,94.74,54,True,True
81.0,Jaffna,2021-01-01,2025-10-01,58,1,58,58,57,100.0,100.0,98.28,57,True,True
83.0,Kandy,2021-01-01,2025-10-01,57,1,57,56,56,100.0,98.25,98.25,56,True,True
87.0,Mannar,2021-01-01,2025-10-01,57,1,57,56,56,100.0,98.25,98.25,56,True,True
92.0,Nuwara Eliya,2021-01-01,2025-10-01,58,1,58,58,58,100.0,100.0,100.0,58,True,True
93.0,Polonnaruwa,2021-01-01,2025-10-01,57,1,57,56,56,100.0,98.25,98.25,56,True,True
94.0,Puttalam,2021-01-01,2025-10-01,55,1,53,52,54,96.36,94.55,98.18,52,True,True
95.0,Ratnapura,2021-01-01,2025-10-01,58,1,58,58,58,100.0,100.0,100.0,58,True,True
