district_id,district_name,observation_date,rainfall_mm,temperature_min_c,temperature_max_c,temperature_avg_c,station_count,rainfall_station_count,temperature_station_count
73,Ampara,2021-01-01,235.199999809265,,,,1,1,0
73,Ampara,2021-02-01,124.449999809265,,,,2,2,0
73,Ampara,2021-03-01,278.2000002861025,,,,2,2,0
73,Ampara,2021-04-01,319.4000000953675,,,,2,2,0
73,Ampara,2021-05-01,589.9500007629397,,,,2,2,0
73,Ampara,2021-06-01,288.44999915361404,,,,2,2,0
73,Ampara,2021-07-01,214.54999921470863,,,,2,2,0
73,Ampara,2021-08-01,250.749998450279,,,,2,2,0
73,Ampara,2021-09-01,284.650001257658,,,,2,2,0
73,Ampara,2021-10-01,263.25000086426746,,,,2,2,0
73,Ampara,2021-11-01,630.6000025272365,,,,2,2,0
73,Ampara,2021-12-01,164.5999995470045,,,,2,2,0
73,Ampara,2022-01-01,91.89999926090235,,,,2,2,0
73,Ampara,2022-02-01,155.54999952390804,,,,2,2,0
73,Ampara,2022-03-01,0.0,,,,1,1,0
73,Ampara,2022-04-01,0.0,,,,1,1,0
73,Ampara,2022-05-01,0.0,,,,1,1,0
73,Ampara,2022-06-01,0.0,,,,1,1,0
73,Ampara,2022-07-01,13.6000003814697,,,,1,1,0
73,Ampara,2022-08-01,0.0,,,,1,1,0
73,Ampara,2022-09-01,0.0,,,,1,1,0
73,Ampara,2022-10-01,127.999997138977,,,,1,1,0
73,Ampara,2022-11-01,160.799997329712,,,,1,1,0
73,Ampara,2022-12-01,184.800001144409,,,,1,1,0
73,Ampara,2023-01-01,68.7999992370605,,,,1,1,0
73,Ampara,2023-02-01,244.399993896484,,,,1,1,0
73,Ampara,2023-04-01,59.6999998092651,,,,1,1,0
73,Ampara,2023-05-01,0.0,,,,1,1,0
73,Ampara,2023-06-01,0.0,,,,1,1,0
73,Ampara,2023-07-01,0.0,,,,1,1,0
73,Ampara,2023-08-01,11.5,,,,1,1,0
73,Ampara,2023-09-01,33.2999992370605,,,,1,1,0
73,Ampara,2023-10-01,130.199998855591,,,,1,1,0
73,Ampara,2023-11-01,171.900001525879,,,,1,1,0
73,Ampara,2023-12-01,395.299998283386,,,,1,1,0
73,Ampara,2024-01-01,415.60000038147,,,,1,1,0
73,Ampara,2024-02-01,0.0,,,,1,1,0
73,Ampara,2024-03-01,102.399997711182,,,,1,1,0
73,Ampara,2024-04-01,127.099999427795,,,,1,1,0
73,Ampara,2025-01-01,481.900002479553,,,,1,1,0
73,Ampara,2025-02-01,123.000001907349,,,,1,1,0
73,Ampara,2025-03-01,158.799999713898,,,,1,1,0
73,Ampara,2025-04-01,76.2999992370605,,,,1,1,0
73,Ampara,2025-05-01,8.39999961853027,,,,1,1,0
73,Ampara,2025-06-01,0.0,,,,1,1,0
74,Anuradhapura,2021-01-01,168.600000753999,22.9,29.6,26.25,1,1,1
74,Anuradhapura,2021-02-01,18.8000001013279,22.4,31.3,26.85,1,1,1
74,Anuradhapura,2021-03-01,40.4999993145466,23.8,33.2,28.5,1,1,1
74,Anuradhapura,2021-04-01,131.000000551343,24.8,34.2,29.5,1,1,1
74,Anuradhapura,2021-05-01,90.5999994203448,25.1,32.7,28.900000000000002,1,1,1
74,Anuradhapura,2021-06-01,3.0000000372529,25.2,33.1,29.15,1,1,1
74,Anuradhapura,2021-07-01,72.0999996215105,25.2,33.0,29.1,1,1,1
74,Anuradhapura,2021-08-01,106.19999859482,25.0,33.0,29.0,1,1,1
74,Anuradhapura,2021-09-01,132.600003123283,25.2,33.2,29.200000000000003,1,1,1
74,Anuradhapura,2021-10-01,281.499996677041,24.2,31.7,27.95,1,1,1
74,Anuradhapura,2021-11-01,413.599999547005,23.7,30.1,26.9,1,1,1
74,Anuradhapura,2021-12-01,74.8999999165535,22.8,,,1,1,0
74,Anuradhapura,2022-01-01,73.1000012904406,22.3,30.5,26.4,1,1,1
74,Anuradhapura,2022-02-01,70.8000006079674,22.1,31.0,26.55,1,1,1
74,Anuradhapura,2022-03-01,90.1000000014901,23.9,33.4,28.65,1,1,1
74,Anuradhapura,2022-04-01,440.999996900558,24.3,33.5,28.9,1,1,1
74,Anuradhapura,2022-06-01,13.6999995708466,25.1,32.8,28.95,1,1,1
74,Anuradhapura,2022-07-01,87.1000000238419,24.6,33.1,28.85,1,1,1
74,Anuradhapura,2022-08-01,55.0000010728836,24.8,32.5,28.65,1,1,1
74,Anuradhapura,2022-09-01,41.0999991446733,24.5,32.7,28.6,1,1,1
74,Anuradhapura,2022-10-01,169.200002238154,24.1,32.2,28.150000000000002,1,1,1
74,Anuradhapura,2022-11-01,207.100000917912,23.0,30.9,26.95,1,1,1
74,Anuradhapura,2022-12-01,310.199996650219,22.6,29.3,25.950000000000003,1,1,1
74,Anuradhapura,2023-01-01,149.300000429153,21.4,29.4,25.4,1,1,1
74,Anuradhapura,2023-02-01,69.0999991893768,22.2,30.9,26.549999999999997,1,1,1
74,Anuradhapura,2023-03-01,72.1999990940094,23.9,33.0,28.45,1,1,1
74,Anuradhapura,2023-04-01,274.499996557832,24.8,34.3,29.549999999999997,1,1,1
74,Anuradhapura,2023-05-01,121.19999974966,25.3,33.2,29.25,1,1,1
74,Anuradhapura,2023-06-01,1.79999995231628,26.0,33.9,29.95,1,1,1
74,Anuradhapura,2023-07-01,0.0,25.9,33.9,29.9,1,1,1
74,Anuradhapura,2023-08-01,2.60000005364418,25.5,35.8,30.65,1,1,1
74,Anuradhapura,2023-09-01,48.499999538064,25.0,33.3,29.15,1,1,1
74,Anuradhapura,2023-10-01,257.299995981157,24.2,32.4,28.299999999999997,1,1,1
74,Anuradhapura,2023-11-01,419.799996942282,24.4,31.3,27.85,1,1,1
74,Anuradhapura,2023-12-01,236.600002922118,24.4,30.1,27.25,1,1,1
74,Anuradhapura,2024-01-01,124.699996456504,23.4,30.4,26.9,1,1,1
74,Anuradhapura,2024-02-01,34.5000007748604,24.0,32.7,28.35,1,1,1
74,Anuradhapura,2024-03-01,29.0000007152557,24.6,35.0,29.8,1,1,1
74,Anuradhapura,2024-04-01,28.9999997541308,26.1,35.9,31.0,1,1,1
74,Anuradhapura,2024-05-01,258.599999070168,25.7,33.6,29.65,1,1,1
74,Anuradhapura,2024-06-01,5.00000014901161,25.7,32.9,29.299999999999997,1,1,1
74,Anuradhapura,2024-07-01,0.0,25.9,33.9,29.9,1,1,1
74,Anuradhapura,2024-08-01,105.89999897778,25.1,33.2,29.150000000000002,1,1,1
74,Anuradhapura,2024-09-01,3.49999994039536,25.6,34.5,30.05,1,1,1
74,Anuradhapura,2024-10-01,205.899998657405,24.7,32.7,28.700000000000003,1,1,1
74,Anuradhapura,2024-11-01,467.499999172986,23.8,30.1,26.950000000000003,1,1,1
74,Anuradhapura,2024-12-01,295.400001347065,23.7,31.1,27.4,1,1,1
74,Anuradhapura,2025-01-01,260.599999561906,23.1,29.1,26.1,1,1,1
74,Anuradhapura,2025-02-01,186.900002241135,22.8,32.0,27.4,1,1,1
74,Anuradhapura,2025-03-01,67.7000003010035,24.4,33.1,28.75,1,1,1
74,Anuradhapura,2025-04-01,188.200000859797,25.2,34.2,29.700000000000003,1,1,1
74,Anuradhapura,2025-05-01,131.199999719858,25.5,33.3,29.4,1,1,1
74,Anuradhapura,2025-06-01,7.70000004768372,25.7,33.1,29.4,1,1,1
74,Anuradhapura,2025-07-01,0.0,25.6,34.2,29.900000000000002,1,1,1
74,Anuradhapura,2025-08-01,25.7000007629395,25.1,34.0,29.55,1,1,1
74,Anuradhapura,2025-09-01,7.80000007152557,25.6,,,1,1,0
74,Anuradhapura,2025-10-01,296.100003808737,24.2,,,1,1,0
76,Batticaloa,2021-01-01,651.5999966412785,23.9,28.7,26.299999999999997,2,2,1
76,Batticaloa,2021-02-01,155.3499981164935,24.4,29.3,26.85,2,2,1
76,Batticaloa,2021-03-01,69.7999994084239,24.6,30.7,27.65,2,2,1
76,Batticaloa,2021-04-01,86.90000069141395,26.0,32.3,29.15,2,2,1
76,Batticaloa,2021-05-01,61.3999995142221,26.3,33.0,29.65,2,2,1
76,Batticaloa,2021-06-01,38.099999934434905,25.9,34.1,30.0,2,2,1
76,Batticaloa,2021-07-01,39.1999993622303,26.0,,,2,2,0
76,Batticaloa,2021-08-01,58.00000055506825,25.9,33.0,29.45,2,2,1
76,Batticaloa,2021-09-01,30.9500000551343,25.9,33.2,29.55,2,2,1
76,Batticaloa,2021-10-01,98.750000163913,25.2,31.8,28.5,2,2,1
76,Batticaloa,2021-11-01,451.949997521937,24.8,30.6,27.700000000000003,2,2,1
76,Batticaloa,2021-12-01,222.499996352941,24.1,,,2,2,0
76,Batticaloa,2022-01-01,378.600001502782,22.7,29.2,25.95,2,2,1
76,Batticaloa,2022-02-01,206.3000010251995,23.6,29.4,26.5,2,2,1
76,Batticaloa,2022-03-01,127.95000135898599,24.6,30.8,27.700000000000003,2,2,1
76,Batticaloa,2022-04-01,56.64999973773955,24.9,32.2,28.55,2,2,1
76,Batticaloa,2022-05-01,51.0,,,,1,1,0
76,Batticaloa,2022-06-01,7.900000013411045,25.7,33.6,29.65,2,2,1
76,Batticaloa,2022-07-01,25.050000727176638,25.5,33.9,29.7,2,2,1
76,Batticaloa,2022-08-01,123.44999881461246,24.6,32.9,28.75,2,2,1
76,Batticaloa,2022-09-01,38.75000059604645,24.4,32.6,28.5,2,2,1
76,Batticaloa,2022-10-01,170.349999822676,24.2,31.7,27.95,2,2,1
76,Batticaloa,2022-11-01,301.799997843802,23.1,29.6,26.35,2,2,1
76,Batticaloa,2022-12-01,279.5000013709065,22.9,28.5,25.7,2,2,1
76,Batticaloa,2023-01-01,164.30000060051685,22.8,28.2,25.5,2,2,1
76,Batticaloa,2023-02-01,154.00000043213402,23.8,28.7,26.25,2,2,1
76,Batticaloa,2023-03-01,125.300000280142,25.2,30.7,27.95,2,2,1
76,Batticaloa,2023-04-01,61.9499987401068,25.8,32.4,29.1,2,2,1
76,Batticaloa,2023-05-01,52.1000006198883,26.2,32.8,29.5,1,1,1
76,Batticaloa,2023-06-01,9.6500000730157,26.6,33.8,30.2,2,2,1
76,Batticaloa,2023-07-01,1.14999997615814,26.2,34.7,30.450000000000003,2,2,1
76,Batticaloa,2023-08-01,8.80000019073486,26.3,32.4,29.35,1,1,1
76,Batticaloa,2023-09-01,127.09999933838844,25.8,33.6,29.700000000000003,2,2,1
76,Batticaloa,2023-10-01,219.600001454353,24.9,31.5,28.2,2,2,1
76,Batticaloa,2023-11-01,321.6000008769335,25.0,30.6,27.8,2,2,1
76,Batticaloa,2023-12-01,455.949999041855,25.2,29.7,27.45,2,2,1
76,Batticaloa,2024-01-01,598.150000680238,24.3,29.0,26.65,2,2,1
76,Batticaloa,2024-02-01,54.9500003308058,25.4,30.2,27.799999999999997,2,2,1
76,Batticaloa,2024-03-01,58.45000026375055,25.2,31.3,28.25,2,2,1
76,Batticaloa,2024-04-01,56.4499997869134,26.6,32.7,29.650000000000002,2,2,1
76,Batticaloa,2024-05-01,30.2999999783933,26.7,33.5,30.1,2,2,1
76,Batticaloa,2024-06-01,29.700000181794152,26.7,34.3,30.5,2,2,1
76,Batticaloa,2024-07-01,6.3000000715255755,26.8,35.7,31.25,2,2,1
76,Batticaloa,2024-08-01,116.10000002011651,26.0,33.0,29.5,2,2,1
76,Batticaloa,2024-09-01,25.89999958872795,26.0,35.0,30.5,2,2,1
76,Batticaloa,2024-10-01,163.099998805672,25.5,31.5,28.5,2,2,1
76,Batticaloa,2024-11-01,428.850001960993,24.7,30.0,27.35,2,2,1
76,Batticaloa,2024-12-01,104.1999993026258,24.7,29.7,27.2,2,2,1
76,Batticaloa,2025-01-01,451.5499979630115,24.4,28.0,26.2,2,2,1
76,Batticaloa,2025-02-01,128.44999917224075,24.4,29.8,27.1,2,2,1
76,Batticaloa,2025-03-01,106.30000003054745,25.1,30.8,27.950000000000003,2,2,1
76,Batticaloa,2025-04-01,80.75000003725285,25.7,32.4,29.049999999999997,2,2,1
76,Batticaloa,2025-05-01,53.3999997973442,26.6,34.0,30.3,2,2,1
76,Batticaloa,2025-06-01,0.1500000059604645,26.7,35.0,30.85,2,2,1
76,Batticaloa,2025-07-01,19.900000005960464,26.7,35.7,31.200000000000003,2,2,1
76,Batticaloa,2025-08-01,11.8999998494983,25.9,33.8,29.849999999999998,1,1,1
76,Batticaloa,2025-09-01,54.9999992549419,25.9,34.5,30.2,1,1,1
76,Batticaloa,2025-10-01,106.900000452995,25.3,32.6,28.950000000000003,1,1,1
77,Colombo,2021-01-01,132.400000818074,24.0,30.7,27.35,1,1,1
77,Colombo,2021-02-01,45.8999991938472,24.0,32.1,28.05,1,1,1
77,Colombo,2021-03-01,148.599999979138,24.4,31.6,28.0,1,1,1
77,Colombo,2021-04-01,325.600001998246,25.6,31.8,28.700000000000003,1,1,1
77,Colombo,2021-05-01,351.400000721216,25.9,31.5,28.7,1,1,1
77,Colombo,2021-06-01,317.30000654608,26.4,30.9,28.65,1,1,1
77,Colombo,2021-07-01,278.30000282079,26.2,30.4,28.299999999999997,1,1,1
77,Colombo,2021-08-01,164.000001996756,26.0,30.0,28.0,1,1,1
77,Colombo,2021-09-01,189.399999149144,25.9,30.4,28.15,1,1,1
77,Colombo,2021-10-01,324.199999004602,25.2,30.4,27.799999999999997,1,1,1
77,Colombo,2021-11-01,483.399998411536,24.3,29.8,27.05,1,1,1
77,Colombo,2021-12-01,95.6000003367662,24.1,31.6,27.85,1,1,1
77,Colombo,2022-01-01,76.299998536706,23.9,32.2,28.05,1,1,1
77,Colombo,2022-02-01,24.9000006467104,24.1,32.1,28.1,1,1,1
77,Colombo,2022-03-01,54.9000015035272,25.9,32.4,29.15,1,1,1
77,Colombo,2022-04-01,474.199997477233,25.3,31.8,28.55,1,1,1
77,Colombo,2022-05-01,351.700000554323,26.4,31.0,28.7,1,1,1
77,Colombo,2022-06-01,90.999999076128,26.6,30.7,28.65,1,1,1
77,Colombo,2022-07-01,12.5000000745058,26.3,30.5,28.4,1,1,1
77,Colombo,2022-08-01,113.1000020504,26.1,30.0,28.05,1,1,1
77,Colombo,2022-09-01,98.7000004500151,26.1,30.3,28.200000000000003,1,1,1
77,Colombo,2022-10-01,506.599999643862,25.1,29.9,27.5,1,1,1
77,Colombo,2022-11-01,276.600003242493,24.3,30.7,27.5,1,1,1
77,Colombo,2022-12-01,309.600001528859,23.7,30.4,27.049999999999997,1,1,1
77,Colombo,2023-01-01,114.899997070432,23.2,31.0,27.1,1,1,1
77,Colombo,2023-02-01,79.2999989539385,24.1,,,1,1,0
77,Colombo,2023-03-01,208.000003695488,24.6,32.0,28.3,1,1,1
77,Colombo,2023-04-01,261.700003027916,25.3,32.3,28.799999999999997,1,1,1
77,Colombo,2023-05-01,322.000002726913,26.3,31.7,29.0,1,1,1
77,Colombo,2023-06-01,104.40000063926,26.7,31.3,29.0,1,1,1
77,Colombo,2023-07-01,102.399999454618,26.7,30.7,28.7,1,1,1
77,Colombo,2023-08-01,82.2999992966652,27.0,31.6,29.3,1,1,1
77,Colombo,2023-09-01,722.200007736683,24.9,30.2,27.549999999999997,1,1,1
77,Colombo,2023-10-01,636.599996805191,24.6,30.3,27.450000000000003,1,1,1
77,Colombo,2023-11-01,421.699998617172,24.6,31.3,27.950000000000003,1,1,1
77,Colombo,2023-12-01,337.50000166893,24.7,31.8,28.25,1,1,1
77,Colombo,2024-01-01,191.10000077635,24.4,31.9,28.15,1,1,1
77,Colombo,2024-02-01,7.39999993145466,25.3,33.5,29.4,1,1,1
77,Colombo,2024-03-01,63.5999997854233,26.3,33.2,29.75,1,1,1
77,Colombo,2024-04-01,362.999996960163,26.4,33.4,29.9,1,1,1
77,Colombo,2024-05-01,533.899996653199,,31.9,,1,1,0
77,Colombo,2024-06-01,353.400000669062,26.4,31.2,28.799999999999997,1,1,1
77,Colombo,2024-07-01,277.99999897927,26.3,31.1,28.700000000000003,1,1,1
77,Colombo,2024-08-01,341.000006325543,26.5,31.0,28.75,1,1,1
77,Colombo,2024-09-01,216.00000013411,26.7,31.4,29.049999999999997,1,1,1
77,Colombo,2024-10-01,714.49999755621,25.3,30.6,27.950000000000003,1,1,1
77,Colombo,2024-11-01,302.099999047816,24.6,30.9,27.75,1,1,1
77,Colombo,2024-12-01,78.3000001013279,24.8,31.6,28.200000000000003,1,1,1
77,Colombo,2025-01-01,71.3999993130565,24.3,30.8,27.55,1,1,1
77,Colombo,2025-02-01,18.599999666214,24.6,32.9,28.75,1,1,1
77,Colombo,2025-03-01,254.80000115931,25.1,32.1,28.6,1,1,1
77,Colombo,2025-04-01,293.799999386072,25.8,32.3,29.049999999999997,1,1,1
77,Colombo,2025-05-01,273.900003299117,26.3,31.9,29.1,1,1,1
77,Colombo,2025-06-01,183.399997107685,26.8,31.5,29.15,1,1,1
77,Colombo,2025-07-01,59.6999996751547,26.7,31.1,28.9,1,1,1
77,Colombo,2025-08-01,60.0999995172024,26.4,30.6,28.5,1,1,1
77,Colombo,2025-09-01,100.399997808039,26.8,31.4,29.1,1,1,1
77,Colombo,2025-10-01,591.100004114211,25.2,30.7,27.95,1,1,1
78,Galle,2021-01-01,185.800001721829,24.2,29.3,26.75,2,2,1
78,Galle,2021-02-01,89.3000016584991,24.3,30.2,27.25,2,2,1
78,Galle,2021-03-01,239.049998447299,24.5,31.1,27.8,2,2,1
78,Galle,2021-04-01,315.10000048950303,25.9,30.7,28.299999999999997,2,2,1
78,Galle,2021-05-01,422.5500006750225,26.0,30.4,28.2,2,2,1
78,Galle,2021-06-01,363.699998907745,26.3,29.7,28.0,2,2,1
78,Galle,2021-07-01,323.5499999821185,25.8,29.2,27.5,2,2,1
78,Galle,2021-08-01,258.8000000827015,25.5,28.6,27.05,2,2,1
78,Galle,2021-09-01,310.3000001348555,25.9,29.3,27.6,2,2,1
78,Galle,2021-10-01,385.99999684840446,25.6,29.2,27.4,2,2,1
78,Galle,2021-11-01,655.45000500232,24.8,29.0,26.9,2,2,1
78,Galle,2021-12-01,215.349999397993,24.5,30.3,27.4,2,2,1
78,Galle,2022-01-01,107.09999983385195,24.4,30.0,27.2,2,2,1
78,Galle,2022-02-01,153.850000169128,24.6,30.1,27.35,2,2,1
78,Galle,2022-03-01,96.70000012218975,25.7,30.3,28.0,2,2,1
78,Galle,2022-04-01,247.2999995835125,25.6,30.4,28.0,2,2,1
78,Galle,2022-05-01,643.5000010989605,,,,2,2,0
78,Galle,2022-06-01,272.29999891296,26.1,29.5,27.8,2,2,1
78,Galle,2022-07-01,139.8000008650126,26.1,28.8,27.450000000000003,2,2,1
78,Galle,2022-08-01,295.3499993644655,25.5,28.3,26.9,2,2,1
78,Galle,2022-09-01,92.84999967366474,25.9,28.9,27.4,2,2,1
78,Galle,2022-10-01,765.249999344349,24.9,28.7,26.799999999999997,2,2,1
78,Galle,2022-11-01,197.1500005126,24.6,29.7,27.15,2,2,1
78,Galle,2022-12-01,234.59999866783602,24.0,29.3,26.65,2,2,1
78,Galle,2023-01-01,91.1000009477139,23.5,29.0,26.25,1,1,1
78,Galle,2023-02-01,203.450001657009,24.0,29.9,26.95,2,2,1
78,Galle,2023-03-01,243.75000364333397,24.8,31.1,27.950000000000003,2,2,1
78,Galle,2023-04-01,171.95000050216902,25.5,31.3,28.4,2,2,1
78,Galle,2023-05-01,489.6999976933005,26.6,30.3,28.450000000000003,2,2,1
78,Galle,2023-06-01,336.699999626726,26.5,29.8,28.15,2,2,1
78,Galle,2023-07-01,182.8500001728535,26.1,29.1,27.6,2,2,1
78,Galle,2023-08-01,217.949999269098,26.9,29.8,28.35,2,2,1
78,Galle,2023-09-01,883.3000003099445,24.8,29.0,26.9,2,2,1
78,Galle,2023-10-01,963.1000027060495,24.6,29.2,26.9,2,2,1
78,Galle,2023-11-01,595.7000000476835,25.0,30.3,27.65,2,2,1
78,Galle,2023-12-01,610.999996650964,25.2,30.4,27.799999999999997,2,2,1
78,Galle,2024-01-01,265.800000093877,24.5,30.1,27.3,2,2,1
78,Galle,2024-02-01,62.44999971985815,25.1,32.1,28.6,2,2,1
78,Galle,2024-03-01,119.89999920874816,25.8,31.8,28.8,2,2,1
78,Galle,2024-04-01,395.9499998502435,26.5,32.3,29.4,2,2,1
78,Galle,2024-05-01,679.4999993145465,26.2,30.7,28.45,2,2,1
78,Galle,2024-06-01,347.700000863522,26.5,29.8,28.15,2,2,1
78,Galle,2024-07-01,492.04999892786145,26.2,29.9,28.049999999999997,2,2,1
78,Galle,2024-08-01,433.499999206513,26.1,29.6,27.85,2,2,1
78,Galle,2024-09-01,311.5500004142525,26.5,30.2,28.35,2,2,1
78,Galle,2024-10-01,818.7000004351155,25.6,29.5,27.55,2,2,1
78,Galle,2024-11-01,526.05000057444,24.8,30.0,27.4,2,2,1
78,Galle,2024-12-01,192.0499992258845,25.0,30.1,27.55,2,2,1
78,Galle,2025-01-01,223.60000009834778,24.4,28.7,26.549999999999997,2,2,1
78,Galle,2025-02-01,124.00000005587916,24.7,31.0,27.85,2,2,1
78,Galle,2025-03-01,334.10000031814,25.1,31.4,28.25,2,2,1
78,Galle,2025-04-01,272.60000083595503,26.3,31.1,28.700000000000003,2,2,1
78,Galle,2025-05-01,632.6500020101665,26.2,30.4,28.299999999999997,2,2,1
78,Galle,2025-06-01,355.849999167025,26.2,29.7,27.95,2,2,1
78,Galle,2025-07-01,173.89999971911294,26.1,28.8,27.450000000000003,2,2,1
78,Galle,2025-08-01,60.3000010251999,26.2,29.1,27.65,1,1,1
78,Galle,2025-09-01,399.34999934211396,26.8,29.8,28.3,2,2,1
78,Galle,2025-10-01,422.900005556643,25.3,29.5,27.4,1,1,1
79,Gampaha,2021-01-01,140.5500004291535,22.8,30.8,26.8,2,2,1
79,Gampaha,2021-02-01,2.00000000745058,22.5,32.6,27.55,2,2,1
79,Gampaha,2021-03-01,168.199998527765,22.9,32.4,27.65,2,2,1
79,Gampaha,2021-04-01,222.5000011511145,24.4,32.0,28.2,2,2,1
79,Gampaha,2021-05-01,443.9500027000905,,31.2,,2,2,0
79,Gampaha,2021-06-01,343.0499970503155,24.1,30.7,27.4,2,2,1
79,Gampaha,2021-07-01,107.050000805408,25.3,30.6,27.950000000000003,2,2,1
79,Gampaha,2021-08-01,156.750001538545,25.5,,,2,2,0
79,Gampaha,2021-09-01,119.500000026077,25.3,,,2,2,0
79,Gampaha,2021-10-01,503.0499990172685,24.5,30.3,27.4,2,2,1
79,Gampaha,2021-11-01,461.6999966055155,23.9,29.9,26.9,2,2,1
79,Gampaha,2021-12-01,21.90000042691825,23.0,32.0,27.5,2,2,1
79,Gampaha,2022-01-01,15.050000030547366,22.7,32.5,27.6,2,2,1
79,Gampaha,2022-02-01,130.649999141693,22.5,32.7,27.6,2,2,1
79,Gampaha,2022-03-01,24.14999961853025,24.5,32.3,28.4,2,2,1
79,Gampaha,2022-04-01,290.44999958202254,24.4,31.7,28.049999999999997,2,2,1
79,Gampaha,2022-05-01,239.600000575185,,,,1,1,0
79,Gampaha,2022-06-01,48.3999998271465,25.7,30.6,28.15,2,2,1
79,Gampaha,2022-07-01,12.0000000335276,25.8,30.9,28.35,2,2,1
79,Gampaha,2022-08-01,90.6999994777144,25.7,30.2,27.95,2,2,1
79,Gampaha,2022-09-01,53.80000069737435,25.2,30.3,27.75,2,2,1
79,Gampaha,2022-10-01,384.5000024586915,24.5,29.9,27.2,2,2,1
79,Gampaha,2022-11-01,98.3500003777446,23.2,30.8,27.0,2,2,1
79,Gampaha,2022-12-01,197.7000023573635,22.8,30.1,26.450000000000003,2,2,1
79,Gampaha,2023-01-01,73.14999997615816,22.7,32.5,27.6,2,2,1
79,Gampaha,2023-02-01,80.6000002548096,22.5,32.0,27.25,2,2,1
79,Gampaha,2023-03-01,108.40000043064335,23.7,32.5,28.1,2,2,1
79,Gampaha,2023-04-01,239.499998740852,24.3,32.7,28.5,2,2,1
79,Gampaha,2023-05-01,336.750003285706,25.3,31.8,28.55,2,2,1
79,Gampaha,2023-06-01,113.29999966174381,26.1,31.4,28.75,2,2,1
79,Gampaha,2023-07-01,55.45000013336539,26.2,30.5,28.35,2,2,1
79,Gampaha,2023-08-01,47.599999852478504,26.0,31.6,28.8,2,2,1
79,Gampaha,2023-09-01,516.3999994061885,24.4,30.1,27.25,2,2,1
79,Gampaha,2023-10-01,556.300000716001,24.1,30.7,27.4,2,2,1
79,Gampaha,2023-11-01,547.6999955810604,24.0,31.8,27.9,2,2,1
79,Gampaha,2023-12-01,162.35000174865098,24.3,31.7,28.0,2,2,1
79,Gampaha,2024-01-01,136.9000003859403,23.5,32.3,27.9,2,2,1
79,Gampaha,2024-02-01,0.050000000745058,24.0,34.8,29.4,2,2,1
79,Gampaha,2024-03-01,105.1499977409842,24.4,34.2,29.3,2,2,1
79,Gampaha,2024-04-01,214.25,25.5,33.5,29.5,2,2,1
79,Gampaha,2024-05-01,452.1000026538965,25.6,32.1,28.85,2,2,1
79,Gampaha,2024-06-01,252.54999766126252,25.5,31.3,28.4,2,2,1
79,Gampaha,2024-07-01,170.1499999202785,,31.2,,2,2,0
79,Gampaha,2024-08-01,306.84999744594097,25.4,31.1,28.25,2,2,1
79,Gampaha,2024-09-01,157.849999561906,26.1,31.5,28.8,2,2,1
79,Gampaha,2024-10-01,585.7500039637084,24.5,30.8,27.65,2,2,1
79,Gampaha,2024-11-01,368.999998588115,23.8,30.9,27.35,2,2,1
79,Gampaha,2024-12-01,107.10000045970091,23.6,31.6,27.6,2,2,1
79,Gampaha,2025-01-01,64.2999998405576,23.5,30.9,27.2,2,2,1
79,Gampaha,2025-02-01,12.59999990463255,,33.8,,2,2,0
79,Gampaha,2025-03-01,155.6500005796553,23.8,,,2,2,0
79,Gampaha,2025-04-01,323.0000010579825,24.8,32.3,28.549999999999997,2,2,1
79,Gampaha,2025-05-01,293.650000065565,25.5,31.7,28.6,2,2,1
79,Gampaha,2025-06-01,92.449999500066,26.3,31.4,28.85,2,2,1
79,Gampaha,2025-07-01,12.94999991357325,26.4,31.4,28.9,2,2,1
79,Gampaha,2025-08-01,18.45000000298025,26.1,31.3,28.700000000000003,2,2,1
79,Gampaha,2025-09-01,85.9500003121795,26.1,31.6,28.85,2,2,1
79,Gampaha,2025-10-01,444.000003233552,24.4,31.0,27.7,1,1,1
80,Hambantota,2021-01-01,75.4999996572733,23.9,30.3,27.1,1,1,1
80,Hambantota,2021-02-01,2.29999995231628,24.1,32.4,28.25,1,1,1
80,Hambantota,2021-03-01,111.700002029538,24.2,31.8,28.0,1,1,1
80,Hambantota,2021-04-01,29.7000002115965,25.6,32.4,29.0,1,1,1
80,Hambantota,2021-05-01,122.000001259148,25.9,32.4,29.15,1,1,1
80,Hambantota,2021-06-01,23.1999995112419,26.0,32.0,29.0,1,1,1
80,Hambantota,2021-07-01,111.999999701977,25.6,31.6,28.6,1,1,1
80,Hambantota,2021-08-01,54.4999994412065,25.5,31.3,28.4,1,1,1
80,Hambantota,2021-09-01,81.2999997809529,25.6,30.9,28.25,1,1,1
80,Hambantota,2021-10-01,160.69999922812,25.1,31.0,28.05,1,1,1
80,Hambantota,2021-11-01,229.200003199279,24.7,31.0,27.85,1,1,1
80,Hambantota,2021-12-01,205.000003345311,23.9,30.9,27.4,1,1,1
80,Hambantota,2022-01-01,21.2999999672174,23.9,31.1,27.5,1,1,1
80,Hambantota,2022-02-01,15.8000001460314,24.3,32.2,28.25,1,1,1
80,Hambantota,2022-03-01,99.299999833107,25.3,32.2,28.75,1,1,1
80,Hambantota,2022-04-01,108.700000151992,25.6,31.6,28.6,1,1,1
80,Hambantota,2022-06-01,41.7000005021691,25.7,31.5,28.6,1,1,1
80,Hambantota,2022-07-01,85.5000006780028,25.7,32.9,29.299999999999997,1,1,1
80,Hambantota,2022-08-01,20.3000000938773,24.8,31.1,27.950000000000003,1,1,1
80,Hambantota,2022-09-01,5.49999995529652,25.2,31.5,28.35,1,1,1
80,Hambantota,2022-10-01,56.799999602138996,25.2,32.5,28.85,2,2,1
80,Hambantota,2022-11-01,154.050000578165,24.2,31.6,27.9,2,2,1
80,Hambantota,2022-12-01,74.79999991506335,23.8,30.4,27.1,2,2,1
80,Hambantota,2023-01-01,71.29999950528145,22.9,30.8,26.85,2,2,1
80,Hambantota,2023-02-01,138.399998821318,23.6,30.7,27.15,1,1,1
80,Hambantota,2023-03-01,23.3000005483627,24.9,31.4,28.15,1,1,1
80,Hambantota,2023-04-01,37.35000014677645,25.8,33.1,29.450000000000003,2,2,1
80,Hambantota,2023-05-01,78.94999925792195,26.3,31.3,28.8,2,2,1
80,Hambantota,2023-06-01,1.850000016391275,26.5,32.1,29.3,2,2,1
80,Hambantota,2023-07-01,8.35000011324885,25.9,32.7,29.3,2,2,1
80,Hambantota,2023-08-01,17.300000477582202,26.1,32.0,29.05,2,2,1
80,Hambantota,2023-09-01,395.40000197663903,24.6,29.8,27.200000000000003,2,2,1
80,Hambantota,2023-10-01,498.39999703317903,24.6,29.9,27.25,2,2,1
80,Hambantota,2023-11-01,263.2499992288645,24.9,30.9,27.9,2,2,1
80,Hambantota,2023-12-01,428.1499990299345,24.9,30.3,27.6,2,2,1
80,Hambantota,2024-01-01,239.15000176429749,24.1,30.6,27.35,2,2,1
80,Hambantota,2024-02-01,26.499999985098867,25.0,32.5,28.75,2,2,1
80,Hambantota,2024-03-01,53.6000001914799,25.1,33.1,29.1,2,2,1
80,Hambantota,2024-04-01,20.300000205636,26.6,33.6,30.1,2,2,1
80,Hambantota,2024-05-01,109.04999950900691,26.5,32.2,29.35,2,2,1
80,Hambantota,2024-06-01,70.14999986067414,26.1,30.8,28.450000000000003,2,2,1
80,Hambantota,2024-07-01,18.85000003129245,25.7,31.3,28.5,2,2,1
80,Hambantota,2024-08-01,95.29999933391801,25.4,30.8,28.1,2,2,1
80,Hambantota,2024-09-01,36.00000047683715,25.9,31.2,28.549999999999997,2,2,1
80,Hambantota,2024-10-01,106.449999485165,25.4,31.1,28.25,2,2,1
80,Hambantota,2024-11-01,208.74999880418198,24.7,31.3,28.0,2,2,1
80,Hambantota,2024-12-01,101.9500009715555,24.7,31.5,28.1,2,2,1
80,Hambantota,2025-01-01,195.89999981224548,23.9,29.8,26.85,2,2,1
80,Hambantota,2025-02-01,106.39999890327455,23.7,32.8,28.25,2,2,1
80,Hambantota,2025-03-01,142.000001400709,24.7,31.5,28.1,1,1,1
80,Hambantota,2025-04-01,141.04999992996449,25.6,31.4,28.5,2,2,1
80,Hambantota,2025-05-01,60.949999563396,26.2,31.4,28.799999999999997,2,2,1
80,Hambantota,2025-06-01,18.9000004865229,26.0,31.0,28.5,2,2,1
80,Hambantota,2025-07-01,11.5999999791384,25.8,32.7,29.25,1,1,1
80,Hambantota,2025-08-01,14.2999995276332,25.5,31.9,28.7,1,1,1
80,Hambantota,2025-09-01,21.2999999523163,26.0,32.4,29.2,1,1,1
80,Hambantota,2025-10-01,127.800001770258,25.4,31.8,28.6,1,1,1
81,Jaffna,2021-01-01,317.499999977648,22.9,28.9,25.9,1,1,1
81,Jaffna,2021-02-01,15.3000000119209,21.5,29.6,25.55,1,1,1
81,Jaffna,2021-03-01,1.60000000149012,23.2,32.4,27.799999999999997,1,1,1
81,Jaffna,2021-04-01,110.400001361966,26.3,33.2,29.75,1,1,1
81,Jaffna,2021-05-01,95.4000015929341,27.1,33.1,30.1,1,1,1
81,Jaffna,2021-06-01,50.400001168251,27.3,32.7,30.0,1,1,1
81,Jaffna,2021-07-01,56.9999990165234,27.0,32.7,29.85,1,1,1
81,Jaffna,2021-08-01,8.30000016838312,26.9,32.7,29.8,1,1,1
81,Jaffna,2021-09-01,54.700001001358,26.9,33.0,29.95,1,1,1
81,Jaffna,2021-10-01,390.699994809926,25.6,30.6,28.1,1,1,1
81,Jaffna,2021-11-01,752.399996347725,24.5,29.3,26.9,1,1,1
81,Jaffna,2021-12-01,189.600001350045,22.6,29.6,26.1,1,1,1
81,Jaffna,2022-01-01,181.199997775257,22.6,29.8,26.200000000000003,1,1,1
81,Jaffna,2022-02-01,108.299999713898,21.7,29.8,25.75,1,1,1
81,Jaffna,2022-03-01,18.5000000298023,24.5,31.9,28.2,1,1,1
81,Jaffna,2022-04-01,185.099999859929,25.8,32.7,29.25,1,1,1
81,Jaffna,2022-05-01,10.3000001907349,28.0,,,1,1,0
81,Jaffna,2022-06-01,5.30000001192093,27.3,32.8,30.049999999999997,1,1,1
81,Jaffna,2022-07-01,73.0999993532896,26.5,32.9,29.7,1,1,1
81,Jaffna,2022-08-01,94.9999982118607,26.3,32.0,29.15,1,1,1
81,Jaffna,2022-09-01,2.80000004917383,26.4,31.8,29.1,1,1,1
81,Jaffna,2022-10-01,479.399999395013,25.1,31.2,28.15,1,1,1
81,Jaffna,2022-11-01,263.200001470745,23.2,29.6,26.4,1,1,1
81,Jaffna,2022-12-01,201.799997627735,23.6,29.2,26.4,1,1,1
81,Jaffna,2023-01-01,22.8999996930361,21.4,28.8,25.1,1,1,1
81,Jaffna,2023-02-01,166.400000795722,21.0,29.8,25.4,1,1,1
81,Jaffna,2023-03-01,10.6999999284744,24.1,32.1,28.1,1,1,1
81,Jaffna,2023-04-01,6.09999994188547,25.7,34.6,30.15,1,1,1
81,Jaffna,2023-05-01,164.599996760488,27.6,32.5,30.05,1,1,1
81,Jaffna,2023-06-01,13.4999999776483,28.1,33.1,30.6,1,1,1
81,Jaffna,2023-07-01,25.0999999046326,27.4,32.7,30.05,1,1,1
81,Jaffna,2023-08-01,21.1999995708466,27.2,33.3,30.25,1,1,1
81,Jaffna,2023-09-01,67.7999982833862,27.2,32.2,29.700000000000003,1,1,1
81,Jaffna,2023-10-01,137.200002588332,25.6,31.3,28.450000000000003,1,1,1
81,Jaffna,2023-11-01,464.700001731515,24.4,30.4,27.4,1,1,1
81,Jaffna,2023-12-01,340.30000346154,24.9,29.4,27.15,1,1,1
81,Jaffna,2024-01-01,113.499999798834,22.8,29.5,26.15,1,1,1
81,Jaffna,2024-02-01,0.200000002980232,23.2,31.2,27.2,1,1,1
81,Jaffna,2024-03-01,29.200000859797,23.3,33.3,28.299999999999997,1,1,1
81,Jaffna,2024-04-01,11.6000000014901,26.4,35.2,30.8,1,1,1
81,Jaffna,2024-05-01,306.599997855723,27.5,33.5,30.5,1,1,1
81,Jaffna,2024-06-01,66.8999992609024,27.7,32.1,29.9,1,1,1
81,Jaffna,2024-07-01,9.30000038444996,27.7,32.7,30.200000000000003,1,1,1
81,Jaffna,2024-08-01,86.8999980986118,26.8,32.9,29.85,1,1,1
81,Jaffna,2024-09-01,5.60000006109476,27.6,33.6,30.6,1,1,1
81,Jaffna,2024-10-01,302.499999582767,25.5,31.6,28.55,1,1,1
81,Jaffna,2024-11-01,821.399989373982,24.4,29.5,26.95,1,1,1
81,Jaffna,2024-12-01,232.50000448525,24.1,30.0,27.05,1,1,1
81,Jaffna,2025-01-01,95.3999986872077,23.3,28.8,26.05,1,1,1
81,Jaffna,2025-02-01,86.4000007659197,21.6,30.8,26.200000000000003,1,1,1
81,Jaffna,2025-03-01,27.9000007510185,23.8,32.7,28.25,1,1,1
81,Jaffna,2025-04-01,76.8000000417233,26.3,33.8,30.049999999999997,1,1,1
81,Jaffna,2025-05-01,149.000001549721,27.6,33.1,30.35,1,1,1
81,Jaffna,2025-06-01,54.0000017285347,27.5,32.9,30.2,1,1,1
81,Jaffna,2025-07-01,5.89999981224537,27.1,33.4,30.25,1,1,1
81,Jaffna,2025-08-01,64.5000015199184,26.5,32.6,29.55,1,1,1
81,Jaffna,2025-09-01,109.50000166893,26.6,32.3,29.45,1,1,1
81,Jaffna,2025-10-01,392.800001740456,25.4,31.5,28.45,1,1,1
83,Kandy,2021-01-01,143.100001625717,20.4,28.6,24.5,1,1,1
83,Kandy,2021-02-01,54.6000015214086,19.6,30.3,24.950000000000003,1,1,1
83,Kandy,2021-03-01,86.3999999165535,20.3,31.6,25.950000000000003,1,1,1
83,Kandy,2021-04-01,285.600000679493,21.2,31.6,26.4,1,1,1
83,Kandy,2021-05-01,326.900001093745,22.3,29.9,26.1,1,1,1
83,Kandy,2021-06-01,125.399997718632,21.4,29.5,25.45,1,1,1
83,Kandy,2021-07-01,165.099999554455,22.3,29.0,25.65,1,1,1
83,Kandy,2021-08-01,136.60000140965,21.9,28.5,25.2,1,1,1
83,Kandy,2021-09-01,162.599998608232,,28.9,,1,1,0
83,Kandy,2021-10-01,438.499999478459,21.6,29.1,25.35,1,1,1
83,Kandy,2021-11-01,451.600002408028,21.1,28.3,24.700000000000003,1,1,1
83,Kandy,2021-12-01,46.3999995291233,20.1,30.2,25.15,1,1,1
83,Kandy,2022-01-01,14.2000000178814,19.2,30.4,24.799999999999997,1,1,1
83,Kandy,2022-02-01,29.4000005871058,19.4,30.6,25.0,1,1,1
83,Kandy,2022-03-01,79.9999989271164,21.2,31.7,26.45,1,1,1
83,Kandy,2022-04-01,250.200000137091,21.6,30.9,26.25,1,1,1
83,Kandy,2022-06-01,19.4999999403954,21.8,29.1,25.450000000000003,1,1,1
83,Kandy,2022-07-01,157.500000633299,22.1,28.8,25.450000000000003,1,1,1
83,Kandy,2022-08-01,265.000000648201,21.9,28.0,24.95,1,1,1
83,Kandy,2022-09-01,171.899998366833,20.8,28.9,24.85,1,1,1
83,Kandy,2022-10-01,249.700001552701,21.1,28.3,24.700000000000003,1,1,1
83,Kandy,2022-11-01,292.40000000596,20.2,29.0,24.6,1,1,1
83,Kandy,2022-12-01,292.300000697374,19.7,27.6,23.65,1,1,1
83,Kandy,2023-01-01,45.299999833107,18.6,28.4,23.5,1,1,1
83,Kandy,2023-02-01,90.5000007748604,19.4,29.3,24.35,1,1,1
83,Kandy,2023-03-01,66.5000002533197,21.0,31.4,26.2,1,1,1
83,Kandy,2023-04-01,149.899999171495,21.7,32.2,26.950000000000003,1,1,1
83,Kandy,2023-05-01,134.200000025332,22.2,30.9,26.549999999999997,1,1,1
83,Kandy,2023-06-01,72.7999992966652,22.5,29.6,26.05,1,1,1
83,Kandy,2023-07-01,64.1999998986721,22.6,29.0,25.8,1,1,1
83,Kandy,2023-08-01,27.1000008136034,21.6,31.4,26.5,1,1,1
83,Kandy,2023-09-01,175.10000038892,21.5,28.8,25.15,1,1,1
83,Kandy,2023-10-01,505.50000192225,21.5,29.5,25.5,1,1,1
83,Kandy,2023-11-01,545.499999880791,21.7,30.3,26.0,1,1,1
83,Kandy,2023-12-01,388.199996873736,21.7,28.8,25.25,1,1,1
83,Kandy,2024-01-01,171.900000944734,20.3,29.7,25.0,1,1,1
83,Kandy,2024-02-01,56.4000007286668,20.9,30.9,25.9,1,1,1
83,Kandy,2024-03-01,31.0000004768372,20.9,33.5,27.2,1,1,1
83,Kandy,2024-04-01,20.4999999850988,22.7,34.1,28.4,1,1,1
83,Kandy,2024-05-01,343.29999897629,23.0,30.7,26.85,1,1,1
83,Kandy,2024-06-01,128.799999848008,22.3,29.5,25.9,1,1,1
83,Kandy,2024-07-01,134.699999406934,22.6,29.3,25.950000000000003,1,1,1
83,Kandy,2024-08-01,145.699999988079,21.8,29.9,25.85,1,1,1
83,Kandy,2024-09-01,95.7999993786216,21.8,29.5,25.65,1,1,1
83,Kandy,2024-10-01,142.099999263883,21.7,29.8,25.75,1,1,1
83,Kandy,2024-11-01,608.099985353649,21.2,28.9,25.049999999999997,1,1,1
83,Kandy,2024-12-01,150.900002352893,20.3,29.3,24.8,1,1,1
83,Kandy,2025-01-01,213.799998916686,20.7,27.7,24.2,1,1,1
83,Kandy,2025-02-01,35.6999992728233,19.5,,,1,1,0
83,Kandy,2025-03-01,158.799997717142,20.7,31.2,25.95,1,1,1
83,Kandy,2025-04-01,147.70000038296,22.0,31.3,26.65,1,1,1
83,Kandy,2025-05-01,246.899997405708,22.4,30.0,26.2,1,1,1
83,Kandy,2025-06-01,167.10000140965,22.4,29.2,25.799999999999997,1,1,1
83,Kandy,2025-07-01,91.7000015303493,22.7,29.0,25.85,1,1,1
83,Kandy,2025-08-01,71.7000011578202,21.7,29.4,25.549999999999997,1,1,1
83,Kandy,2025-09-01,109.799998372793,21.8,29.6,25.700000000000003,1,1,1
83,Kandy,2025-10-01,257.199997603893,21.0,29.8,25.4,1,1,1
87,Mannar,2021-01-01,216.400000743568,24.8,29.2,27.0,1,1,1
87,Mannar,2021-02-01,25.3000001907349,24.5,29.9,27.2,1,1,1
87,Mannar,2021-03-01,66.5000004768372,25.3,31.9,28.6,1,1,1
87,Mannar,2021-04-01,90.8999993801117,,32.3,,1,1,0
87,Mannar,2021-05-01,84.99999884516,27.3,32.1,29.700000000000003,1,1,1
87,Mannar,2021-06-01,25.2999992370605,27.6,31.3,29.450000000000003,1,1,1
87,Mannar,2021-07-01,10.3999996334314,27.4,31.2,29.299999999999997,1,1,1
87,Mannar,2021-08-01,5.39999994635582,26.8,30.6,28.700000000000003,1,1,1
87,Mannar,2021-09-01,135.499999910593,26.7,30.8,28.75,1,1,1
87,Mannar,2021-10-01,332.000001393259,25.9,30.3,28.1,1,1,1
87,Mannar,2021-11-01,664.999993659556,25.2,29.2,27.2,1,1,1
87,Mannar,2021-12-01,62.5999982655048,25.0,29.8,27.4,1,1,1
87,Mannar,2022-01-01,29.5000001788139,24.4,30.0,27.2,1,1,1
87,Mannar,2022-02-01,15.1999999880791,24.4,30.3,27.35,1,1,1
87,Mannar,2022-03-01,0.899999976158142,26.0,31.7,28.85,1,1,1
87,Mannar,2022-04-01,240.20000103116,25.9,32.0,28.95,1,1,1
87,Mannar,2022-06-01,0.0,27.5,31.2,29.35,1,1,1
87,Mannar,2022-07-01,3.29999991506338,26.7,31.3,29.0,1,1,1
87,Mannar,2022-08-01,97.1999993398786,26.3,30.4,28.35,1,1,1
87,Mannar,2022-09-01,1.89999997615814,26.5,30.1,28.3,1,1,1
87,Mannar,2022-10-01,194.200001403689,25.5,30.4,27.95,1,1,1
87,Mannar,2022-11-01,130.799998581409,24.8,29.6,27.200000000000003,1,1,1
87,Mannar,2022-12-01,205.20000115037,24.8,29.2,27.0,1,1,1
87,Mannar,2023-01-01,41.3000002503395,24.2,29.0,26.6,1,1,1
87,Mannar,2023-02-01,125.599998235703,24.0,29.8,26.9,1,1,1
87,Mannar,2023-03-01,3.90000005066395,25.8,32.1,28.950000000000003,1,1,1
87,Mannar,2023-04-01,61.300000667572,26.3,33.6,29.950000000000003,1,1,1
87,Mannar,2023-05-01,163.400001481175,27.5,32.0,29.75,1,1,1
87,Mannar,2023-06-01,14.3000001907349,28.4,31.9,30.15,1,1,1
87,Mannar,2023-07-01,1.80000001192093,27.3,31.0,29.15,1,1,1
87,Mannar,2023-08-01,0.0,27.2,31.3,29.25,1,1,1
87,Mannar,2023-09-01,6.80000007152557,27.4,31.3,29.35,1,1,1
87,Mannar,2023-10-01,154.199999392033,25.7,31.0,28.35,1,1,1
87,Mannar,2023-11-01,359.500003695488,25.5,30.4,27.95,1,1,1
87,Mannar,2023-12-01,305.599995404482,25.6,29.6,27.6,1,1,1
87,Mannar,2024-01-01,33.3000004068017,25.3,29.8,27.55,1,1,1
87,Mannar,2024-02-01,0.300000011920929,25.8,31.9,28.85,1,1,1
87,Mannar,2024-03-01,65.0,25.2,33.2,29.200000000000003,1,1,1
87,Mannar,2024-04-01,82.9000005722046,27.3,34.1,30.700000000000003,1,1,1
87,Mannar,2024-05-01,115.199999980628,27.2,32.4,29.799999999999997,1,1,1
87,Mannar,2024-06-01,54.3999991416931,27.8,31.3,29.55,1,1,1
87,Mannar,2024-07-01,0.0,28.1,,,1,1,0
87,Mannar,2024-08-01,139.899999812245,26.9,31.6,29.25,1,1,1
87,Mannar,2024-09-01,4.60000002384186,27.7,31.6,29.65,1,1,1
87,Mannar,2024-10-01,534.499998033047,25.9,30.6,28.25,1,1,1
87,Mannar,2024-11-01,653.000004321337,25.3,29.6,27.450000000000003,1,1,1
87,Mannar,2024-12-01,117.999999284744,25.6,29.8,27.700000000000003,1,1,1
87,Mannar,2025-01-01,263.199999153614,24.9,28.6,26.75,1,1,1
87,Mannar,2025-02-01,59.9000019133091,24.6,30.6,27.6,1,1,1
87,Mannar,2025-03-01,30.8000003471971,25.4,32.2,28.8,1,1,1
87,Mannar,2025-04-01,29.3000005036592,26.7,33.0,29.85,1,1,1
87,Mannar,2025-05-01,142.999998092651,27.8,32.4,30.1,1,1,1
87,Mannar,2025-06-01,0.0,28.0,31.4,29.7,1,1,1
87,Mannar,2025-07-01,0.0,27.3,31.6,29.450000000000003,1,1,1
87,Mannar,2025-08-01,0.200000002980232,26.7,30.8,28.75,1,1,1
87,Mannar,2025-09-01,1.0,27.4,31.4,29.4,1,1,1
87,Mannar,2025-10-01,221.400001958013,26.0,31.1,28.55,1,1,1
88,Matale,2023-01-01,64.2000007629395,,,,1,1,0
88,Matale,2023-03-01,46.5999999046326,,,,1,1,0
88,Matale,2023-04-01,149.599999964237,,,,1,1,0
88,Matale,2023-05-01,218.999999523163,,,,1,1,0
88,Matale,2023-06-01,3.90000009536743,,,,1,1,0
88,Matale,2023-07-01,0.0,,,,1,1,0
88,Matale,2023-08-01,6.90000009536743,,,,1,1,0
88,Matale,2023-09-01,6.90000009536743,,,,1,1,0
88,Matale,2023-10-01,342.499998450279,,,,1,1,0
88,Matale,2023-11-01,330.200003087521,,,,1,1,0
88,Matale,2023-12-01,543.200007021427,,,,1,1,0
88,Matale,2024-01-01,244.099996566772,,,,1,1,0
88,Matale,2024-02-01,20.2999997138977,,,,1,1,0
88,Matale,2024-03-01,0.0,,,,1,1,0
88,Matale,2024-04-01,71.2000002861023,,,,1,1,0
88,Matale,2024-06-01,0.0,,,,1,1,0
88,Matale,2024-07-01,0.0,,,,1,1,0
88,Matale,2024-08-01,106.399999856949,,,,1,1,0
88,Matale,2024-09-01,13.9999997019768,,,,1,1,0
88,Matale,2024-10-01,145.700000286102,,,,1,1,0
88,Matale,2024-11-01,555.500001490116,,,,1,1,0
88,Matale,2024-12-01,188.100001692772,,,,1,1,0
92,Nuwara Eliya,2021-01-01,91.4000005573034,11.7,19.4,15.549999999999999,1,1,1
92,Nuwara Eliya,2021-02-01,59.1999998018146,9.6,21.2,15.399999999999999,1,1,1
92,Nuwara Eliya,2021-03-01,108.700003221631,11.3,21.0,16.15,1,1,1
92,Nuwara Eliya,2021-04-01,107.200000107288,10.7,22.5,16.6,1,1,1
92,Nuwara Eliya,2021-05-01,273.19999871403,13.5,20.9,17.2,1,1,1
92,Nuwara Eliya,2021-06-01,111.300000734627,13.2,20.4,16.799999999999997,1,1,1
92,Nuwara Eliya,2021-07-01,199.600002124906,13.6,19.5,16.55,1,1,1
92,Nuwara Eliya,2021-08-01,119.199998803437,13.7,19.0,16.35,1,1,1
92,Nuwara Eliya,2021-09-01,158.500002063811,13.4,19.5,16.45,1,1,1
92,Nuwara Eliya,2021-10-01,387.500000685453,13.3,19.8,16.55,1,1,1
92,Nuwara Eliya,2021-11-01,241.399998754263,13.2,19.2,16.2,1,1,1
92,Nuwara Eliya,2021-12-01,78.600000038743,10.5,20.4,15.45,1,1,1
92,Nuwara Eliya,2022-01-01,36.8000003993511,10.3,20.4,15.35,1,1,1
92,Nuwara Eliya,2022-02-01,35.8999998345971,10.3,21.3,15.8,1,1,1
92,Nuwara Eliya,2022-03-01,47.2999996840954,11.8,21.7,16.75,1,1,1
92,Nuwara Eliya,2022-04-01,242.800000533462,12.4,21.9,17.15,1,1,1
92,Nuwara Eliya,2022-05-01,243.199999012053,14.3,19.7,17.0,1,1,1
92,Nuwara Eliya,2022-06-01,47.3000006303191,14.2,19.8,17.0,1,1,1
92,Nuwara Eliya,2022-07-01,193.800000578165,13.8,19.2,16.5,1,1,1
92,Nuwara Eliya,2022-08-01,293.39999756217,13.4,18.9,16.15,1,1,1
92,Nuwara Eliya,2022-09-01,70.9999983385205,12.7,19.6,16.15,1,1,1
92,Nuwara Eliya,2022-10-01,385.299996294081,13.0,19.2,16.1,1,1,1
92,Nuwara Eliya,2022-11-01,89.5999995917082,12.3,20.2,16.25,1,1,1
92,Nuwara Eliya,2022-12-01,141.400001466274,11.4,18.6,15.0,1,1,1
92,Nuwara Eliya,2023-01-01,60.5000005736947,10.2,19.4,14.799999999999999,1,1,1
92,Nuwara Eliya,2023-02-01,57.8000003248453,11.0,20.3,15.65,1,1,1
92,Nuwara Eliya,2023-03-01,70.6000013276935,12.0,21.3,16.65,1,1,1
92,Nuwara Eliya,2023-04-01,112.299999549985,11.9,22.4,17.15,1,1,1
92,Nuwara Eliya,2023-05-01,121.000000827014,13.5,22.2,17.85,1,1,1
92,Nuwara Eliya,2023-06-01,57.8999997675419,14.7,20.7,17.7,1,1,1
92,Nuwara Eliya,2023-07-01,167.700000599027,14.3,19.5,16.9,1,1,1
92,Nuwara Eliya,2023-08-01,58.6999996677041,13.3,21.7,17.5,1,1,1
92,Nuwara Eliya,2023-09-01,242.700000941753,14.2,19.0,16.6,1,1,1
92,Nuwara Eliya,2023-10-01,377.400002777576,13.5,20.5,17.0,1,1,1
92,Nuwara Eliya,2023-11-01,453.299996443093,13.4,21.0,17.2,1,1,1
92,Nuwara Eliya,2023-12-01,382.800004608929,13.9,19.5,16.7,1,1,1
92,Nuwara Eliya,2024-01-01,167.000001311302,11.5,20.5,16.0,1,1,1
92,Nuwara Eliya,2024-02-01,15.8000003620982,12.4,20.7,16.55,1,1,1
92,Nuwara Eliya,2024-03-01,19.9000005722046,11.0,23.3,17.15,1,1,1
92,Nuwara Eliya,2024-04-01,21.7999998703599,12.9,24.0,18.45,1,1,1
92,Nuwara Eliya,2024-05-01,417.800000190735,14.0,21.6,17.8,1,1,1
92,Nuwara Eliya,2024-06-01,92.3000006079674,14.7,20.7,17.7,1,1,1
92,Nuwara Eliya,2024-07-01,170.700002335012,14.7,19.4,17.049999999999997,1,1,1
92,Nuwara Eliya,2024-08-01,68.6000009849668,14.5,21.2,17.85,1,1,1
92,Nuwara Eliya,2024-09-01,69.3999991416931,14.3,19.6,16.950000000000003,1,1,1
92,Nuwara Eliya,2024-10-01,139.900000035763,13.8,20.6,17.200000000000003,1,1,1
92,Nuwara Eliya,2024-11-01,507.800000846386,13.1,20.1,16.6,1,1,1
92,Nuwara Eliya,2024-12-01,106.200001895428,12.5,20.7,16.6,1,1,1
92,Nuwara Eliya,2025-01-01,326.800002880394,13.3,18.3,15.8,1,1,1
92,Nuwara Eliya,2025-02-01,121.100001573563,10.3,21.1,15.700000000000001,1,1,1
92,Nuwara Eliya,2025-03-01,103.300000086427,11.9,21.4,16.65,1,1,1
92,Nuwara Eliya,2025-04-01,327.5999975577,13.2,21.6,17.4,1,1,1
92,Nuwara Eliya,2025-05-01,203.800001218915,14.2,20.6,17.4,1,1,1
92,Nuwara Eliya,2025-06-01,187.30000115931,14.5,19.3,16.9,1,1,1
92,Nuwara Eliya,2025-07-01,213.300000667572,14.2,18.9,16.549999999999997,1,1,1
92,Nuwara Eliya,2025-08-01,149.300000660121,13.5,19.4,16.45,1,1,1
92,Nuwara Eliya,2025-09-01,152.799999147654,14.0,19.3,16.65,1,1,1
92,Nuwara Eliya,2025-10-01,237.899995900691,13.1,20.1,16.6,1,1,1
93,Polonnaruwa,2021-01-01,500.39999757707096,22.7,29.6,26.15,2,2,1
93,Polonnaruwa,2021-02-01,61.30000060796735,22.2,31.5,26.85,2,2,1
93,Polonnaruwa,2021-03-01,56.14999948069455,22.7,32.6,27.65,2,2,1
93,Polonnaruwa,2021-04-01,142.099999908358,24.3,35.1,29.700000000000003,2,2,1
93,Polonnaruwa,2021-05-01,39.70000026375055,25.5,34.1,29.8,2,2,1
93,Polonnaruwa,2021-06-01,8.550000190734849,25.8,35.3,30.549999999999997,2,2,1
93,Polonnaruwa,2021-07-01,21.3999994285405,26.1,35.2,30.650000000000002,2,2,1
93,Polonnaruwa,2021-08-01,50.7499990351498,26.1,35.0,30.55,2,2,1
93,Polonnaruwa,2021-09-01,205.6999999322,25.7,35.1,30.4,2,2,1
93,Polonnaruwa,2021-10-01,298.200002498925,24.4,33.1,28.75,2,2,1
93,Polonnaruwa,2021-11-01,292.550001680851,23.6,31.2,27.4,2,2,1
93,Polonnaruwa,2021-12-01,192.2499991729855,22.7,31.0,26.85,2,2,1
93,Polonnaruwa,2022-01-01,259.250001385808,22.0,30.7,26.35,2,2,1
93,Polonnaruwa,2022-02-01,217.4000012166795,21.8,30.7,26.25,2,2,1
93,Polonnaruwa,2022-03-01,57.25000047683715,23.5,33.3,28.4,2,2,1
93,Polonnaruwa,2022-04-01,275.55000058934104,24.1,34.5,29.3,2,2,1
93,Polonnaruwa,2022-05-01,4.89999985694885,,,,1,1,0
93,Polonnaruwa,2022-06-01,55.5999996513128,25.9,34.5,30.2,2,2,1
93,Polonnaruwa,2022-07-01,145.949999459088,25.7,34.5,30.1,2,2,1
93,Polonnaruwa,2022-08-01,78.0499998331068,25.4,33.9,29.65,2,2,1
93,Polonnaruwa,2022-09-01,33.1500002145767,24.9,34.5,29.7,2,2,1
93,Polonnaruwa,2022-10-01,127.59999912232149,24.2,33.1,28.65,2,2,1
93,Polonnaruwa,2022-11-01,182.90000260248752,22.9,31.3,27.1,2,2,1
93,Polonnaruwa,2022-12-01,297.79999910295,22.5,29.3,25.9,1,1,1
93,Polonnaruwa,2023-01-01,129.25000159069901,21.1,29.3,25.200000000000003,2,2,1
93,Polonnaruwa,2023-02-01,290.49999997019745,21.8,30.2,26.0,2,2,1
93,Polonnaruwa,2023-03-01,114.89999881014239,23.3,32.7,28.0,2,2,1
93,Polonnaruwa,2023-04-01,126.55000264197591,24.1,35.1,29.6,2,2,1
93,Polonnaruwa,2023-05-01,113.4500018507243,25.0,34.5,29.75,2,2,1
93,Polonnaruwa,2023-06-01,2.050000011920929,26.8,35.5,31.15,2,2,1
93,Polonnaruwa,2023-07-01,0.85000002384186,27.0,35.5,31.25,2,2,1
93,Polonnaruwa,2023-08-01,32.8500000014901,25.9,37.2,31.55,2,2,1
93,Polonnaruwa,2023-09-01,19.15000001713635,25.9,35.5,30.7,2,2,1
93,Polonnaruwa,2023-10-01,357.000002682209,24.1,33.2,28.650000000000002,2,2,1
93,Polonnaruwa,2023-11-01,440.7999979890885,24.1,31.7,27.9,2,2,1
93,Polonnaruwa,2023-12-01,436.00000206008554,24.0,30.3,27.15,2,2,1
93,Polonnaruwa,2024-01-01,326.3499961905185,22.9,30.0,26.45,2,2,1
93,Polonnaruwa,2024-02-01,14.099999912083135,23.0,32.0,27.5,2,2,1
93,Polonnaruwa,2024-03-01,37.49999886751175,23.2,34.1,28.65,2,2,1
93,Polonnaruwa,2024-04-01,55.39999974146485,25.3,35.6,30.450000000000003,2,2,1
93,Polonnaruwa,2024-05-01,210.649997804314,26.0,34.5,30.25,2,2,1
93,Polonnaruwa,2024-06-01,39.6000007688999,26.1,34.8,30.45,2,2,1
93,Polonnaruwa,2024-07-01,0.0,27.0,36.0,31.5,2,2,1
93,Polonnaruwa,2024-08-01,191.0000033080575,25.3,,,2,2,0
93,Polonnaruwa,2024-09-01,23.349999643862223,26.9,36.0,31.45,2,2,1
93,Polonnaruwa,2024-10-01,295.75000115484,,33.8,,2,2,0
93,Polonnaruwa,2024-11-01,539.3000057116151,23.6,30.9,27.25,2,2,1
93,Polonnaruwa,2024-12-01,238.4000002518295,23.6,31.5,27.55,2,2,1
93,Polonnaruwa,2025-01-01,459.8500009961425,23.0,29.1,26.05,2,2,1
93,Polonnaruwa,2025-02-01,164.1000007689,22.0,31.7,26.85,2,2,1
93,Polonnaruwa,2025-03-01,148.9000015556815,23.4,33.0,28.2,2,2,1
93,Polonnaruwa,2025-04-01,233.4500009343025,24.4,34.4,29.4,2,2,1
93,Polonnaruwa,2025-05-01,62.34999926760795,25.4,34.3,29.849999999999998,2,2,1
93,Polonnaruwa,2025-06-01,0.0,26.6,35.2,30.900000000000002,1,1,1
93,Polonnaruwa,2025-07-01,0.0,26.8,35.9,31.35,2,2,1
93,Polonnaruwa,2025-08-01,102.75000047683696,25.2,35.3,30.25,2,2,1
93,Polonnaruwa,2025-09-01,1.00000001490116,26.3,36.4,31.35,1,1,1
93,Polonnaruwa,2025-10-01,194.200000099838,23.9,34.0,28.95,1,1,1
94,Puttalam,2021-01-01,118.2000000327823,22.8,30.8,26.8,2,2,1
94,Puttalam,2021-02-01,37.90000057220459,21.9,31.7,26.799999999999997,2,2,1
94,Puttalam,2021-03-01,63.2000011354685,23.3,33.6,28.450000000000003,2,2,1
94,Puttalam,2021-04-01,50.5499994754791,25.2,33.0,29.1,2,2,1
94,Puttalam,2021-05-01,247.75000215321748,25.6,31.8,28.700000000000003,2,2,1
94,Puttalam,2021-06-01,70.79999912157665,26.8,31.5,29.15,2,2,1
94,Puttalam,2021-07-01,1.44999998435378,26.6,31.8,29.200000000000003,2,2,1
94,Puttalam,2021-08-01,6.2999999783933145,26.3,31.5,28.9,2,2,1
94,Puttalam,2021-09-01,5.69999987259505,26.8,32.2,29.5,2,2,1
94,Puttalam,2021-10-01,275.8500011377035,25.2,31.1,28.15,2,2,1
94,Puttalam,2021-11-01,1015.0,,,,1,1,0
94,Puttalam,2021-12-01,83.6499999500811,22.8,31.5,27.15,2,2,1
94,Puttalam,2022-01-01,21.90000009536745,22.7,31.7,27.2,2,2,1
94,Puttalam,2022-02-01,69.6999986320734,21.9,31.7,26.799999999999997,1,1,1
94,Puttalam,2022-03-01,35.10000026226045,24.3,32.3,28.299999999999997,2,2,1
94,Puttalam,2022-04-01,192.599996030331,24.7,32.7,28.700000000000003,1,1,1
94,Puttalam,2022-05-01,120.0,,,,1,1,0
94,Puttalam,2022-06-01,17.9999997764826,26.7,31.2,28.95,2,2,1
94,Puttalam,2022-07-01,14.5499995574355,25.8,31.3,28.55,2,2,1
94,Puttalam,2022-08-01,18.5999997854233,25.9,30.9,28.4,2,2,1
94,Puttalam,2022-09-01,3.099999994039535,25.9,31.3,28.6,2,2,1
94,Puttalam,2022-10-01,140.6499996185305,24.8,30.9,27.85,2,2,1
94,Puttalam,2022-11-01,194.7000011093915,23.0,30.8,26.9,2,2,1
94,Puttalam,2022-12-01,146.599998101592,22.9,30.3,26.6,1,1,1
94,Puttalam,2023-01-01,119.800000265241,21.2,30.6,25.9,1,1,1
94,Puttalam,2023-02-01,42.2000004053116,21.8,31.9,26.85,1,1,1
94,Puttalam,2023-03-01,47.150000333786,,33.2,,2,2,0
94,Puttalam,2023-04-01,112.000002622604,24.7,34.0,29.35,1,1,1
94,Puttalam,2023-05-01,163.34999909997,26.2,32.7,29.450000000000003,2,2,1
94,Puttalam,2023-06-01,0.100000001490116,27.9,32.5,30.2,2,2,1
94,Puttalam,2023-07-01,1.05000001564622,27.0,32.0,29.5,2,2,1
94,Puttalam,2023-08-01,5.09999996423721,26.9,32.9,29.9,1,1,1
94,Puttalam,2023-09-01,138.900000788271,25.8,31.5,28.65,1,1,1
94,Puttalam,2023-10-01,236.200001232326,24.4,31.2,27.799999999999997,1,1,1
94,Puttalam,2023-11-01,423.100001387298,24.2,,,1,1,0
94,Puttalam,2023-12-01,340.499997779727,24.3,31.2,27.75,1,1,1
94,Puttalam,2024-01-01,94.8999998122454,,31.4,,1,1,0
94,Puttalam,2024-02-01,0.899999991059303,23.3,34.1,28.700000000000003,1,1,1
94,Puttalam,2024-03-01,0.400000005960464,23.9,35.1,29.5,1,1,1
94,Puttalam,2024-04-01,100.500000983477,25.9,35.1,30.5,1,1,1
94,Puttalam,2024-06-01,84.3000003099442,26.7,31.8,29.25,1,1,1
94,Puttalam,2024-07-01,,27.2,32.1,29.65,1,0,1
94,Puttalam,2024-08-01,295.100006997585,26.2,32.2,29.200000000000003,1,1,1
94,Puttalam,2024-09-01,23.1000004708767,27.2,32.0,29.6,1,1,1
94,Puttalam,2024-10-01,352.499998725951,25.1,31.1,28.1,1,1,1
94,Puttalam,2024-11-01,411.800000682473,23.9,30.7,27.299999999999997,1,1,1
94,Puttalam,2024-12-01,44.2999998405576,23.7,31.5,27.6,1,1,1
94,Puttalam,2025-01-01,145.300000175834,22.8,30.1,26.450000000000003,1,1,1
94,Puttalam,2025-02-01,70.00000023841855,22.2,32.9,27.549999999999997,2,2,1
94,Puttalam,2025-03-01,112.900000333786,,32.9,,2,2,0
94,Puttalam,2025-04-01,164.09999795630551,25.4,32.9,29.15,2,2,1
94,Puttalam,2025-05-01,120.4500006996095,26.8,32.6,29.700000000000003,2,2,1
94,Puttalam,2025-06-01,30.9500005841255,27.2,31.8,29.5,2,2,1
94,Puttalam,2025-07-01,0.100000001490116,26.5,31.9,29.2,1,1,1
94,Puttalam,2025-08-01,0.200000002980232,26.2,31.8,29.0,2,2,1
94,Puttalam,2025-09-01,6.10000018030405,26.8,32.3,29.549999999999997,2,2,1
94,Puttalam,2025-10-01,,24.9,31.6,28.25,1,0,1
95,Ratnapura,2021-01-01,183.799998931587,22.8,31.7,27.25,1,1,1
95,Ratnapura,2021-02-01,72.0000004842877,22.4,33.7,28.05,1,1,1
95,Ratnapura,2021-03-01,308.799995340407,22.5,33.6,28.05,1,1,1
95,Ratnapura,2021-04-01,212.600000195205,23.4,33.8,28.599999999999998,1,1,1
95,Ratnapura,2021-05-01,742.400002479553,23.7,32.0,27.85,1,1,1
95,Ratnapura,2021-06-01,548.499999441206,23.6,31.5,27.55,1,1,1
95,Ratnapura,2021-07-01,368.500000245869,23.9,30.7,27.299999999999997,1,1,1
95,Ratnapura,2021-08-01,377.099996335804,23.7,30.5,27.1,1,1,1
95,Ratnapura,2021-09-01,407.699999988079,23.5,30.8,27.15,1,1,1
95,Ratnapura,2021-10-01,507.99999973923,23.3,30.9,27.1,1,1,1
95,Ratnapura,2021-11-01,487.400003910065,22.9,30.3,26.6,1,1,1
95,Ratnapura,2021-12-01,193.700001001358,22.6,32.7,27.650000000000002,1,1,1
95,Ratnapura,2022-01-01,204.199998013675,22.0,33.3,27.65,1,1,1
95,Ratnapura,2022-02-01,150.900003023446,22.4,33.5,27.95,1,1,1
95,Ratnapura,2022-03-01,299.499994188547,23.3,33.6,28.450000000000003,1,1,1
95,Ratnapura,2022-04-01,432.000005364418,23.3,33.4,28.35,1,1,1
95,Ratnapura,2022-05-01,794.100012160838,24.2,31.1,27.65,1,1,1
95,Ratnapura,2022-06-01,232.499999299645,23.8,31.3,27.55,1,1,1
95,Ratnapura,2022-07-01,259.899998821318,24.1,31.2,27.65,1,1,1
95,Ratnapura,2022-08-01,529.80000372231,23.7,30.5,27.1,1,1,1
95,Ratnapura,2022-09-01,212.100001603365,23.1,31.7,27.4,1,1,1
95,Ratnapura,2022-10-01,685.499997809529,23.1,30.2,26.65,1,1,1
95,Ratnapura,2022-11-01,341.999992072582,22.4,32.0,27.2,1,1,1
95,Ratnapura,2022-12-01,234.900001630187,22.1,31.2,26.65,1,1,1
95,Ratnapura,2023-01-01,75.2000004425645,21.6,32.0,26.8,1,1,1
95,Ratnapura,2023-02-01,163.900000840425,22.6,32.9,27.75,1,1,1
95,Ratnapura,2023-03-01,350.399997144938,22.7,33.6,28.15,1,1,1
95,Ratnapura,2023-04-01,313.899999834597,23.2,34.1,28.65,1,1,1
95,Ratnapura,2023-05-01,434.299995988607,24.1,32.8,28.45,1,1,1
95,Ratnapura,2023-06-01,618.499990284443,24.2,31.5,27.85,1,1,1
95,Ratnapura,2023-07-01,237.500000022352,24.3,31.2,27.75,1,1,1
95,Ratnapura,2023-08-01,207.700003437698,24.0,33.8,28.9,1,1,1
95,Ratnapura,2023-09-01,798.999998569489,22.9,30.4,26.65,1,1,1
95,Ratnapura,2023-10-01,681.499999582767,22.9,31.7,27.299999999999997,1,1,1
95,Ratnapura,2023-11-01,535.199997022748,23.0,33.0,28.0,1,1,1
95,Ratnapura,2023-12-01,364.000001050532,23.0,32.0,27.5,1,1,1
95,Ratnapura,2024-01-01,274.999997437,22.3,33.0,27.65,1,1,1
95,Ratnapura,2024-02-01,137.100001074374,22.3,34.7,28.5,1,1,1
95,Ratnapura,2024-03-01,155.200001016259,23.9,35.8,29.849999999999998,1,1,1
95,Ratnapura,2024-04-01,435.80000180006,24.6,35.1,29.85,1,1,1
95,Ratnapura,2024-05-01,641.100005932152,24.9,32.9,28.9,1,1,1
95,Ratnapura,2024-06-01,724.39998922497,24.3,31.6,27.950000000000003,1,1,1
95,Ratnapura,2024-07-01,405.800003089011,24.4,32.2,28.3,1,1,1
95,Ratnapura,2024-08-01,452.800008311868,24.0,32.2,28.1,1,1,1
95,Ratnapura,2024-09-01,368.600001446903,24.2,32.0,28.1,1,1,1
95,Ratnapura,2024-10-01,454.700002126396,23.7,32.0,27.85,1,1,1
95,Ratnapura,2024-11-01,610.100000530481,23.2,31.7,27.45,1,1,1
95,Ratnapura,2024-12-01,191.400000870228,23.2,32.7,27.950000000000003,1,1,1
95,Ratnapura,2025-01-01,157.200001560152,23.3,30.9,27.1,1,1,1
95,Ratnapura,2025-02-01,54.9999992102385,22.7,35.1,28.9,1,1,1
95,Ratnapura,2025-03-01,367.69999551028,23.2,33.7,28.450000000000003,1,1,1
95,Ratnapura,2025-04-01,258.499998480082,24.1,33.5,28.8,1,1,1
95,Ratnapura,2025-05-01,433.099999129772,24.3,32.1,28.200000000000003,1,1,1
95,Ratnapura,2025-06-01,364.900003507733,24.3,31.9,28.1,1,1,1
95,Ratnapura,2025-07-01,164.299999505281,24.4,31.6,28.0,1,1,1
95,Ratnapura,2025-08-01,192.099997974932,24.1,32.0,28.05,1,1,1
95,Ratnapura,2025-09-01,345.899999849498,23.9,32.2,28.05,1,1,1
95,Ratnapura,2025-10-01,450.29999769479,23.3,32.3,27.799999999999997,1,1,1
96,Trincomalee,2021-01-01,229.500000745058,24.0,28.8,26.4,1,1,1
96,Trincomalee,2021-02-01,41.4000008255243,23.9,29.4,26.65,1,1,1
96,Trincomalee,2021-03-01,17.9000000953674,24.6,31.8,28.200000000000003,1,1,1
96,Trincomalee,2021-04-01,73.199999935925,25.1,34.2,29.650000000000002,1,1,1
96,Trincomalee,2021-05-01,28.9000003263354,26.0,33.7,29.85,1,1,1
96,Trincomalee,2021-06-01,7.79999998211861,26.0,35.0,30.5,1,1,1
96,Trincomalee,2021-07-01,71.9000002145767,25.8,34.6,30.200000000000003,1,1,1
96,Trincomalee,2021-08-01,39.6999997645617,25.6,34.5,30.05,1,1,1
96,Trincomalee,2021-09-01,203.299999587238,25.5,34.4,29.95,1,1,1
96,Trincomalee,2021-10-01,298.300002463162,24.8,31.8,28.3,1,1,1
96,Trincomalee,2021-11-01,566.399991668761,24.0,30.0,27.0,1,1,1
96,Trincomalee,2021-12-01,113.199998535216,23.9,,,1,1,0
96,Trincomalee,2022-01-01,187.100000441074,23.1,29.3,26.200000000000003,1,1,1
96,Trincomalee,2022-02-01,258.500004053116,23.5,29.4,26.45,1,1,1
96,Trincomalee,2022-03-01,110.2000015378,24.7,31.1,27.9,1,1,1
96,Trincomalee,2022-04-01,90.3000003993511,24.6,32.6,28.6,1,1,1
96,Trincomalee,2022-06-01,96.2999980002642,25.7,34.1,29.9,1,1,1
96,Trincomalee,2022-07-01,78.499999858439,25.3,33.6,29.450000000000003,1,1,1
96,Trincomalee,2022-08-01,59.4999996200204,25.0,33.4,29.2,1,1,1
96,Trincomalee,2022-09-01,50.0,24.7,34.1,29.4,1,1,1
96,Trincomalee,2022-10-01,265.699998795986,24.1,31.9,28.0,1,1,1
96,Trincomalee,2022-11-01,286.400002039969,23.3,29.6,26.450000000000003,1,1,1
96,Trincomalee,2022-12-01,334.09999666363,23.5,28.6,26.05,1,1,1
96,Trincomalee,2023-01-01,115.799998760223,22.9,28.4,25.65,1,1,1
96,Trincomalee,2023-02-01,187.200000435114,23.9,29.3,26.6,1,1,1
96,Trincomalee,2023-03-01,87.0000032931566,24.8,31.0,27.9,1,1,1
96,Trincomalee,2023-04-01,45.1999992132187,,33.7,,1,1,0
96,Trincomalee,2023-05-01,94.9999984279275,25.4,33.9,29.65,1,1,1
96,Trincomalee,2023-06-01,46.7000007629395,26.7,35.4,31.049999999999997,1,1,1
96,Trincomalee,2023-07-01,0.400000005960464,26.5,35.3,30.9,1,1,1
96,Trincomalee,2023-08-01,76.9000017270446,25.6,36.7,31.150000000000002,1,1,1
96,Trincomalee,2023-09-01,90.8000002875924,25.5,34.4,29.95,1,1,1
96,Trincomalee,2023-10-01,561.399990811944,24.2,32.0,28.1,1,1,1
96,Trincomalee,2023-11-01,401.400002293289,24.7,30.4,27.549999999999997,1,1,1
96,Trincomalee,2023-12-01,553.9000037238,24.9,29.5,27.2,1,1,1
96,Trincomalee,2024-01-01,191.500003926456,24.6,29.3,26.950000000000003,1,1,1
96,Trincomalee,2024-02-01,5.79999996721745,25.7,31.3,28.5,1,1,1
96,Trincomalee,2024-03-01,7.30000019073486,24.8,33.1,28.950000000000003,1,1,1
96,Trincomalee,2024-04-01,50.3999990224838,26.2,34.7,30.450000000000003,1,1,1
96,Trincomalee,2024-05-01,90.2999980002642,26.4,34.2,30.3,1,1,1
96,Trincomalee,2024-06-01,55.0000001937151,26.4,34.4,30.4,1,1,1
96,Trincomalee,2024-07-01,4.0,26.8,35.9,31.35,1,1,1
96,Trincomalee,2024-08-01,132.700001865625,25.2,33.7,29.450000000000003,1,1,1
96,Trincomalee,2024-09-01,40.0999997854233,26.3,,,1,1,0
96,Trincomalee,2024-10-01,392.900007143617,24.4,32.8,28.599999999999998,1,1,1
96,Trincomalee,2024-11-01,626.699994765222,23.8,29.6,26.700000000000003,1,1,1
96,Trincomalee,2024-12-01,143.200001835823,24.0,30.2,27.1,1,1,1
96,Trincomalee,2025-01-01,366.200000524521,24.0,28.6,26.3,1,1,1
96,Trincomalee,2025-02-01,89.2999981045723,23.6,30.6,27.1,1,1,1
96,Trincomalee,2025-03-01,118.399998903275,24.6,31.5,28.05,1,1,1
96,Trincomalee,2025-04-01,142.099998891354,24.9,34.1,29.5,1,1,1
96,Trincomalee,2025-05-01,28.8999994769692,25.7,34.1,29.9,1,1,1
96,Trincomalee,2025-06-01,12.5,26.6,35.0,30.8,1,1,1
96,Trincomalee,2025-07-01,0.0,26.5,35.6,31.05,1,1,1
96,Trincomalee,2025-08-01,63.400000013411,25.5,34.7,30.1,1,1,1
96,Trincomalee,2025-09-01,129.299997523427,26.0,35.1,30.55,1,1,1
96,Trincomalee,2025-10-01,161.699997097254,24.4,32.7,28.55,1,1,1
