id,station_name,longitude,latitude,date,yyyy,month,rainfall_mm,source_file
43421,ANURADHAPURA,80.38,8.35,2021-01-01,2021,1,168.600000753999,rf.xlsx
43421,ANURADHAPURA,80.38,8.35,2021-02-01,2021,2,18.8000001013279,rf.xlsx
43421,ANURADHAPURA,80.38,8.35,2021-03-01,2021,3,40.4999993145466,rf.xlsx
43421,ANURADHAPURA,80.38,8.35,2021-04-01,2021,4,131.000000551343,rf.xlsx
43421,ANURADHAPURA,80.38,8.35,2021-05-01,2021,5,90.5999994203448,rf.xlsx
43421,ANURADHAPURA,80.38,8.35,2021-06-01,2021,6,3.0000000372529,rf.xlsx
43421,ANURADHAPURA,80.38,8.35,2021-07-01,2021,7,72.0999996215105,rf.xlsx
43421,ANURADHAPURA,80.38,8.35,2021-08-01,2021,8,106.19999859482,rf.xlsx
43421,ANURADHAPURA,80.38,8.35,2021-09-01,2021,9,132.600003123283,rf.xlsx
43421,ANURADHAPURA,80.38,8.35,2021-10-01,2021,10,281.499996677041,rf.xlsx
43421,ANURADHAPURA,80.38,8.35,2021-11-01,2021,11,413.599999547005,rf.xlsx
43421,ANURADHAPURA,80.38,8.35,2021-12-01,2021,12,74.8999999165535,rf.xlsx
43421,ANURADHAPURA,80.38,8.35,2022-01-01,2022,1,73.1000012904406,rf.xlsx
43421,ANURADHAPURA,80.38,8.35,2022-02-01,2022,2,70.8000006079674,rf.xlsx
43421,ANURADHAPURA,80.38,8.35,2022-03-01,2022,3,90.1000000014901,rf.xlsx
43421,ANURADHAPURA,80.38,8.35,2022-04-01,2022,4,440.999996900558,rf.xlsx
43421,ANURADHAPURA,80.38,8.35,2022-05-01,2022,5,,rf.xlsx
43421,ANURADHAPURA,80.38,8.35,2022-06-01,2022,6,13.6999995708466,rf.xlsx
43421,ANURADHAPURA,80.38,8.35,2022-07-01,2022,7,87.1000000238419,rf.xlsx
43421,ANURADHAPURA,80.38,8.35,2022-08-01,2022,8,55.0000010728836,rf.xlsx
43421,ANURADHAPURA,80.38,8.35,2022-09-01,2022,9,41.0999991446733,rf.xlsx
43421,ANURADHAPURA,80.38,8.35,2022-10-01,2022,10,169.200002238154,rf.xlsx
43421,ANURADHAPURA,80.38,8.35,2022-11-01,2022,11,207.100000917912,rf.xlsx
43421,ANURADHAPURA,80.38,8.35,2022-12-01,2022,12,310.199996650219,rf.xlsx
43421,ANURADHAPURA,80.38,8.35,2023-01-01,2023,1,149.300000429153,rf.xlsx
43421,ANURADHAPURA,80.38,8.35,2023-02-01,2023,2,69.0999991893768,rf.xlsx
43421,ANURADHAPURA,80.38,8.35,2023-03-01,2023,3,72.1999990940094,rf.xlsx
43421,ANURADHAPURA,80.38,8.35,2023-04-01,2023,4,274.499996557832,rf.xlsx
43421,ANURADHAPURA,80.38,8.35,2023-05-01,2023,5,121.19999974966,rf.xlsx
43421,ANURADHAPURA,80.38,8.35,2023-06-01,2023,6,1.79999995231628,rf.xlsx
43421,ANURADHAPURA,80.38,8.35,2023-07-01,2023,7,0.0,rf.xlsx
43421,ANURADHAPURA,80.38,8.35,2023-08-01,2023,8,2.60000005364418,rf.xlsx
43421,ANURADHAPURA,80.38,8.35,2023-09-01,2023,9,48.499999538064,rf.xlsx
43421,ANURADHAPURA,80.38,8.35,2023-10-01,2023,10,257.299995981157,rf.xlsx
43421,ANURADHAPURA,80.38,8.35,2023-11-01,2023,11,419.799996942282,rf.xlsx
43421,ANURADHAPURA,80.38,8.35,2023-12-01,2023,12,236.600002922118,rf.xlsx
43421,ANURADHAPURA,80.38,8.35,2024-01-01,2024,1,124.699996456504,rf.xlsx
43421,ANURADHAPURA,80.38,8.35,2024-02-01,2024,2,34.5000007748604,rf.xlsx
43421,ANURADHAPURA,80.38,8.35,2024-03-01,2024,3,29.0000007152557,rf.xlsx
43421,ANURADHAPURA,80.38,8.35,2024-04-01,2024,4,28.9999997541308,rf.xlsx
43421,ANURADHAPURA,80.38,8.35,2024-05-01,2024,5,258.599999070168,rf.xlsx
43421,ANURADHAPURA,80.38,8.35,2024-06-01,2024,6,5.00000014901161,rf.xlsx
43421,ANURADHAPURA,80.38,8.35,2024-07-01,2024,7,0.0,rf.xlsx
43421,ANURADHAPURA,80.38,8.35,2024-08-01,2024,8,105.89999897778,rf.xlsx
43421,ANURADHAPURA,80.38,8.35,2024-09-01,2024,9,3.49999994039536,rf.xlsx
43421,ANURADHAPURA,80.38,8.35,2024-10-01,2024,10,205.899998657405,rf.xlsx
43421,ANURADHAPURA,80.38,8.35,2024-11-01,2024,11,467.499999172986,rf.xlsx
43421,ANURADHAPURA,80.38,8.35,2024-12-01,2024,12,295.400001347065,rf.xlsx
43421,ANURADHAPURA,80.38,8.35,2025-01-01,2025,1,260.599999561906,rf.xlsx
43421,ANURADHAPURA,80.38,8.35,2025-02-01,2025,2,186.900002241135,rf.xlsx
43421,ANURADHAPURA,80.38,8.35,2025-03-01,2025,3,67.7000003010035,rf.xlsx
43421,ANURADHAPURA,80.38,8.35,2025-04-01,2025,4,188.200000859797,rf.xlsx
43421,ANURADHAPURA,80.38,8.35,2025-05-01,2025,5,131.199999719858,rf.xlsx
43421,ANURADHAPURA,80.38,8.35,2025-06-01,2025,6,7.70000004768372,rf.xlsx
43421,ANURADHAPURA,80.38,8.35,2025-07-01,2025,7,0.0,rf.xlsx
43421,ANURADHAPURA,80.38,8.35,2025-08-01,2025,8,25.7000007629395,rf.xlsx
43421,ANURADHAPURA,80.38,8.35,2025-09-01,2025,9,7.80000007152557,rf.xlsx
43421,ANURADHAPURA,80.38,8.35,2025-10-01,2025,10,296.100003808737,rf.xlsx
43421,ANURADHAPURA,80.38,8.35,2025-11-01,2025,11,,rf.xlsx
43421,ANURADHAPURA,80.38,8.35,2025-12-01,2025,12,,rf.xlsx
43436,BATTICALOA,81.7,7.72,2021-01-01,2021,1,761.199988752604,rf.xlsx
43436,BATTICALOA,81.7,7.72,2021-02-01,2021,2,153.399997353554,rf.xlsx
43436,BATTICALOA,81.7,7.72,2021-03-01,2021,3,96.9999981969595,rf.xlsx
43436,BATTICALOA,81.7,7.72,2021-04-01,2021,4,57.4000015258789,rf.xlsx
43436,BATTICALOA,81.7,7.72,2021-05-01,2021,5,89.6999988853931,rf.xlsx
43436,BATTICALOA,81.7,7.72,2021-06-01,2021,6,53.4999998211861,rf.xlsx
43436,BATTICALOA,81.7,7.72,2021-07-01,2021,7,64.3999989628792,rf.xlsx
43436,BATTICALOA,81.7,7.72,2021-08-01,2021,8,48.1999999657273,rf.xlsx
43436,BATTICALOA,81.7,7.72,2021-09-01,2021,9,61.9000001102686,rf.xlsx
43436,BATTICALOA,81.7,7.72,2021-10-01,2021,10,71.799999922514,rf.xlsx
43436,BATTICALOA,81.7,7.72,2021-11-01,2021,11,492.299994841218,rf.xlsx
43436,BATTICALOA,81.7,7.72,2021-12-01,2021,12,322.599995709956,rf.xlsx
43436,BATTICALOA,81.7,7.72,2022-01-01,2022,1,351.200002528727,rf.xlsx
43436,BATTICALOA,81.7,7.72,2022-02-01,2022,2,162.90000128746,rf.xlsx
43436,BATTICALOA,81.7,7.72,2022-03-01,2022,3,132.300001382828,rf.xlsx
43436,BATTICALOA,81.7,7.72,2022-04-01,2022,4,72.7999994754791,rf.xlsx
43436,BATTICALOA,81.7,7.72,2022-05-01,2022,5,,rf.xlsx
43436,BATTICALOA,81.7,7.72,2022-06-01,2022,6,5.30000002682209,rf.xlsx
43436,BATTICALOA,81.7,7.72,2022-07-01,2022,7,41.800001502037,rf.xlsx
43436,BATTICALOA,81.7,7.72,2022-08-01,2022,8,175.099997617304,rf.xlsx
43436,BATTICALOA,81.7,7.72,2022-09-01,2022,9,22.8000004291534,rf.xlsx
43436,BATTICALOA,81.7,7.72,2022-10-01,2022,10,158.700000166893,rf.xlsx
43436,BATTICALOA,81.7,7.72,2022-11-01,2022,11,399.899998500943,rf.xlsx
43436,BATTICALOA,81.7,7.72,2022-12-01,2022,12,323.500001788139,rf.xlsx
43436,BATTICALOA,81.7,7.72,2023-01-01,2023,1,246.40000115335,rf.xlsx
43436,BATTICALOA,81.7,7.72,2023-02-01,2023,2,196.000000149012,rf.xlsx
43436,BATTICALOA,81.7,7.72,2023-03-01,2023,3,149.199999988079,rf.xlsx
43436,BATTICALOA,81.7,7.72,2023-04-01,2023,4,94.4999971464276,rf.xlsx
43436,BATTICALOA,81.7,7.72,2023-05-01,2023,5,52.1000006198883,rf.xlsx
43436,BATTICALOA,81.7,7.72,2023-06-01,2023,6,19.3000001460314,rf.xlsx
43436,BATTICALOA,81.7,7.72,2023-07-01,2023,7,2.29999995231628,rf.xlsx
43436,BATTICALOA,81.7,7.72,2023-08-01,2023,8,8.80000019073486,rf.xlsx
43436,BATTICALOA,81.7,7.72,2023-09-01,2023,9,188.899998486042,rf.xlsx
43436,BATTICALOA,81.7,7.72,2023-10-01,2023,10,216.000001788139,rf.xlsx
43436,BATTICALOA,81.7,7.72,2023-11-01,2023,11,341.800002612174,rf.xlsx
43436,BATTICALOA,81.7,7.72,2023-12-01,2023,12,481.299998119473,rf.xlsx
43436,BATTICALOA,81.7,7.72,2024-01-01,2024,1,711.800001360476,rf.xlsx
43436,BATTICALOA,81.7,7.72,2024-02-01,2024,2,62.4000006616116,rf.xlsx
43436,BATTICALOA,81.7,7.72,2024-03-01,2024,3,84.7000004798174,rf.xlsx
43436,BATTICALOA,81.7,7.72,2024-04-01,2024,4,77.3999995738268,rf.xlsx
43436,BATTICALOA,81.7,7.72,2024-05-01,2024,5,41.8000000044703,rf.xlsx
43436,BATTICALOA,81.7,7.72,2024-06-01,2024,6,3.29999998211861,rf.xlsx
43436,BATTICALOA,81.7,7.72,2024-07-01,2024,7,6.20000004768372,rf.xlsx
43436,BATTICALOA,81.7,7.72,2024-08-01,2024,8,111.299999527633,rf.xlsx
43436,BATTICALOA,81.7,7.72,2024-09-01,2024,9,40.2999991774559,rf.xlsx
43436,BATTICALOA,81.7,7.72,2024-10-01,2024,10,163.999997802079,rf.xlsx
43436,BATTICALOA,81.7,7.72,2024-11-01,2024,11,582.800005018711,rf.xlsx
43436,BATTICALOA,81.7,7.72,2024-12-01,2024,12,88.1999985575676,rf.xlsx
43436,BATTICALOA,81.7,7.72,2025-01-01,2025,1,341.099995926023,rf.xlsx
43436,BATTICALOA,81.7,7.72,2025-02-01,2025,2,217.699997581542,rf.xlsx
43436,BATTICALOA,81.7,7.72,2025-03-01,2025,3,99.2999998703599,rf.xlsx
43436,BATTICALOA,81.7,7.72,2025-04-01,2025,4,56.8000002652407,rf.xlsx
43436,BATTICALOA,81.7,7.72,2025-05-01,2025,5,24.2999995946884,rf.xlsx
43436,BATTICALOA,81.7,7.72,2025-06-01,2025,6,0.300000011920929,rf.xlsx
43436,BATTICALOA,81.7,7.72,2025-07-01,2025,7,0.800000011920929,rf.xlsx
43436,BATTICALOA,81.7,7.72,2025-08-01,2025,8,11.8999998494983,rf.xlsx
43436,BATTICALOA,81.7,7.72,2025-09-01,2025,9,54.9999992549419,rf.xlsx
43436,BATTICALOA,81.7,7.72,2025-10-01,2025,10,106.900000452995,rf.xlsx
43436,BATTICALOA,81.7,7.72,2025-11-01,2025,11,,rf.xlsx
43436,BATTICALOA,81.7,7.72,2025-12-01,2025,12,,rf.xlsx
01GL041C,BENTOTA ESTATE,,,2021-01-01,2021,1,175.800001859665,rf_other_stations.xlsx
01GL041C,BENTOTA ESTATE,,,2021-02-01,2021,2,163.200003147125,rf_other_stations.xlsx
01GL041C,BENTOTA ESTATE,,,2021-03-01,2021,3,355.699995279312,rf_other_stations.xlsx
01GL041C,BENTOTA ESTATE,,,2021-04-01,2021,4,222.699999332428,rf_other_stations.xlsx
01GL041C,BENTOTA ESTATE,,,2021-05-01,2021,5,550.299997925758,rf_other_stations.xlsx
01GL041C,BENTOTA ESTATE,,,2021-06-01,2021,6,511.999999284744,rf_other_stations.xlsx
01GL041C,BENTOTA ESTATE,,,2021-07-01,2021,7,444.999998092651,rf_other_stations.xlsx
01GL041C,BENTOTA ESTATE,,,2021-08-01,2021,8,377.600002139807,rf_other_stations.xlsx
01GL041C,BENTOTA ESTATE,,,2021-09-01,2021,9,479.800000429153,rf_other_stations.xlsx
01GL041C,BENTOTA ESTATE,,,2021-10-01,2021,10,555.799994468689,rf_other_stations.xlsx
01GL041C,BENTOTA ESTATE,,,2021-11-01,2021,11,837.200004220009,rf_other_stations.xlsx
01GL041C,BENTOTA ESTATE,,,2021-12-01,2021,12,220.100000619888,rf_other_stations.xlsx
01GL041C,BENTOTA ESTATE,,,2022-01-01,2022,1,141.300001144409,rf_other_stations.xlsx
01GL041C,BENTOTA ESTATE,,,2022-02-01,2022,2,189.600001335144,rf_other_stations.xlsx
01GL041C,BENTOTA ESTATE,,,2022-03-01,2022,3,49.2000007629395,rf_other_stations.xlsx
01GL041C,BENTOTA ESTATE,,,2022-04-01,2022,4,237.600000873208,rf_other_stations.xlsx
01GL041C,BENTOTA ESTATE,,,2022-05-01,2022,5,781.199996471405,rf_other_stations.xlsx
01GL041C,BENTOTA ESTATE,,,2022-06-01,2022,6,351.899998426437,rf_other_stations.xlsx
01GL041C,BENTOTA ESTATE,,,2022-07-01,2022,7,218.100002408028,rf_other_stations.xlsx
01GL041C,BENTOTA ESTATE,,,2022-08-01,2022,8,406.299995422363,rf_other_stations.xlsx
01GL041C,BENTOTA ESTATE,,,2022-09-01,2022,9,111.09999871254,rf_other_stations.xlsx
01GL041C,BENTOTA ESTATE,,,2022-10-01,2022,10,780.599991798401,rf_other_stations.xlsx
01GL041C,BENTOTA ESTATE,,,2022-11-01,2022,11,231.999999046326,rf_other_stations.xlsx
01GL041C,BENTOTA ESTATE,,,2022-12-01,2022,12,278.799997806549,rf_other_stations.xlsx
01GL041C,BENTOTA ESTATE,,,2023-02-01,2023,2,129.300001144409,rf_other_stations.xlsx
01GL041C,BENTOTA ESTATE,,,2023-03-01,2023,3,257.200002670288,rf_other_stations.xlsx
01GL041C,BENTOTA ESTATE,,,2023-04-01,2023,4,209.699999809265,rf_other_stations.xlsx
01GL041C,BENTOTA ESTATE,,,2023-05-01,2023,5,658.799996852875,rf_other_stations.xlsx
01GL041C,BENTOTA ESTATE,,,2023-06-01,2023,6,432.800000667572,rf_other_stations.xlsx
01GL041C,BENTOTA ESTATE,,,2023-07-01,2023,7,236.299999713898,rf_other_stations.xlsx
01GL041C,BENTOTA ESTATE,,,2023-08-01,2023,8,248.899997591972,rf_other_stations.xlsx
01GL041C,BENTOTA ESTATE,,,2023-09-01,2023,9,1071.40000152588,rf_other_stations.xlsx
01GL041C,BENTOTA ESTATE,,,2023-10-01,2023,10,1092.50000452995,rf_other_stations.xlsx
01GL041C,BENTOTA ESTATE,,,2023-11-01,2023,11,797.099999427795,rf_other_stations.xlsx
01GL041C,BENTOTA ESTATE,,,2023-12-01,2023,12,813.799998760223,rf_other_stations.xlsx
01GL041C,BENTOTA ESTATE,,,2024-01-01,2024,1,256.400000095367,rf_other_stations.xlsx
01GL041C,BENTOTA ESTATE,,,2024-02-01,2024,2,94.1999998092651,rf_other_stations.xlsx
01GL041C,BENTOTA ESTATE,,,2024-03-01,2024,3,175.099999427795,rf_other_stations.xlsx
01GL041C,BENTOTA ESTATE,,,2024-04-01,2024,4,620.199999809265,rf_other_stations.xlsx
01GL041C,BENTOTA ESTATE,,,2024-05-01,2024,5,904.0,rf_other_stations.xlsx
01GL041C,BENTOTA ESTATE,,,2024-06-01,2024,6,516.500000953674,rf_other_stations.xlsx
01GL041C,BENTOTA ESTATE,,,2024-07-01,2024,7,621.799994468689,rf_other_stations.xlsx
01GL041C,BENTOTA ESTATE,,,2024-08-01,2024,8,525.0,rf_other_stations.xlsx
01GL041C,BENTOTA ESTATE,,,2024-09-01,2024,9,478.0,rf_other_stations.xlsx
01GL041C,BENTOTA ESTATE,,,2024-10-01,2024,10,1086.99999713898,rf_other_stations.xlsx
01GL041C,BENTOTA ESTATE,,,2024-11-01,2024,11,734.60000038147,rf_other_stations.xlsx
01GL041C,BENTOTA ESTATE,,,2024-12-01,2024,12,208.0,rf_other_stations.xlsx
01GL041C,BENTOTA ESTATE,,,2025-01-01,2025,1,351.600000202656,rf_other_stations.xlsx
01GL041C,BENTOTA ESTATE,,,2025-02-01,2025,2,197.200000762939,rf_other_stations.xlsx
01GL041C,BENTOTA ESTATE,,,2025-03-01,2025,3,515.0,rf_other_stations.xlsx
01GL041C,BENTOTA ESTATE,,,2025-04-01,2025,4,365.0,rf_other_stations.xlsx
01GL041C,BENTOTA ESTATE,,,2025-05-01,2025,5,868.0,rf_other_stations.xlsx
01GL041C,BENTOTA ESTATE,,,2025-06-01,2025,6,563.0,rf_other_stations.xlsx
01GL041C,BENTOTA ESTATE,,,2025-07-01,2025,7,248.299999952316,rf_other_stations.xlsx
01GL041C,BENTOTA ESTATE,,,2025-09-01,2025,9,588.800000190735,rf_other_stations.xlsx
43466,COLOMBO,79.87,6.9,2021-01-01,2021,1,132.400000818074,rf.xlsx
43466,COLOMBO,79.87,6.9,2021-02-01,2021,2,45.8999991938472,rf.xlsx
43466,COLOMBO,79.87,6.9,2021-03-01,2021,3,148.599999979138,rf.xlsx
43466,COLOMBO,79.87,6.9,2021-04-01,2021,4,325.600001998246,rf.xlsx
43466,COLOMBO,79.87,6.9,2021-05-01,2021,5,351.400000721216,rf.xlsx
43466,COLOMBO,79.87,6.9,2021-06-01,2021,6,317.30000654608,rf.xlsx
43466,COLOMBO,79.87,6.9,2021-07-01,2021,7,278.30000282079,rf.xlsx
43466,COLOMBO,79.87,6.9,2021-08-01,2021,8,164.000001996756,rf.xlsx
43466,COLOMBO,79.87,6.9,2021-09-01,2021,9,189.399999149144,rf.xlsx
43466,COLOMBO,79.87,6.9,2021-10-01,2021,10,324.199999004602,rf.xlsx
43466,COLOMBO,79.87,6.9,2021-11-01,2021,11,483.399998411536,rf.xlsx
43466,COLOMBO,79.87,6.9,2021-12-01,2021,12,95.6000003367662,rf.xlsx
43466,COLOMBO,79.87,6.9,2022-01-01,2022,1,76.299998536706,rf.xlsx
43466,COLOMBO,79.87,6.9,2022-02-01,2022,2,24.9000006467104,rf.xlsx
43466,COLOMBO,79.87,6.9,2022-03-01,2022,3,54.9000015035272,rf.xlsx
43466,COLOMBO,79.87,6.9,2022-04-01,2022,4,474.199997477233,rf.xlsx
43466,COLOMBO,79.87,6.9,2022-05-01,2022,5,351.700000554323,rf.xlsx
43466,COLOMBO,79.87,6.9,2022-06-01,2022,6,90.999999076128,rf.xlsx
43466,COLOMBO,79.87,6.9,2022-07-01,2022,7,12.5000000745058,rf.xlsx
43466,COLOMBO,79.87,6.9,2022-08-01,2022,8,113.1000020504,rf.xlsx
43466,COLOMBO,79.87,6.9,2022-09-01,2022,9,98.7000004500151,rf.xlsx
43466,COLOMBO,79.87,6.9,2022-10-01,2022,10,506.599999643862,rf.xlsx
43466,COLOMBO,79.87,6.9,2022-11-01,2022,11,276.600003242493,rf.xlsx
43466,COLOMBO,79.87,6.9,2022-12-01,2022,12,309.600001528859,rf.xlsx
43466,COLOMBO,79.87,6.9,2023-01-01,2023,1,114.899997070432,rf.xlsx
43466,COLOMBO,79.87,6.9,2023-02-01,2023,2,79.2999989539385,rf.xlsx
43466,COLOMBO,79.87,6.9,2023-03-01,2023,3,208.000003695488,rf.xlsx
43466,COLOMBO,79.87,6.9,2023-04-01,2023,4,261.700003027916,rf.xlsx
43466,COLOMBO,79.87,6.9,2023-05-01,2023,5,322.000002726913,rf.xlsx
43466,COLOMBO,79.87,6.9,2023-06-01,2023,6,104.40000063926,rf.xlsx
43466,COLOMBO,79.87,6.9,2023-07-01,2023,7,102.399999454618,rf.xlsx
43466,COLOMBO,79.87,6.9,2023-08-01,2023,8,82.2999992966652,rf.xlsx
43466,COLOMBO,79.87,6.9,2023-09-01,2023,9,722.200007736683,rf.xlsx
43466,COLOMBO,79.87,6.9,2023-10-01,2023,10,636.599996805191,rf.xlsx
43466,COLOMBO,79.87,6.9,2023-11-01,2023,11,421.699998617172,rf.xlsx
43466,COLOMBO,79.87,6.9,2023-12-01,2023,12,337.50000166893,rf.xlsx
43466,COLOMBO,79.87,6.9,2024-01-01,2024,1,191.10000077635,rf.xlsx
43466,COLOMBO,79.87,6.9,2024-02-01,2024,2,7.39999993145466,rf.xlsx
43466,COLOMBO,79.87,6.9,2024-03-01,2024,3,63.5999997854233,rf.xlsx
43466,COLOMBO,79.87,6.9,2024-04-01,2024,4,362.999996960163,rf.xlsx
43466,COLOMBO,79.87,6.9,2024-05-01,2024,5,533.899996653199,rf.xlsx
43466,COLOMBO,79.87,6.9,2024-06-01,2024,6,353.400000669062,rf.xlsx
43466,COLOMBO,79.87,6.9,2024-07-01,2024,7,277.99999897927,rf.xlsx
43466,COLOMBO,79.87,6.9,2024-08-01,2024,8,341.000006325543,rf.xlsx
43466,COLOMBO,79.87,6.9,2024-09-01,2024,9,216.00000013411,rf.xlsx
43466,COLOMBO,79.87,6.9,2024-10-01,2024,10,714.49999755621,rf.xlsx
43466,COLOMBO,79.87,6.9,2024-11-01,2024,11,302.099999047816,rf.xlsx
43466,COLOMBO,79.87,6.9,2024-12-01,2024,12,78.3000001013279,rf.xlsx
43466,COLOMBO,79.87,6.9,2025-01-01,2025,1,71.3999993130565,rf.xlsx
43466,COLOMBO,79.87,6.9,2025-02-01,2025,2,18.599999666214,rf.xlsx
43466,COLOMBO,79.87,6.9,2025-03-01,2025,3,254.80000115931,rf.xlsx
43466,COLOMBO,79.87,6.9,2025-04-01,2025,4,293.799999386072,rf.xlsx
43466,COLOMBO,79.87,6.9,2025-05-01,2025,5,273.900003299117,rf.xlsx
43466,COLOMBO,79.87,6.9,2025-06-01,2025,6,183.399997107685,rf.xlsx
43466,COLOMBO,79.87,6.9,2025-07-01,2025,7,59.6999996751547,rf.xlsx
43466,COLOMBO,79.87,6.9,2025-08-01,2025,8,60.0999995172024,rf.xlsx
43466,COLOMBO,79.87,6.9,2025-09-01,2025,9,100.399997808039,rf.xlsx
43466,COLOMBO,79.87,6.9,2025-10-01,2025,10,591.100004114211,rf.xlsx
43466,COLOMBO,79.87,6.9,2025-11-01,2025,11,,rf.xlsx
43466,COLOMBO,79.87,6.9,2025-12-01,2025,12,,rf.xlsx
43495,GALLE,80.22,6.03,2021-01-01,2021,1,195.800001583993,rf.xlsx
43495,GALLE,80.22,6.03,2021-02-01,2021,2,15.4000001698732,rf.xlsx
43495,GALLE,80.22,6.03,2021-03-01,2021,3,122.400001615286,rf.xlsx
43495,GALLE,80.22,6.03,2021-04-01,2021,4,407.500001646578,rf.xlsx
43495,GALLE,80.22,6.03,2021-05-01,2021,5,294.800003424287,rf.xlsx
43495,GALLE,80.22,6.03,2021-06-01,2021,6,215.399998530746,rf.xlsx
43495,GALLE,80.22,6.03,2021-07-01,2021,7,202.100001871586,rf.xlsx
43495,GALLE,80.22,6.03,2021-08-01,2021,8,139.999998025596,rf.xlsx
43495,GALLE,80.22,6.03,2021-09-01,2021,9,140.799999840558,rf.xlsx
43495,GALLE,80.22,6.03,2021-10-01,2021,10,216.19999922812,rf.xlsx
43495,GALLE,80.22,6.03,2021-11-01,2021,11,473.700005784631,rf.xlsx
43495,GALLE,80.22,6.03,2021-12-01,2021,12,210.599998176098,rf.xlsx
43495,GALLE,80.22,6.03,2022-01-01,2022,1,72.8999985232949,rf.xlsx
43495,GALLE,80.22,6.03,2022-02-01,2022,2,118.099999003112,rf.xlsx
43495,GALLE,80.22,6.03,2022-03-01,2022,3,144.19999948144,rf.xlsx
43495,GALLE,80.22,6.03,2022-04-01,2022,4,256.999998293817,rf.xlsx
43495,GALLE,80.22,6.03,2022-05-01,2022,5,505.800005726516,rf.xlsx
43495,GALLE,80.22,6.03,2022-06-01,2022,6,192.699999399483,rf.xlsx
43495,GALLE,80.22,6.03,2022-07-01,2022,7,61.4999993219972,rf.xlsx
43495,GALLE,80.22,6.03,2022-08-01,2022,8,184.400003306568,rf.xlsx
43495,GALLE,80.22,6.03,2022-09-01,2022,9,74.6000006347895,rf.xlsx
43495,GALLE,80.22,6.03,2022-10-01,2022,10,749.900006890297,rf.xlsx
43495,GALLE,80.22,6.03,2022-11-01,2022,11,162.300001978874,rf.xlsx
43495,GALLE,80.22,6.03,2022-12-01,2022,12,190.399999529123,rf.xlsx
43495,GALLE,80.22,6.03,2023-01-01,2023,1,91.1000009477139,rf.xlsx
43495,GALLE,80.22,6.03,2023-02-01,2023,2,277.600002169609,rf.xlsx
43495,GALLE,80.22,6.03,2023-03-01,2023,3,230.30000461638,rf.xlsx
43495,GALLE,80.22,6.03,2023-04-01,2023,4,134.200001195073,rf.xlsx
43495,GALLE,80.22,6.03,2023-05-01,2023,5,320.599998533726,rf.xlsx
43495,GALLE,80.22,6.03,2023-06-01,2023,6,240.59999858588,rf.xlsx
43495,GALLE,80.22,6.03,2023-07-01,2023,7,129.400000631809,rf.xlsx
43495,GALLE,80.22,6.03,2023-08-01,2023,8,187.000000946224,rf.xlsx
43495,GALLE,80.22,6.03,2023-09-01,2023,9,695.199999094009,rf.xlsx
43495,GALLE,80.22,6.03,2023-10-01,2023,10,833.700000882149,rf.xlsx
43495,GALLE,80.22,6.03,2023-11-01,2023,11,394.300000667572,rf.xlsx
43495,GALLE,80.22,6.03,2023-12-01,2023,12,408.199994541705,rf.xlsx
43495,GALLE,80.22,6.03,2024-01-01,2024,1,275.200000092387,rf.xlsx
43495,GALLE,80.22,6.03,2024-02-01,2024,2,30.6999996304512,rf.xlsx
43495,GALLE,80.22,6.03,2024-03-01,2024,3,64.6999989897013,rf.xlsx
43495,GALLE,80.22,6.03,2024-04-01,2024,4,171.699999891222,rf.xlsx
43495,GALLE,80.22,6.03,2024-05-01,2024,5,454.999998629093,rf.xlsx
43495,GALLE,80.22,6.03,2024-06-01,2024,6,178.90000077337,rf.xlsx
43495,GALLE,80.22,6.03,2024-07-01,2024,7,362.300003387034,rf.xlsx
43495,GALLE,80.22,6.03,2024-08-01,2024,8,341.999998413026,rf.xlsx
43495,GALLE,80.22,6.03,2024-09-01,2024,9,145.100000828505,rf.xlsx
43495,GALLE,80.22,6.03,2024-10-01,2024,10,550.400003731251,rf.xlsx
43495,GALLE,80.22,6.03,2024-11-01,2024,11,317.50000076741,rf.xlsx
43495,GALLE,80.22,6.03,2024-12-01,2024,12,176.099998451769,rf.xlsx
43495,GALLE,80.22,6.03,2025-01-01,2025,1,95.5999999940395,rf.xlsx
43495,GALLE,80.22,6.03,2025-02-01,2025,2,50.7999993488193,rf.xlsx
43495,GALLE,80.22,6.03,2025-03-01,2025,3,153.20000063628,rf.xlsx
43495,GALLE,80.22,6.03,2025-04-01,2025,4,180.20000167191,rf.xlsx
43495,GALLE,80.22,6.03,2025-05-01,2025,5,397.300004020333,rf.xlsx
43495,GALLE,80.22,6.03,2025-06-01,2025,6,148.69999833405,rf.xlsx
43495,GALLE,80.22,6.03,2025-07-01,2025,7,99.4999994859099,rf.xlsx
43495,GALLE,80.22,6.03,2025-08-01,2025,8,60.3000010251999,rf.xlsx
43495,GALLE,80.22,6.03,2025-09-01,2025,9,209.899998493493,rf.xlsx
43495,GALLE,80.22,6.03,2025-10-01,2025,10,422.900005556643,rf.xlsx
43495,GALLE,80.22,6.03,2025-11-01,2025,11,,rf.xlsx
43495,GALLE,80.22,6.03,2025-12-01,2025,12,,rf.xlsx
43497,HAMBANTOTA,81.13,6.12,2021-01-01,2021,1,75.4999996572733,rf.xlsx
43497,HAMBANTOTA,81.13,6.12,2021-02-01,2021,2,2.29999995231628,rf.xlsx
43497,HAMBANTOTA,81.13,6.12,2021-03-01,2021,3,111.700002029538,rf.xlsx
43497,HAMBANTOTA,81.13,6.12,2021-04-01,2021,4,29.7000002115965,rf.xlsx
43497,HAMBANTOTA,81.13,6.12,2021-05-01,2021,5,122.000001259148,rf.xlsx
43497,HAMBANTOTA,81.13,6.12,2021-06-01,2021,6,23.1999995112419,rf.xlsx
43497,HAMBANTOTA,81.13,6.12,2021-07-01,2021,7,111.999999701977,rf.xlsx
43497,HAMBANTOTA,81.13,6.12,2021-08-01,2021,8,54.4999994412065,rf.xlsx
43497,HAMBANTOTA,81.13,6.12,2021-09-01,2021,9,81.2999997809529,rf.xlsx
43497,HAMBANTOTA,81.13,6.12,2021-10-01,2021,10,160.69999922812,rf.xlsx
43497,HAMBANTOTA,81.13,6.12,2021-11-01,2021,11,229.200003199279,rf.xlsx
43497,HAMBANTOTA,81.13,6.12,2021-12-01,2021,12,205.000003345311,rf.xlsx
43497,HAMBANTOTA,81.13,6.12,2022-01-01,2022,1,21.2999999672174,rf.xlsx
43497,HAMBANTOTA,81.13,6.12,2022-02-01,2022,2,15.8000001460314,rf.xlsx
43497,HAMBANTOTA,81.13,6.12,2022-03-01,2022,3,99.299999833107,rf.xlsx
43497,HAMBANTOTA,81.13,6.12,2022-04-01,2022,4,108.700000151992,rf.xlsx
43497,HAMBANTOTA,81.13,6.12,2022-05-01,2022,5,,rf.xlsx
43497,HAMBANTOTA,81.13,6.12,2022-06-01,2022,6,41.7000005021691,rf.xlsx
43497,HAMBANTOTA,81.13,6.12,2022-07-01,2022,7,85.5000006780028,rf.xlsx
43497,HAMBANTOTA,81.13,6.12,2022-08-01,2022,8,20.3000000938773,rf.xlsx
43497,HAMBANTOTA,81.13,6.12,2022-09-01,2022,9,5.49999995529652,rf.xlsx
43497,HAMBANTOTA,81.13,6.12,2022-10-01,2022,10,42.599999204278,rf.xlsx
43497,HAMBANTOTA,81.13,6.12,2022-11-01,2022,11,144.10000115633,rf.xlsx
43497,HAMBANTOTA,81.13,6.12,2022-12-01,2022,12,80.9000000208616,rf.xlsx
43497,HAMBANTOTA,81.13,6.12,2023-01-01,2023,1,72.3999989628792,rf.xlsx
43497,HAMBANTOTA,81.13,6.12,2023-02-01,2023,2,138.399998821318,rf.xlsx
43497,HAMBANTOTA,81.13,6.12,2023-03-01,2023,3,23.3000005483627,rf.xlsx
43497,HAMBANTOTA,81.13,6.12,2023-04-01,2023,4,40.4000006988645,rf.xlsx
43497,HAMBANTOTA,81.13,6.12,2023-05-01,2023,5,104.799998492002,rf.xlsx
43497,HAMBANTOTA,81.13,6.12,2023-06-01,2023,6,3.70000003278255,rf.xlsx
43497,HAMBANTOTA,81.13,6.12,2023-07-01,2023,7,10.2000002264977,rf.xlsx
43497,HAMBANTOTA,81.13,6.12,2023-08-01,2023,8,30.1000009551644,rf.xlsx
43497,HAMBANTOTA,81.13,6.12,2023-09-01,2023,9,468.000004000962,rf.xlsx
43497,HAMBANTOTA,81.13,6.12,2023-10-01,2023,10,508.599995210767,rf.xlsx
43497,HAMBANTOTA,81.13,6.12,2023-11-01,2023,11,238.100001700222,rf.xlsx
43497,HAMBANTOTA,81.13,6.12,2023-12-01,2023,12,403.899997487664,rf.xlsx
43497,HAMBANTOTA,81.13,6.12,2024-01-01,2024,1,187.700003147125,rf.xlsx
43497,HAMBANTOTA,81.13,6.12,2024-02-01,2024,2,8.10000011324883,rf.xlsx
43497,HAMBANTOTA,81.13,6.12,2024-03-01,2024,3,43.2000003829598,rf.xlsx
43497,HAMBANTOTA,81.13,6.12,2024-04-01,2024,4,26.7000002413988,rf.xlsx
43497,HAMBANTOTA,81.13,6.12,2024-05-01,2024,5,96.5999989584088,rf.xlsx
43497,HAMBANTOTA,81.13,6.12,2024-06-01,2024,6,79.2999999597669,rf.xlsx
43497,HAMBANTOTA,81.13,6.12,2024-07-01,2024,7,32.2000000625849,rf.xlsx
43497,HAMBANTOTA,81.13,6.12,2024-08-01,2024,8,106.599998667836,rf.xlsx
43497,HAMBANTOTA,81.13,6.12,2024-09-01,2024,9,66.5000009536743,rf.xlsx
43497,HAMBANTOTA,81.13,6.12,2024-10-01,2024,10,154.39999897033,rf.xlsx
43497,HAMBANTOTA,81.13,6.12,2024-11-01,2024,11,194.999997608364,rf.xlsx
43497,HAMBANTOTA,81.13,6.12,2024-12-01,2024,12,165.900001943111,rf.xlsx
43497,HAMBANTOTA,81.13,6.12,2025-01-01,2025,1,159.00000038743,rf.xlsx
43497,HAMBANTOTA,81.13,6.12,2025-02-01,2025,2,85.7999978065491,rf.xlsx
43497,HAMBANTOTA,81.13,6.12,2025-03-01,2025,3,142.000001400709,rf.xlsx
43497,HAMBANTOTA,81.13,6.12,2025-04-01,2025,4,140.599999859929,rf.xlsx
43497,HAMBANTOTA,81.13,6.12,2025-05-01,2025,5,106.899999126792,rf.xlsx
43497,HAMBANTOTA,81.13,6.12,2025-06-01,2025,6,37.8000009730458,rf.xlsx
43497,HAMBANTOTA,81.13,6.12,2025-07-01,2025,7,11.5999999791384,rf.xlsx
43497,HAMBANTOTA,81.13,6.12,2025-08-01,2025,8,14.2999995276332,rf.xlsx
43497,HAMBANTOTA,81.13,6.12,2025-09-01,2025,9,21.2999999523163,rf.xlsx
43497,HAMBANTOTA,81.13,6.12,2025-10-01,2025,10,127.800001770258,rf.xlsx
43497,HAMBANTOTA,81.13,6.12,2025-11-01,2025,11,,rf.xlsx
43497,HAMBANTOTA,81.13,6.12,2025-12-01,2025,12,,rf.xlsx
43404,JAFFNA,80.03,9.68,2021-01-01,2021,1,317.499999977648,rf.xlsx
43404,JAFFNA,80.03,9.68,2021-02-01,2021,2,15.3000000119209,rf.xlsx
43404,JAFFNA,80.03,9.68,2021-03-01,2021,3,1.60000000149012,rf.xlsx
43404,JAFFNA,80.03,9.68,2021-04-01,2021,4,110.400001361966,rf.xlsx
43404,JAFFNA,80.03,9.68,2021-05-01,2021,5,95.4000015929341,rf.xlsx
43404,JAFFNA,80.03,9.68,2021-06-01,2021,6,50.400001168251,rf.xlsx
43404,JAFFNA,80.03,9.68,2021-07-01,2021,7,56.9999990165234,rf.xlsx
43404,JAFFNA,80.03,9.68,2021-08-01,2021,8,8.30000016838312,rf.xlsx
43404,JAFFNA,80.03,9.68,2021-09-01,2021,9,54.700001001358,rf.xlsx
43404,JAFFNA,80.03,9.68,2021-10-01,2021,10,390.699994809926,rf.xlsx
43404,JAFFNA,80.03,9.68,2021-11-01,2021,11,752.399996347725,rf.xlsx
43404,JAFFNA,80.03,9.68,2021-12-01,2021,12,189.600001350045,rf.xlsx
43404,JAFFNA,80.03,9.68,2022-01-01,2022,1,181.199997775257,rf.xlsx
43404,JAFFNA,80.03,9.68,2022-02-01,2022,2,108.299999713898,rf.xlsx
43404,JAFFNA,80.03,9.68,2022-03-01,2022,3,18.5000000298023,rf.xlsx
43404,JAFFNA,80.03,9.68,2022-04-01,2022,4,185.099999859929,rf.xlsx
43404,JAFFNA,80.03,9.68,2022-05-01,2022,5,10.3000001907349,rf.xlsx
43404,JAFFNA,80.03,9.68,2022-06-01,2022,6,5.30000001192093,rf.xlsx
43404,JAFFNA,80.03,9.68,2022-07-01,2022,7,73.0999993532896,rf.xlsx
43404,JAFFNA,80.03,9.68,2022-08-01,2022,8,94.9999982118607,rf.xlsx
43404,JAFFNA,80.03,9.68,2022-09-01,2022,9,2.80000004917383,rf.xlsx
43404,JAFFNA,80.03,9.68,2022-10-01,2022,10,479.399999395013,rf.xlsx
43404,JAFFNA,80.03,9.68,2022-11-01,2022,11,263.200001470745,rf.xlsx
43404,JAFFNA,80.03,9.68,2022-12-01,2022,12,201.799997627735,rf.xlsx
43404,JAFFNA,80.03,9.68,2023-01-01,2023,1,22.8999996930361,rf.xlsx
43404,JAFFNA,80.03,9.68,2023-02-01,2023,2,166.400000795722,rf.xlsx
43404,JAFFNA,80.03,9.68,2023-03-01,2023,3,10.6999999284744,rf.xlsx
43404,JAFFNA,80.03,9.68,2023-04-01,2023,4,6.09999994188547,rf.xlsx
43404,JAFFNA,80.03,9.68,2023-05-01,2023,5,164.599996760488,rf.xlsx
43404,JAFFNA,80.03,9.68,2023-06-01,2023,6,13.4999999776483,rf.xlsx
43404,JAFFNA,80.03,9.68,2023-07-01,2023,7,25.0999999046326,rf.xlsx
43404,JAFFNA,80.03,9.68,2023-08-01,2023,8,21.1999995708466,rf.xlsx
43404,JAFFNA,80.03,9.68,2023-09-01,2023,9,67.7999982833862,rf.xlsx
43404,JAFFNA,80.03,9.68,2023-10-01,2023,10,137.200002588332,rf.xlsx
43404,JAFFNA,80.03,9.68,2023-11-01,2023,11,464.700001731515,rf.xlsx
43404,JAFFNA,80.03,9.68,2023-12-01,2023,12,340.30000346154,rf.xlsx
43404,JAFFNA,80.03,9.68,2024-01-01,2024,1,113.499999798834,rf.xlsx
43404,JAFFNA,80.03,9.68,2024-02-01,2024,2,0.200000002980232,rf.xlsx
43404,JAFFNA,80.03,9.68,2024-03-01,2024,3,29.200000859797,rf.xlsx
43404,JAFFNA,80.03,9.68,2024-04-01,2024,4,11.6000000014901,rf.xlsx
43404,JAFFNA,80.03,9.68,2024-05-01,2024,5,306.599997855723,rf.xlsx
43404,JAFFNA,80.03,9.68,2024-06-01,2024,6,66.8999992609024,rf.xlsx
43404,JAFFNA,80.03,9.68,2024-07-01,2024,7,9.30000038444996,rf.xlsx
43404,JAFFNA,80.03,9.68,2024-08-01,2024,8,86.8999980986118,rf.xlsx
43404,JAFFNA,80.03,9.68,2024-09-01,2024,9,5.60000006109476,rf.xlsx
43404,JAFFNA,80.03,9.68,2024-10-01,2024,10,302.499999582767,rf.xlsx
43404,JAFFNA,80.03,9.68,2024-11-01,2024,11,821.399989373982,rf.xlsx
43404,JAFFNA,80.03,9.68,2024-12-01,2024,12,232.50000448525,rf.xlsx
43404,JAFFNA,80.03,9.68,2025-01-01,2025,1,95.3999986872077,rf.xlsx
43404,JAFFNA,80.03,9.68,2025-02-01,2025,2,86.4000007659197,rf.xlsx
43404,JAFFNA,80.03,9.68,2025-03-01,2025,3,27.9000007510185,rf.xlsx
43404,JAFFNA,80.03,9.68,2025-04-01,2025,4,76.8000000417233,rf.xlsx
43404,JAFFNA,80.03,9.68,2025-05-01,2025,5,149.000001549721,rf.xlsx
43404,JAFFNA,80.03,9.68,2025-06-01,2025,6,54.0000017285347,rf.xlsx
43404,JAFFNA,80.03,9.68,2025-07-01,2025,7,5.89999981224537,rf.xlsx
43404,JAFFNA,80.03,9.68,2025-08-01,2025,8,64.5000015199184,rf.xlsx
43404,JAFFNA,80.03,9.68,2025-09-01,2025,9,109.50000166893,rf.xlsx
43404,JAFFNA,80.03,9.68,2025-10-01,2025,10,392.800001740456,rf.xlsx
43404,JAFFNA,80.03,9.68,2025-11-01,2025,11,,rf.xlsx
43404,JAFFNA,80.03,9.68,2025-12-01,2025,12,,rf.xlsx
01PU256B,KALPITIYA,,,2021-01-01,2021,1,139.500001430511,rf_other_stations.xlsx
01PU256B,KALPITIYA,,,2021-02-01,2021,2,65.9000015258789,rf_other_stations.xlsx
01PU256B,KALPITIYA,,,2021-03-01,2021,3,56.3000011444092,rf_other_stations.xlsx
01PU256B,KALPITIYA,,,2021-04-01,2021,4,34.7999992370605,rf_other_stations.xlsx
01PU256B,KALPITIYA,,,2021-05-01,2021,5,191.90000128746,rf_other_stations.xlsx
01PU256B,KALPITIYA,,,2021-06-01,2021,6,11.8999996185303,rf_other_stations.xlsx
01PU256B,KALPITIYA,,,2021-07-01,2021,7,0.0,rf_other_stations.xlsx
01PU256B,KALPITIYA,,,2021-08-01,2021,8,6.5,rf_other_stations.xlsx
01PU256B,KALPITIYA,,,2021-09-01,2021,9,0.0,rf_other_stations.xlsx
01PU256B,KALPITIYA,,,2021-10-01,2021,10,218.400000095367,rf_other_stations.xlsx
01PU256B,KALPITIYA,,,2021-11-01,2021,11,1015.0,rf_other_stations.xlsx
01PU256B,KALPITIYA,,,2021-12-01,2021,12,130.0,rf_other_stations.xlsx
01PU256B,KALPITIYA,,,2022-01-01,2022,1,0.0,rf_other_stations.xlsx
01PU256B,KALPITIYA,,,2022-03-01,2022,3,30.0,rf_other_stations.xlsx
01PU256B,KALPITIYA,,,2022-05-01,2022,5,120.0,rf_other_stations.xlsx
01PU256B,KALPITIYA,,,2022-06-01,2022,6,0.0,rf_other_stations.xlsx
01PU256B,KALPITIYA,,,2022-07-01,2022,7,0.0,rf_other_stations.xlsx
01PU256B,KALPITIYA,,,2022-08-01,2022,8,10.0,rf_other_stations.xlsx
01PU256B,KALPITIYA,,,2022-09-01,2022,9,0.0,rf_other_stations.xlsx
01PU256B,KALPITIYA,,,2022-10-01,2022,10,88.0,rf_other_stations.xlsx
01PU256B,KALPITIYA,,,2022-11-01,2022,11,204.0,rf_other_stations.xlsx
01PU256B,KALPITIYA,,,2023-03-01,2023,3,37.0,rf_other_stations.xlsx
01PU256B,KALPITIYA,,,2023-05-01,2023,5,120.0,rf_other_stations.xlsx
01PU256B,KALPITIYA,,,2023-06-01,2023,6,0.0,rf_other_stations.xlsx
01PU256B,KALPITIYA,,,2023-07-01,2023,7,0.0,rf_other_stations.xlsx
01PU256B,KALPITIYA,,,2025-02-01,2025,2,90.6000003814697,rf_other_stations.xlsx
01PU256B,KALPITIYA,,,2025-03-01,2025,3,94.5,rf_other_stations.xlsx
01PU256B,KALPITIYA,,,2025-04-01,2025,4,177.399995803833,rf_other_stations.xlsx
01PU256B,KALPITIYA,,,2025-05-01,2025,5,106.600000023842,rf_other_stations.xlsx
01PU256B,KALPITIYA,,,2025-06-01,2025,6,7.0,rf_other_stations.xlsx
01PU256B,KALPITIYA,,,2025-08-01,2025,8,0.0,rf_other_stations.xlsx
01PU256B,KALPITIYA,,,2025-09-01,2025,9,0.0,rf_other_stations.xlsx
01ML0208,KANDALAMA,,,2023-01-01,2023,1,64.2000007629395,rf_other_stations.xlsx
01ML0208,KANDALAMA,,,2023-03-01,2023,3,46.5999999046326,rf_other_stations.xlsx
01ML0208,KANDALAMA,,,2023-04-01,2023,4,149.599999964237,rf_other_stations.xlsx
01ML0208,KANDALAMA,,,2023-05-01,2023,5,218.999999523163,rf_other_stations.xlsx
01ML0208,KANDALAMA,,,2023-06-01,2023,6,3.90000009536743,rf_other_stations.xlsx
01ML0208,KANDALAMA,,,2023-07-01,2023,7,0.0,rf_other_stations.xlsx
01ML0208,KANDALAMA,,,2023-08-01,2023,8,6.90000009536743,rf_other_stations.xlsx
01ML0208,KANDALAMA,,,2023-09-01,2023,9,6.90000009536743,rf_other_stations.xlsx
01ML0208,KANDALAMA,,,2023-10-01,2023,10,342.499998450279,rf_other_stations.xlsx
01ML0208,KANDALAMA,,,2023-11-01,2023,11,330.200003087521,rf_other_stations.xlsx
01ML0208,KANDALAMA,,,2023-12-01,2023,12,543.200007021427,rf_other_stations.xlsx
01ML0208,KANDALAMA,,,2024-01-01,2024,1,244.099996566772,rf_other_stations.xlsx
01ML0208,KANDALAMA,,,2024-02-01,2024,2,20.2999997138977,rf_other_stations.xlsx
01ML0208,KANDALAMA,,,2024-03-01,2024,3,0.0,rf_other_stations.xlsx
01ML0208,KANDALAMA,,,2024-04-01,2024,4,71.2000002861023,rf_other_stations.xlsx
01ML0208,KANDALAMA,,,2024-06-01,2024,6,0.0,rf_other_stations.xlsx
01ML0208,KANDALAMA,,,2024-07-01,2024,7,0.0,rf_other_stations.xlsx
01ML0208,KANDALAMA,,,2024-08-01,2024,8,106.399999856949,rf_other_stations.xlsx
01ML0208,KANDALAMA,,,2024-09-01,2024,9,13.9999997019768,rf_other_stations.xlsx
01ML0208,KANDALAMA,,,2024-10-01,2024,10,145.700000286102,rf_other_stations.xlsx
01ML0208,KANDALAMA,,,2024-11-01,2024,11,555.500001490116,rf_other_stations.xlsx
01ML0208,KANDALAMA,,,2024-12-01,2024,12,188.100001692772,rf_other_stations.xlsx
43444,KATUGASTOTA,80.63,7.33,2021-01-01,2021,1,143.100001625717,rf.xlsx
43444,KATUGASTOTA,80.63,7.33,2021-02-01,2021,2,54.6000015214086,rf.xlsx
43444,KATUGASTOTA,80.63,7.33,2021-03-01,2021,3,86.3999999165535,rf.xlsx
43444,KATUGASTOTA,80.63,7.33,2021-04-01,2021,4,285.600000679493,rf.xlsx
43444,KATUGASTOTA,80.63,7.33,2021-05-01,2021,5,326.900001093745,rf.xlsx
43444,KATUGASTOTA,80.63,7.33,2021-06-01,2021,6,125.399997718632,rf.xlsx
43444,KATUGASTOTA,80.63,7.33,2021-07-01,2021,7,165.099999554455,rf.xlsx
43444,KATUGASTOTA,80.63,7.33,2021-08-01,2021,8,136.60000140965,rf.xlsx
43444,KATUGASTOTA,80.63,7.33,2021-09-01,2021,9,162.599998608232,rf.xlsx
43444,KATUGASTOTA,80.63,7.33,2021-10-01,2021,10,438.499999478459,rf.xlsx
43444,KATUGASTOTA,80.63,7.33,2021-11-01,2021,11,451.600002408028,rf.xlsx
43444,KATUGASTOTA,80.63,7.33,2021-12-01,2021,12,46.3999995291233,rf.xlsx
43444,KATUGASTOTA,80.63,7.33,2022-01-01,2022,1,14.2000000178814,rf.xlsx
43444,KATUGASTOTA,80.63,7.33,2022-02-01,2022,2,29.4000005871058,rf.xlsx
43444,KATUGASTOTA,80.63,7.33,2022-03-01,2022,3,79.9999989271164,rf.xlsx
43444,KATUGASTOTA,80.63,7.33,2022-04-01,2022,4,250.200000137091,rf.xlsx
43444,KATUGASTOTA,80.63,7.33,2022-05-01,2022,5,,rf.xlsx
43444,KATUGASTOTA,80.63,7.33,2022-06-01,2022,6,19.4999999403954,rf.xlsx
43444,KATUGASTOTA,80.63,7.33,2022-07-01,2022,7,157.500000633299,rf.xlsx
43444,KATUGASTOTA,80.63,7.33,2022-08-01,2022,8,265.000000648201,rf.xlsx
43444,KATUGASTOTA,80.63,7.33,2022-09-01,2022,9,171.899998366833,rf.xlsx
43444,KATUGASTOTA,80.63,7.33,2022-10-01,2022,10,249.700001552701,rf.xlsx
43444,KATUGASTOTA,80.63,7.33,2022-11-01,2022,11,292.40000000596,rf.xlsx
43444,KATUGASTOTA,80.63,7.33,2022-12-01,2022,12,292.300000697374,rf.xlsx
43444,KATUGASTOTA,80.63,7.33,2023-01-01,2023,1,45.299999833107,rf.xlsx
43444,KATUGASTOTA,80.63,7.33,2023-02-01,2023,2,90.5000007748604,rf.xlsx
43444,KATUGASTOTA,80.63,7.33,2023-03-01,2023,3,66.5000002533197,rf.xlsx
43444,KATUGASTOTA,80.63,7.33,2023-04-01,2023,4,149.899999171495,rf.xlsx
43444,KATUGASTOTA,80.63,7.33,2023-05-01,2023,5,134.200000025332,rf.xlsx
43444,KATUGASTOTA,80.63,7.33,2023-06-01,2023,6,72.7999992966652,rf.xlsx
43444,KATUGASTOTA,80.63,7.33,2023-07-01,2023,7,64.1999998986721,rf.xlsx
43444,KATUGASTOTA,80.63,7.33,2023-08-01,2023,8,27.1000008136034,rf.xlsx
43444,KATUGASTOTA,80.63,7.33,2023-09-01,2023,9,175.10000038892,rf.xlsx
43444,KATUGASTOTA,80.63,7.33,2023-10-01,2023,10,505.50000192225,rf.xlsx
43444,KATUGASTOTA,80.63,7.33,2023-11-01,2023,11,545.499999880791,rf.xlsx
43444,KATUGASTOTA,80.63,7.33,2023-12-01,2023,12,388.199996873736,rf.xlsx
43444,KATUGASTOTA,80.63,7.33,2024-01-01,2024,1,171.900000944734,rf.xlsx
43444,KATUGASTOTA,80.63,7.33,2024-02-01,2024,2,56.4000007286668,rf.xlsx
43444,KATUGASTOTA,80.63,7.33,2024-03-01,2024,3,31.0000004768372,rf.xlsx
43444,KATUGASTOTA,80.63,7.33,2024-04-01,2024,4,20.4999999850988,rf.xlsx
43444,KATUGASTOTA,80.63,7.33,2024-05-01,2024,5,343.29999897629,rf.xlsx
43444,KATUGASTOTA,80.63,7.33,2024-06-01,2024,6,128.799999848008,rf.xlsx
43444,KATUGASTOTA,80.63,7.33,2024-07-01,2024,7,134.699999406934,rf.xlsx
43444,KATUGASTOTA,80.63,7.33,2024-08-01,2024,8,145.699999988079,rf.xlsx
43444,KATUGASTOTA,80.63,7.33,2024-09-01,2024,9,95.7999993786216,rf.xlsx
43444,KATUGASTOTA,80.63,7.33,2024-10-01,2024,10,142.099999263883,rf.xlsx
43444,KATUGASTOTA,80.63,7.33,2024-11-01,2024,11,608.099985353649,rf.xlsx
43444,KATUGASTOTA,80.63,7.33,2024-12-01,2024,12,150.900002352893,rf.xlsx
43444,KATUGASTOTA,80.63,7.33,2025-01-01,2025,1,213.799998916686,rf.xlsx
43444,KATUGASTOTA,80.63,7.33,2025-02-01,2025,2,35.6999992728233,rf.xlsx
43444,KATUGASTOTA,80.63,7.33,2025-03-01,2025,3,158.799997717142,rf.xlsx
43444,KATUGASTOTA,80.63,7.33,2025-04-01,2025,4,147.70000038296,rf.xlsx
43444,KATUGASTOTA,80.63,7.33,2025-05-01,2025,5,246.899997405708,rf.xlsx
43444,KATUGASTOTA,80.63,7.33,2025-06-01,2025,6,167.10000140965,rf.xlsx
43444,KATUGASTOTA,80.63,7.33,2025-07-01,2025,7,91.7000015303493,rf.xlsx
43444,KATUGASTOTA,80.63,7.33,2025-08-01,2025,8,71.7000011578202,rf.xlsx
43444,KATUGASTOTA,80.63,7.33,2025-09-01,2025,9,109.799998372793,rf.xlsx
43444,KATUGASTOTA,80.63,7.33,2025-10-01,2025,10,257.199997603893,rf.xlsx
43444,KATUGASTOTA,80.63,7.33,2025-11-01,2025,11,,rf.xlsx
43444,KATUGASTOTA,80.63,7.33,2025-12-01,2025,12,,rf.xlsx
43450,KATUNAYAKA,79.88,7.17,2021-01-01,2021,1,166.400000572205,rf.xlsx
43450,KATUNAYAKA,79.88,7.17,2021-02-01,2021,2,1.00000001490116,rf.xlsx
43450,KATUNAYAKA,79.88,7.17,2021-03-01,2021,3,209.699995100498,rf.xlsx
43450,KATUNAYAKA,79.88,7.17,2021-04-01,2021,4,201.600001491606,rf.xlsx
43450,KATUNAYAKA,79.88,7.17,2021-05-01,2021,5,524.200004398823,rf.xlsx
43450,KATUNAYAKA,79.88,7.17,2021-06-01,2021,6,362.599998392165,rf.xlsx
43450,KATUNAYAKA,79.88,7.17,2021-07-01,2021,7,123.000001110137,rf.xlsx
43450,KATUNAYAKA,79.88,7.17,2021-08-01,2021,8,173.100003741682,rf.xlsx
43450,KATUNAYAKA,79.88,7.17,2021-09-01,2021,9,134.499999575317,rf.xlsx
43450,KATUNAYAKA,79.88,7.17,2021-10-01,2021,10,567.999996125698,rf.xlsx
43450,KATUNAYAKA,79.88,7.17,2021-11-01,2021,11,467.799994975328,rf.xlsx
43450,KATUNAYAKA,79.88,7.17,2021-12-01,2021,12,31.70000077039,rf.xlsx
43450,KATUNAYAKA,79.88,7.17,2022-01-01,2022,1,9.40000013262033,rf.xlsx
43450,KATUNAYAKA,79.88,7.17,2022-02-01,2022,2,144.799998283386,rf.xlsx
43450,KATUNAYAKA,79.88,7.17,2022-03-01,2022,3,37.2999992370605,rf.xlsx
43450,KATUNAYAKA,79.88,7.17,2022-04-01,2022,4,315.499999187887,rf.xlsx
43450,KATUNAYAKA,79.88,7.17,2022-05-01,2022,5,,rf.xlsx
43450,KATUNAYAKA,79.88,7.17,2022-06-01,2022,6,66.299999974668,rf.xlsx
43450,KATUNAYAKA,79.88,7.17,2022-07-01,2022,7,13.5999999716878,rf.xlsx
43450,KATUNAYAKA,79.88,7.17,2022-08-01,2022,8,114.600000433624,rf.xlsx
43450,KATUNAYAKA,79.88,7.17,2022-09-01,2022,9,73.1000006496906,rf.xlsx
43450,KATUNAYAKA,79.88,7.17,2022-10-01,2022,10,507.600005201995,rf.xlsx
43450,KATUNAYAKA,79.88,7.17,2022-11-01,2022,11,84.7000003233552,rf.xlsx
43450,KATUNAYAKA,79.88,7.17,2022-12-01,2022,12,223.100004017353,rf.xlsx
43450,KATUNAYAKA,79.88,7.17,2023-01-01,2023,1,76.8000001907349,rf.xlsx
43450,KATUNAYAKA,79.88,7.17,2023-02-01,2023,2,113.300000339746,rf.xlsx
43450,KATUNAYAKA,79.88,7.17,2023-03-01,2023,3,137.500000312924,rf.xlsx
43450,KATUNAYAKA,79.88,7.17,2023-04-01,2023,4,243.999999240041,rf.xlsx
43450,KATUNAYAKA,79.88,7.17,2023-05-01,2023,5,355.900006212294,rf.xlsx
43450,KATUNAYAKA,79.88,7.17,2023-06-01,2023,6,146.09999871254,rf.xlsx
43450,KATUNAYAKA,79.88,7.17,2023-07-01,2023,7,77.1000003218651,rf.xlsx
43450,KATUNAYAKA,79.88,7.17,2023-08-01,2023,8,45.3999996930361,rf.xlsx
43450,KATUNAYAKA,79.88,7.17,2023-09-01,2023,9,505.600000195205,rf.xlsx
43450,KATUNAYAKA,79.88,7.17,2023-10-01,2023,10,544.299997597933,rf.xlsx
43450,KATUNAYAKA,79.88,7.17,2023-11-01,2023,11,600.89999499917,rf.xlsx
43450,KATUNAYAKA,79.88,7.17,2023-12-01,2023,12,192.100001826882,rf.xlsx
43450,KATUNAYAKA,79.88,7.17,2024-01-01,2024,1,32.5000007003546,rf.xlsx
43450,KATUNAYAKA,79.88,7.17,2024-02-01,2024,2,0.100000001490116,rf.xlsx
43450,KATUNAYAKA,79.88,7.17,2024-03-01,2024,3,157.799994707108,rf.xlsx
43450,KATUNAYAKA,79.88,7.17,2024-04-01,2024,4,189.299998641014,rf.xlsx
43450,KATUNAYAKA,79.88,7.17,2024-05-01,2024,5,483.000000968575,rf.xlsx
43450,KATUNAYAKA,79.88,7.17,2024-06-01,2024,6,303.899996846914,rf.xlsx
43450,KATUNAYAKA,79.88,7.17,2024-07-01,2024,7,183.800000555813,rf.xlsx
43450,KATUNAYAKA,79.88,7.17,2024-08-01,2024,8,318.699994891882,rf.xlsx
43450,KATUNAYAKA,79.88,7.17,2024-09-01,2024,9,147.399998933077,rf.xlsx
43450,KATUNAYAKA,79.88,7.17,2024-10-01,2024,10,560.300007164478,rf.xlsx
43450,KATUNAYAKA,79.88,7.17,2024-11-01,2024,11,375.899997748435,rf.xlsx
43450,KATUNAYAKA,79.88,7.17,2024-12-01,2024,12,75.6000000610948,rf.xlsx
43450,KATUNAYAKA,79.88,7.17,2025-01-01,2025,1,81.5999996811152,rf.xlsx
43450,KATUNAYAKA,79.88,7.17,2025-02-01,2025,2,18.1999998092651,rf.xlsx
43450,KATUNAYAKA,79.88,7.17,2025-03-01,2025,3,219.000002101064,rf.xlsx
43450,KATUNAYAKA,79.88,7.17,2025-04-01,2025,4,322.500002115965,rf.xlsx
43450,KATUNAYAKA,79.88,7.17,2025-05-01,2025,5,349.30000013113,rf.xlsx
43450,KATUNAYAKA,79.88,7.17,2025-06-01,2025,6,133.399999000132,rf.xlsx
43450,KATUNAYAKA,79.88,7.17,2025-07-01,2025,7,22.3999998271465,rf.xlsx
43450,KATUNAYAKA,79.88,7.17,2025-08-01,2025,8,22.4000000059605,rf.xlsx
43450,KATUNAYAKA,79.88,7.17,2025-09-01,2025,9,120.900000624359,rf.xlsx
43450,KATUNAYAKA,79.88,7.17,2025-10-01,2025,10,444.000003233552,rf.xlsx
43450,KATUNAYAKA,79.88,7.17,2025-11-01,2025,11,,rf.xlsx
43450,KATUNAYAKA,79.88,7.17,2025-12-01,2025,12,,rf.xlsx
43413,MANNAR,79.92,8.98,2021-01-01,2021,1,216.400000743568,rf.xlsx
43413,MANNAR,79.92,8.98,2021-02-01,2021,2,25.3000001907349,rf.xlsx
43413,MANNAR,79.92,8.98,2021-03-01,2021,3,66.5000004768372,rf.xlsx
43413,MANNAR,79.92,8.98,2021-04-01,2021,4,90.8999993801117,rf.xlsx
43413,MANNAR,79.92,8.98,2021-05-01,2021,5,84.99999884516,rf.xlsx
43413,MANNAR,79.92,8.98,2021-06-01,2021,6,25.2999992370605,rf.xlsx
43413,MANNAR,79.92,8.98,2021-07-01,2021,7,10.3999996334314,rf.xlsx
43413,MANNAR,79.92,8.98,2021-08-01,2021,8,5.39999994635582,rf.xlsx
43413,MANNAR,79.92,8.98,2021-09-01,2021,9,135.499999910593,rf.xlsx
43413,MANNAR,79.92,8.98,2021-10-01,2021,10,332.000001393259,rf.xlsx
43413,MANNAR,79.92,8.98,2021-11-01,2021,11,664.999993659556,rf.xlsx
43413,MANNAR,79.92,8.98,2021-12-01,2021,12,62.5999982655048,rf.xlsx
43413,MANNAR,79.92,8.98,2022-01-01,2022,1,29.5000001788139,rf.xlsx
43413,MANNAR,79.92,8.98,2022-02-01,2022,2,15.1999999880791,rf.xlsx
43413,MANNAR,79.92,8.98,2022-03-01,2022,3,0.899999976158142,rf.xlsx
43413,MANNAR,79.92,8.98,2022-04-01,2022,4,240.20000103116,rf.xlsx
43413,MANNAR,79.92,8.98,2022-05-01,2022,5,,rf.xlsx
43413,MANNAR,79.92,8.98,2022-06-01,2022,6,0.0,rf.xlsx
43413,MANNAR,79.92,8.98,2022-07-01,2022,7,3.29999991506338,rf.xlsx
43413,MANNAR,79.92,8.98,2022-08-01,2022,8,97.1999993398786,rf.xlsx
43413,MANNAR,79.92,8.98,2022-09-01,2022,9,1.89999997615814,rf.xlsx
43413,MANNAR,79.92,8.98,2022-10-01,2022,10,194.200001403689,rf.xlsx
43413,MANNAR,79.92,8.98,2022-11-01,2022,11,130.799998581409,rf.xlsx
43413,MANNAR,79.92,8.98,2022-12-01,2022,12,205.20000115037,rf.xlsx
43413,MANNAR,79.92,8.98,2023-01-01,2023,1,41.3000002503395,rf.xlsx
43413,MANNAR,79.92,8.98,2023-02-01,2023,2,125.599998235703,rf.xlsx
43413,MANNAR,79.92,8.98,2023-03-01,2023,3,3.90000005066395,rf.xlsx
43413,MANNAR,79.92,8.98,2023-04-01,2023,4,61.300000667572,rf.xlsx
43413,MANNAR,79.92,8.98,2023-05-01,2023,5,163.400001481175,rf.xlsx
43413,MANNAR,79.92,8.98,2023-06-01,2023,6,14.3000001907349,rf.xlsx
43413,MANNAR,79.92,8.98,2023-07-01,2023,7,1.80000001192093,rf.xlsx
43413,MANNAR,79.92,8.98,2023-08-01,2023,8,0.0,rf.xlsx
43413,MANNAR,79.92,8.98,2023-09-01,2023,9,6.80000007152557,rf.xlsx
43413,MANNAR,79.92,8.98,2023-10-01,2023,10,154.199999392033,rf.xlsx
43413,MANNAR,79.92,8.98,2023-11-01,2023,11,359.500003695488,rf.xlsx
43413,MANNAR,79.92,8.98,2023-12-01,2023,12,305.599995404482,rf.xlsx
43413,MANNAR,79.92,8.98,2024-01-01,2024,1,33.3000004068017,rf.xlsx
43413,MANNAR,79.92,8.98,2024-02-01,2024,2,0.300000011920929,rf.xlsx
43413,MANNAR,79.92,8.98,2024-03-01,2024,3,65.0,rf.xlsx
43413,MANNAR,79.92,8.98,2024-04-01,2024,4,82.9000005722046,rf.xlsx
43413,MANNAR,79.92,8.98,2024-05-01,2024,5,115.199999980628,rf.xlsx
43413,MANNAR,79.92,8.98,2024-06-01,2024,6,54.3999991416931,rf.xlsx
43413,MANNAR,79.92,8.98,2024-07-01,2024,7,0.0,rf.xlsx
43413,MANNAR,79.92,8.98,2024-08-01,2024,8,139.899999812245,rf.xlsx
43413,MANNAR,79.92,8.98,2024-09-01,2024,9,4.60000002384186,rf.xlsx
43413,MANNAR,79.92,8.98,2024-10-01,2024,10,534.499998033047,rf.xlsx
43413,MANNAR,79.92,8.98,2024-11-01,2024,11,653.000004321337,rf.xlsx
43413,MANNAR,79.92,8.98,2024-12-01,2024,12,117.999999284744,rf.xlsx
43413,MANNAR,79.92,8.98,2025-01-01,2025,1,263.199999153614,rf.xlsx
43413,MANNAR,79.92,8.98,2025-02-01,2025,2,59.9000019133091,rf.xlsx
43413,MANNAR,79.92,8.98,2025-03-01,2025,3,30.8000003471971,rf.xlsx
43413,MANNAR,79.92,8.98,2025-04-01,2025,4,29.3000005036592,rf.xlsx
43413,MANNAR,79.92,8.98,2025-05-01,2025,5,142.999998092651,rf.xlsx
43413,MANNAR,79.92,8.98,2025-06-01,2025,6,0.0,rf.xlsx
43413,MANNAR,79.92,8.98,2025-07-01,2025,7,0.0,rf.xlsx
43413,MANNAR,79.92,8.98,2025-08-01,2025,8,0.200000002980232,rf.xlsx
43413,MANNAR,79.92,8.98,2025-09-01,2025,9,1.0,rf.xlsx
43413,MANNAR,79.92,8.98,2025-10-01,2025,10,221.400001958013,rf.xlsx
43413,MANNAR,79.92,8.98,2025-11-01,2025,11,,rf.xlsx
43413,MANNAR,79.92,8.98,2025-12-01,2025,12,,rf.xlsx
01PL0340,MINNERIYA TANK,,,2021-01-01,2021,1,547.199996948242,rf_other_stations.xlsx
01PL0340,MINNERIYA TANK,,,2021-02-01,2021,2,88.100001335144,rf_other_stations.xlsx
01PL0340,MINNERIYA TANK,,,2021-03-01,2021,3,34.2000002861023,rf_other_stations.xlsx
01PL0340,MINNERIYA TANK,,,2021-04-01,2021,4,171.399999052286,rf_other_stations.xlsx
01PL0340,MINNERIYA TANK,,,2021-05-01,2021,5,44.0000001192093,rf_other_stations.xlsx
01PL0340,MINNERIYA TANK,,,2021-06-01,2021,6,3.0,rf_other_stations.xlsx
01PL0340,MINNERIYA TANK,,,2021-07-01,2021,7,13.8999996185303,rf_other_stations.xlsx
01PL0340,MINNERIYA TANK,,,2021-08-01,2021,8,17.2999995946884,rf_other_stations.xlsx
01PL0340,MINNERIYA TANK,,,2021-09-01,2021,9,241.799999237061,rf_other_stations.xlsx
01PL0340,MINNERIYA TANK,,,2021-10-01,2021,10,394.700000882149,rf_other_stations.xlsx
01PL0340,MINNERIYA TANK,,,2021-11-01,2021,11,313.099999845028,rf_other_stations.xlsx
01PL0340,MINNERIYA TANK,,,2021-12-01,2021,12,171.10000038147,rf_other_stations.xlsx
01PL0340,MINNERIYA TANK,,,2022-01-01,2022,1,269.900000810623,rf_other_stations.xlsx
01PL0340,MINNERIYA TANK,,,2022-02-01,2022,2,184.299996733665,rf_other_stations.xlsx
01PL0340,MINNERIYA TANK,,,2022-03-01,2022,3,46.599999666214,rf_other_stations.xlsx
01PL0340,MINNERIYA TANK,,,2022-04-01,2022,4,285.80000025034,rf_other_stations.xlsx
01PL0340,MINNERIYA TANK,,,2022-05-01,2022,5,4.89999985694885,rf_other_stations.xlsx
01PL0340,MINNERIYA TANK,,,2022-06-01,2022,6,32.8999989032745,rf_other_stations.xlsx
01PL0340,MINNERIYA TANK,,,2022-07-01,2022,7,154.499998509884,rf_other_stations.xlsx
01PL0340,MINNERIYA TANK,,,2022-08-01,2022,8,38.6999995708466,rf_other_stations.xlsx
01PL0340,MINNERIYA TANK,,,2022-09-01,2022,9,50.3000007867813,rf_other_stations.xlsx
01PL0340,MINNERIYA TANK,,,2022-10-01,2022,10,110.999998643994,rf_other_stations.xlsx
01PL0340,MINNERIYA TANK,,,2022-11-01,2022,11,163.800001323223,rf_other_stations.xlsx
01PL0340,MINNERIYA TANK,,,2023-01-01,2023,1,157.400002479553,rf_other_stations.xlsx
01PL0340,MINNERIYA TANK,,,2023-02-01,2023,2,290.600001811981,rf_other_stations.xlsx
01PL0340,MINNERIYA TANK,,,2023-03-01,2023,3,68.2999985218048,rf_other_stations.xlsx
01PL0340,MINNERIYA TANK,,,2023-04-01,2023,4,182.80000436306,rf_other_stations.xlsx
01PL0340,MINNERIYA TANK,,,2023-05-01,2023,5,82.4000022411346,rf_other_stations.xlsx
01PL0340,MINNERIYA TANK,,,2023-06-01,2023,6,3.5,rf_other_stations.xlsx
01PL0340,MINNERIYA TANK,,,2023-07-01,2023,7,1.70000004768372,rf_other_stations.xlsx
01PL0340,MINNERIYA TANK,,,2023-08-01,2023,8,28.9000005722046,rf_other_stations.xlsx
01PL0340,MINNERIYA TANK,,,2023-09-01,2023,9,23.9999998807907,rf_other_stations.xlsx
01PL0340,MINNERIYA TANK,,,2023-10-01,2023,10,395.900006055832,rf_other_stations.xlsx
01PL0340,MINNERIYA TANK,,,2023-11-01,2023,11,382.59999781847,rf_other_stations.xlsx
01PL0340,MINNERIYA TANK,,,2023-12-01,2023,12,426.400002479553,rf_other_stations.xlsx
01PL0340,MINNERIYA TANK,,,2024-01-01,2024,1,330.89999383688,rf_other_stations.xlsx
01PL0340,MINNERIYA TANK,,,2024-02-01,2024,2,9.09999990463257,rf_other_stations.xlsx
01PL0340,MINNERIYA TANK,,,2024-03-01,2024,3,39.7999985218048,rf_other_stations.xlsx
01PL0340,MINNERIYA TANK,,,2024-04-01,2024,4,45.599999576807,rf_other_stations.xlsx
01PL0340,MINNERIYA TANK,,,2024-05-01,2024,5,273.199998319149,rf_other_stations.xlsx
01PL0340,MINNERIYA TANK,,,2024-06-01,2024,6,43.300000667572,rf_other_stations.xlsx
01PL0340,MINNERIYA TANK,,,2024-07-01,2024,7,0.0,rf_other_stations.xlsx
01PL0340,MINNERIYA TANK,,,2024-08-01,2024,8,207.100003957748,rf_other_stations.xlsx
01PL0340,MINNERIYA TANK,,,2024-09-01,2024,9,39.2999992370605,rf_other_stations.xlsx
01PL0340,MINNERIYA TANK,,,2024-10-01,2024,10,326.200000286102,rf_other_stations.xlsx
01PL0340,MINNERIYA TANK,,,2024-11-01,2024,11,530.900002717972,rf_other_stations.xlsx
01PL0340,MINNERIYA TANK,,,2024-12-01,2024,12,228.999998807907,rf_other_stations.xlsx
01PL0340,MINNERIYA TANK,,,2025-01-01,2025,1,571.500002503395,rf_other_stations.xlsx
01PL0340,MINNERIYA TANK,,,2025-02-01,2025,2,142.5,rf_other_stations.xlsx
01PL0340,MINNERIYA TANK,,,2025-03-01,2025,3,139.599999904633,rf_other_stations.xlsx
01PL0340,MINNERIYA TANK,,,2025-04-01,2025,4,139.7999984622,rf_other_stations.xlsx
01PL0340,MINNERIYA TANK,,,2025-05-01,2025,5,36.6999995708466,rf_other_stations.xlsx
01PL0340,MINNERIYA TANK,,,2025-07-01,2025,7,0.0,rf_other_stations.xlsx
01PL0340,MINNERIYA TANK,,,2025-08-01,2025,8,117.800000429153,rf_other_stations.xlsx
01GM0373,NEGOMBO,,,2021-01-01,2021,1,114.700000286102,rf_other_stations.xlsx
01GM0373,NEGOMBO,,,2021-02-01,2021,2,3.0,rf_other_stations.xlsx
01GM0373,NEGOMBO,,,2021-03-01,2021,3,126.700001955032,rf_other_stations.xlsx
01GM0373,NEGOMBO,,,2021-04-01,2021,4,243.400000810623,rf_other_stations.xlsx
01GM0373,NEGOMBO,,,2021-05-01,2021,5,363.700001001358,rf_other_stations.xlsx
01GM0373,NEGOMBO,,,2021-06-01,2021,6,323.499995708466,rf_other_stations.xlsx
01GM0373,NEGOMBO,,,2021-07-01,2021,7,91.100000500679,rf_other_stations.xlsx
01GM0373,NEGOMBO,,,2021-08-01,2021,8,140.399999335408,rf_other_stations.xlsx
01GM0373,NEGOMBO,,,2021-09-01,2021,9,104.500000476837,rf_other_stations.xlsx
01GM0373,NEGOMBO,,,2021-10-01,2021,10,438.100001908839,rf_other_stations.xlsx
01GM0373,NEGOMBO,,,2021-11-01,2021,11,455.599998235703,rf_other_stations.xlsx
01GM0373,NEGOMBO,,,2021-12-01,2021,12,12.1000000834465,rf_other_stations.xlsx
01GM0373,NEGOMBO,,,2022-01-01,2022,1,20.6999999284744,rf_other_stations.xlsx
01GM0373,NEGOMBO,,,2022-02-01,2022,2,116.5,rf_other_stations.xlsx
01GM0373,NEGOMBO,,,2022-03-01,2022,3,11.0,rf_other_stations.xlsx
01GM0373,NEGOMBO,,,2022-04-01,2022,4,265.399999976158,rf_other_stations.xlsx
01GM0373,NEGOMBO,,,2022-05-01,2022,5,239.600000575185,rf_other_stations.xlsx
01GM0373,NEGOMBO,,,2022-06-01,2022,6,30.499999679625,rf_other_stations.xlsx
01GM0373,NEGOMBO,,,2022-07-01,2022,7,10.4000000953674,rf_other_stations.xlsx
01GM0373,NEGOMBO,,,2022-08-01,2022,8,66.7999985218048,rf_other_stations.xlsx
01GM0373,NEGOMBO,,,2022-09-01,2022,9,34.5000007450581,rf_other_stations.xlsx
01GM0373,NEGOMBO,,,2022-10-01,2022,10,261.399999715388,rf_other_stations.xlsx
01GM0373,NEGOMBO,,,2022-11-01,2022,11,112.000000432134,rf_other_stations.xlsx
01GM0373,NEGOMBO,,,2022-12-01,2022,12,172.300000697374,rf_other_stations.xlsx
01GM0373,NEGOMBO,,,2023-01-01,2023,1,69.4999997615814,rf_other_stations.xlsx
01GM0373,NEGOMBO,,,2023-02-01,2023,2,47.9000001698732,rf_other_stations.xlsx
01GM0373,NEGOMBO,,,2023-03-01,2023,3,79.3000005483627,rf_other_stations.xlsx
01GM0373,NEGOMBO,,,2023-04-01,2023,4,234.999998241663,rf_other_stations.xlsx
01GM0373,NEGOMBO,,,2023-05-01,2023,5,317.600000359118,rf_other_stations.xlsx
01GM0373,NEGOMBO,,,2023-06-01,2023,6,80.5000006109476,rf_other_stations.xlsx
01GM0373,NEGOMBO,,,2023-07-01,2023,7,33.7999999448657,rf_other_stations.xlsx
01GM0373,NEGOMBO,,,2023-08-01,2023,8,49.8000000119209,rf_other_stations.xlsx
01GM0373,NEGOMBO,,,2023-09-01,2023,9,527.199998617172,rf_other_stations.xlsx
01GM0373,NEGOMBO,,,2023-10-01,2023,10,568.300003834069,rf_other_stations.xlsx
01GM0373,NEGOMBO,,,2023-11-01,2023,11,494.499996162951,rf_other_stations.xlsx
01GM0373,NEGOMBO,,,2023-12-01,2023,12,132.60000167042,rf_other_stations.xlsx
01GM0373,NEGOMBO,,,2024-01-01,2024,1,241.300000071526,rf_other_stations.xlsx
01GM0373,NEGOMBO,,,2024-02-01,2024,2,0.0,rf_other_stations.xlsx
01GM0373,NEGOMBO,,,2024-03-01,2024,3,52.5000007748604,rf_other_stations.xlsx
01GM0373,NEGOMBO,,,2024-04-01,2024,4,239.200001358986,rf_other_stations.xlsx
01GM0373,NEGOMBO,,,2024-05-01,2024,5,421.200004339218,rf_other_stations.xlsx
01GM0373,NEGOMBO,,,2024-06-01,2024,6,201.199998475611,rf_other_stations.xlsx
01GM0373,NEGOMBO,,,2024-07-01,2024,7,156.499999284744,rf_other_stations.xlsx
01GM0373,NEGOMBO,,,2024-08-01,2024,8,295.0,rf_other_stations.xlsx
01GM0373,NEGOMBO,,,2024-09-01,2024,9,168.300000190735,rf_other_stations.xlsx
01GM0373,NEGOMBO,,,2024-10-01,2024,10,611.200000762939,rf_other_stations.xlsx
01GM0373,NEGOMBO,,,2024-11-01,2024,11,362.099999427795,rf_other_stations.xlsx
01GM0373,NEGOMBO,,,2024-12-01,2024,12,138.600000858307,rf_other_stations.xlsx
01GM0373,NEGOMBO,,,2025-01-01,2025,1,47.0,rf_other_stations.xlsx
01GM0373,NEGOMBO,,,2025-02-01,2025,2,7.0,rf_other_stations.xlsx
01GM0373,NEGOMBO,,,2025-03-01,2025,3,92.2999990582466,rf_other_stations.xlsx
01GM0373,NEGOMBO,,,2025-04-01,2025,4,323.5,rf_other_stations.xlsx
01GM0373,NEGOMBO,,,2025-05-01,2025,5,238.0,rf_other_stations.xlsx
01GM0373,NEGOMBO,,,2025-06-01,2025,6,51.5,rf_other_stations.xlsx
01GM0373,NEGOMBO,,,2025-07-01,2025,7,3.5,rf_other_stations.xlsx
01GM0373,NEGOMBO,,,2025-08-01,2025,8,14.5,rf_other_stations.xlsx
01GM0373,NEGOMBO,,,2025-09-01,2025,9,51.0,rf_other_stations.xlsx
43473,NUWARA ELIYA,80.77,6.97,2021-01-01,2021,1,91.4000005573034,rf.xlsx
43473,NUWARA ELIYA,80.77,6.97,2021-02-01,2021,2,59.1999998018146,rf.xlsx
43473,NUWARA ELIYA,80.77,6.97,2021-03-01,2021,3,108.700003221631,rf.xlsx
43473,NUWARA ELIYA,80.77,6.97,2021-04-01,2021,4,107.200000107288,rf.xlsx
43473,NUWARA ELIYA,80.77,6.97,2021-05-01,2021,5,273.19999871403,rf.xlsx
43473,NUWARA ELIYA,80.77,6.97,2021-06-01,2021,6,111.300000734627,rf.xlsx
43473,NUWARA ELIYA,80.77,6.97,2021-07-01,2021,7,199.600002124906,rf.xlsx
43473,NUWARA ELIYA,80.77,6.97,2021-08-01,2021,8,119.199998803437,rf.xlsx
43473,NUWARA ELIYA,80.77,6.97,2021-09-01,2021,9,158.500002063811,rf.xlsx
43473,NUWARA ELIYA,80.77,6.97,2021-10-01,2021,10,387.500000685453,rf.xlsx
43473,NUWARA ELIYA,80.77,6.97,2021-11-01,2021,11,241.399998754263,rf.xlsx
43473,NUWARA ELIYA,80.77,6.97,2021-12-01,2021,12,78.600000038743,rf.xlsx
43473,NUWARA ELIYA,80.77,6.97,2022-01-01,2022,1,36.8000003993511,rf.xlsx
43473,NUWARA ELIYA,80.77,6.97,2022-02-01,2022,2,35.8999998345971,rf.xlsx
43473,NUWARA ELIYA,80.77,6.97,2022-03-01,2022,3,47.2999996840954,rf.xlsx
43473,NUWARA ELIYA,80.77,6.97,2022-04-01,2022,4,242.800000533462,rf.xlsx
43473,NUWARA ELIYA,80.77,6.97,2022-05-01,2022,5,243.199999012053,rf.xlsx
43473,NUWARA ELIYA,80.77,6.97,2022-06-01,2022,6,47.3000006303191,rf.xlsx
43473,NUWARA ELIYA,80.77,6.97,2022-07-01,2022,7,193.800000578165,rf.xlsx
43473,NUWARA ELIYA,80.77,6.97,2022-08-01,2022,8,293.39999756217,rf.xlsx
43473,NUWARA ELIYA,80.77,6.97,2022-09-01,2022,9,70.9999983385205,rf.xlsx
43473,NUWARA ELIYA,80.77,6.97,2022-10-01,2022,10,385.299996294081,rf.xlsx
43473,NUWARA ELIYA,80.77,6.97,2022-11-01,2022,11,89.5999995917082,rf.xlsx
43473,NUWARA ELIYA,80.77,6.97,2022-12-01,2022,12,141.400001466274,rf.xlsx
43473,NUWARA ELIYA,80.77,6.97,2023-01-01,2023,1,60.5000005736947,rf.xlsx
43473,NUWARA ELIYA,80.77,6.97,2023-02-01,2023,2,57.8000003248453,rf.xlsx
43473,NUWARA ELIYA,80.77,6.97,2023-03-01,2023,3,70.6000013276935,rf.xlsx
43473,NUWARA ELIYA,80.77,6.97,2023-04-01,2023,4,112.299999549985,rf.xlsx
43473,NUWARA ELIYA,80.77,6.97,2023-05-01,2023,5,121.000000827014,rf.xlsx
43473,NUWARA ELIYA,80.77,6.97,2023-06-01,2023,6,57.8999997675419,rf.xlsx
43473,NUWARA ELIYA,80.77,6.97,2023-07-01,2023,7,167.700000599027,rf.xlsx
43473,NUWARA ELIYA,80.77,6.97,2023-08-01,2023,8,58.6999996677041,rf.xlsx
43473,NUWARA ELIYA,80.77,6.97,2023-09-01,2023,9,242.700000941753,rf.xlsx
43473,NUWARA ELIYA,80.77,6.97,2023-10-01,2023,10,377.400002777576,rf.xlsx
43473,NUWARA ELIYA,80.77,6.97,2023-11-01,2023,11,453.299996443093,rf.xlsx
43473,NUWARA ELIYA,80.77,6.97,2023-12-01,2023,12,382.800004608929,rf.xlsx
43473,NUWARA ELIYA,80.77,6.97,2024-01-01,2024,1,167.000001311302,rf.xlsx
43473,NUWARA ELIYA,80.77,6.97,2024-02-01,2024,2,15.8000003620982,rf.xlsx
43473,NUWARA ELIYA,80.77,6.97,2024-03-01,2024,3,19.9000005722046,rf.xlsx
43473,NUWARA ELIYA,80.77,6.97,2024-04-01,2024,4,21.7999998703599,rf.xlsx
43473,NUWARA ELIYA,80.77,6.97,2024-05-01,2024,5,417.800000190735,rf.xlsx
43473,NUWARA ELIYA,80.77,6.97,2024-06-01,2024,6,92.3000006079674,rf.xlsx
43473,NUWARA ELIYA,80.77,6.97,2024-07-01,2024,7,170.700002335012,rf.xlsx
43473,NUWARA ELIYA,80.77,6.97,2024-08-01,2024,8,68.6000009849668,rf.xlsx
43473,NUWARA ELIYA,80.77,6.97,2024-09-01,2024,9,69.3999991416931,rf.xlsx
43473,NUWARA ELIYA,80.77,6.97,2024-10-01,2024,10,139.900000035763,rf.xlsx
43473,NUWARA ELIYA,80.77,6.97,2024-11-01,2024,11,507.800000846386,rf.xlsx
43473,NUWARA ELIYA,80.77,6.97,2024-12-01,2024,12,106.200001895428,rf.xlsx
43473,NUWARA ELIYA,80.77,6.97,2025-01-01,2025,1,326.800002880394,rf.xlsx
43473,NUWARA ELIYA,80.77,6.97,2025-02-01,2025,2,121.100001573563,rf.xlsx
43473,NUWARA ELIYA,80.77,6.97,2025-03-01,2025,3,103.300000086427,rf.xlsx
43473,NUWARA ELIYA,80.77,6.97,2025-04-01,2025,4,327.5999975577,rf.xlsx
43473,NUWARA ELIYA,80.77,6.97,2025-05-01,2025,5,203.800001218915,rf.xlsx
43473,NUWARA ELIYA,80.77,6.97,2025-06-01,2025,6,187.30000115931,rf.xlsx
43473,NUWARA ELIYA,80.77,6.97,2025-07-01,2025,7,213.300000667572,rf.xlsx
43473,NUWARA ELIYA,80.77,6.97,2025-08-01,2025,8,149.300000660121,rf.xlsx
43473,NUWARA ELIYA,80.77,6.97,2025-09-01,2025,9,152.799999147654,rf.xlsx
43473,NUWARA ELIYA,80.77,6.97,2025-10-01,2025,10,237.899995900691,rf.xlsx
43473,NUWARA ELIYA,80.77,6.97,2025-11-01,2025,11,,rf.xlsx
43473,NUWARA ELIYA,80.77,6.97,2025-12-01,2025,12,,rf.xlsx
01KE404C,PANAWALA WOODEND,,,2021-01-01,2021,1,235.199999809265,rf_other_stations.xlsx
01KE404C,PANAWALA WOODEND,,,2021-02-01,2021,2,73.5,rf_other_stations.xlsx
01KE404C,PANAWALA WOODEND,,,2021-03-01,2021,3,491.400000572205,rf_other_stations.xlsx
01KE404C,PANAWALA WOODEND,,,2021-04-01,2021,4,465.300000190735,rf_other_stations.xlsx
01KE404C,PANAWALA WOODEND,,,2021-05-01,2021,5,1082.70000076294,rf_other_stations.xlsx
01KE404C,PANAWALA WOODEND,,,2021-06-01,2021,6,562.699998497963,rf_other_stations.xlsx
01KE404C,PANAWALA WOODEND,,,2021-07-01,2021,7,393.699998810887,rf_other_stations.xlsx
01KE404C,PANAWALA WOODEND,,,2021-08-01,2021,8,501.499996900558,rf_other_stations.xlsx
01KE404C,PANAWALA WOODEND,,,2021-09-01,2021,9,545.800002515316,rf_other_stations.xlsx
01KE404C,PANAWALA WOODEND,,,2021-10-01,2021,10,509.500001728535,rf_other_stations.xlsx
01KE404C,PANAWALA WOODEND,,,2021-11-01,2021,11,772.100005626678,rf_other_stations.xlsx
01KE404C,PANAWALA WOODEND,,,2021-12-01,2021,12,164.199999094009,rf_other_stations.xlsx
01KE404C,PANAWALA WOODEND,,,2022-01-01,2022,1,58.2000000476837,rf_other_stations.xlsx
01KE404C,PANAWALA WOODEND,,,2022-02-01,2022,2,71.1000000014901,rf_other_stations.xlsx
01BT410B,PASSIKUDA,,,2021-01-01,2021,1,542.000004529953,rf_other_stations.xlsx
01BT410B,PASSIKUDA,,,2021-02-01,2021,2,157.299998879433,rf_other_stations.xlsx
01BT410B,PASSIKUDA,,,2021-03-01,2021,3,42.6000006198883,rf_other_stations.xlsx
01BT410B,PASSIKUDA,,,2021-04-01,2021,4,116.399999856949,rf_other_stations.xlsx
01BT410B,PASSIKUDA,,,2021-05-01,2021,5,33.1000001430511,rf_other_stations.xlsx
01BT410B,PASSIKUDA,,,2021-06-01,2021,6,22.7000000476837,rf_other_stations.xlsx
01BT410B,PASSIKUDA,,,2021-07-01,2021,7,13.9999997615814,rf_other_stations.xlsx
01BT410B,PASSIKUDA,,,2021-08-01,2021,8,67.8000011444092,rf_other_stations.xlsx
01BT410B,PASSIKUDA,,,2021-09-01,2021,9,0.0,rf_other_stations.xlsx
01BT410B,PASSIKUDA,,,2021-10-01,2021,10,125.700000405312,rf_other_stations.xlsx
01BT410B,PASSIKUDA,,,2021-11-01,2021,11,411.600000202656,rf_other_stations.xlsx
01BT410B,PASSIKUDA,,,2021-12-01,2021,12,122.399996995926,rf_other_stations.xlsx
01BT410B,PASSIKUDA,,,2022-01-01,2022,1,406.000000476837,rf_other_stations.xlsx
01BT410B,PASSIKUDA,,,2022-02-01,2022,2,249.700000762939,rf_other_stations.xlsx
01BT410B,PASSIKUDA,,,2022-03-01,2022,3,123.600001335144,rf_other_stations.xlsx
01BT410B,PASSIKUDA,,,2022-04-01,2022,4,40.5,rf_other_stations.xlsx
01BT410B,PASSIKUDA,,,2022-05-01,2022,5,51.0,rf_other_stations.xlsx
01BT410B,PASSIKUDA,,,2022-06-01,2022,6,10.5,rf_other_stations.xlsx
01BT410B,PASSIKUDA,,,2022-07-01,2022,7,8.29999995231628,rf_other_stations.xlsx
01BT410B,PASSIKUDA,,,2022-08-01,2022,8,71.8000000119209,rf_other_stations.xlsx
01BT410B,PASSIKUDA,,,2022-09-01,2022,9,54.7000007629395,rf_other_stations.xlsx
01BT410B,PASSIKUDA,,,2022-10-01,2022,10,181.999999478459,rf_other_stations.xlsx
01BT410B,PASSIKUDA,,,2022-11-01,2022,11,203.699997186661,rf_other_stations.xlsx
01BT410B,PASSIKUDA,,,2022-12-01,2022,12,235.500000953674,rf_other_stations.xlsx
01BT410B,PASSIKUDA,,,2023-01-01,2023,1,82.2000000476837,rf_other_stations.xlsx
01BT410B,PASSIKUDA,,,2023-02-01,2023,2,112.000000715256,rf_other_stations.xlsx
01BT410B,PASSIKUDA,,,2023-03-01,2023,3,101.400000572205,rf_other_stations.xlsx
01BT410B,PASSIKUDA,,,2023-04-01,2023,4,29.400000333786,rf_other_stations.xlsx
01BT410B,PASSIKUDA,,,2023-06-01,2023,6,0.0,rf_other_stations.xlsx
01BT410B,PASSIKUDA,,,2023-07-01,2023,7,0.0,rf_other_stations.xlsx
01BT410B,PASSIKUDA,,,2023-09-01,2023,9,65.3000001907349,rf_other_stations.xlsx
01BT410B,PASSIKUDA,,,2023-10-01,2023,10,223.200001120567,rf_other_stations.xlsx
01BT410B,PASSIKUDA,,,2023-11-01,2023,11,301.399999141693,rf_other_stations.xlsx
01BT410B,PASSIKUDA,,,2023-12-01,2023,12,430.599999964237,rf_other_stations.xlsx
01BT410B,PASSIKUDA,,,2024-01-01,2024,1,484.5,rf_other_stations.xlsx
01BT410B,PASSIKUDA,,,2024-02-01,2024,2,47.5,rf_other_stations.xlsx
01BT410B,PASSIKUDA,,,2024-03-01,2024,3,32.2000000476837,rf_other_stations.xlsx
01BT410B,PASSIKUDA,,,2024-04-01,2024,4,35.5,rf_other_stations.xlsx
01BT410B,PASSIKUDA,,,2024-05-01,2024,5,18.7999999523163,rf_other_stations.xlsx
01BT410B,PASSIKUDA,,,2024-06-01,2024,6,56.1000003814697,rf_other_stations.xlsx
01BT410B,PASSIKUDA,,,2024-07-01,2024,7,6.40000009536743,rf_other_stations.xlsx
01BT410B,PASSIKUDA,,,2024-08-01,2024,8,120.9000005126,rf_other_stations.xlsx
01BT410B,PASSIKUDA,,,2024-09-01,2024,9,11.5,rf_other_stations.xlsx
01BT410B,PASSIKUDA,,,2024-10-01,2024,10,162.199999809265,rf_other_stations.xlsx
01BT410B,PASSIKUDA,,,2024-11-01,2024,11,274.899998903275,rf_other_stations.xlsx
01BT410B,PASSIKUDA,,,2024-12-01,2024,12,120.200000047684,rf_other_stations.xlsx
01BT410B,PASSIKUDA,,,2025-01-01,2025,1,562.0,rf_other_stations.xlsx
01BT410B,PASSIKUDA,,,2025-02-01,2025,2,39.2000007629395,rf_other_stations.xlsx
01BT410B,PASSIKUDA,,,2025-03-01,2025,3,113.300000190735,rf_other_stations.xlsx
01BT410B,PASSIKUDA,,,2025-04-01,2025,4,104.699999809265,rf_other_stations.xlsx
01BT410B,PASSIKUDA,,,2025-05-01,2025,5,82.5,rf_other_stations.xlsx
01BT410B,PASSIKUDA,,,2025-06-01,2025,6,0.0,rf_other_stations.xlsx
01BT410B,PASSIKUDA,,,2025-07-01,2025,7,39.0,rf_other_stations.xlsx
43PPP,POLONNARUWA,81.05,7.87,2021-01-01,2021,1,453.5999982059,rf.xlsx
43PPP,POLONNARUWA,81.05,7.87,2021-02-01,2021,2,34.4999998807907,rf.xlsx
43PPP,POLONNARUWA,81.05,7.87,2021-03-01,2021,3,78.0999986752868,rf.xlsx
43PPP,POLONNARUWA,81.05,7.87,2021-04-01,2021,4,112.80000076443,rf.xlsx
43PPP,POLONNARUWA,81.05,7.87,2021-05-01,2021,5,35.4000004082918,rf.xlsx
43PPP,POLONNARUWA,81.05,7.87,2021-06-01,2021,6,14.1000003814697,rf.xlsx
43PPP,POLONNARUWA,81.05,7.87,2021-07-01,2021,7,28.8999992385507,rf.xlsx
43PPP,POLONNARUWA,81.05,7.87,2021-08-01,2021,8,84.1999984756112,rf.xlsx
43PPP,POLONNARUWA,81.05,7.87,2021-09-01,2021,9,169.600000627339,rf.xlsx
43PPP,POLONNARUWA,81.05,7.87,2021-10-01,2021,10,201.700004115701,rf.xlsx
43PPP,POLONNARUWA,81.05,7.87,2021-11-01,2021,11,272.000003516674,rf.xlsx
43PPP,POLONNARUWA,81.05,7.87,2021-12-01,2021,12,213.399997964501,rf.xlsx
43PPP,POLONNARUWA,81.05,7.87,2022-01-01,2022,1,248.600001960993,rf.xlsx
43PPP,POLONNARUWA,81.05,7.87,2022-02-01,2022,2,250.500005699694,rf.xlsx
43PPP,POLONNARUWA,81.05,7.87,2022-03-01,2022,3,67.9000012874603,rf.xlsx
43PPP,POLONNARUWA,81.05,7.87,2022-04-01,2022,4,265.300000928342,rf.xlsx
43PPP,POLONNARUWA,81.05,7.87,2022-05-01,2022,5,,rf.xlsx
43PPP,POLONNARUWA,81.05,7.87,2022-06-01,2022,6,78.3000003993511,rf.xlsx
43PPP,POLONNARUWA,81.05,7.87,2022-07-01,2022,7,137.400000408292,rf.xlsx
43PPP,POLONNARUWA,81.05,7.87,2022-08-01,2022,8,117.400000095367,rf.xlsx
43PPP,POLONNARUWA,81.05,7.87,2022-09-01,2022,9,15.9999996423721,rf.xlsx
43PPP,POLONNARUWA,81.05,7.87,2022-10-01,2022,10,144.199999600649,rf.xlsx
43PPP,POLONNARUWA,81.05,7.87,2022-11-01,2022,11,202.000003881752,rf.xlsx
43PPP,POLONNARUWA,81.05,7.87,2022-12-01,2022,12,297.79999910295,rf.xlsx
43PPP,POLONNARUWA,81.05,7.87,2023-01-01,2023,1,101.100000701845,rf.xlsx
43PPP,POLONNARUWA,81.05,7.87,2023-02-01,2023,2,290.399998128414,rf.xlsx
43PPP,POLONNARUWA,81.05,7.87,2023-03-01,2023,3,161.49999909848,rf.xlsx
43PPP,POLONNARUWA,81.05,7.87,2023-04-01,2023,4,70.3000009208918,rf.xlsx
43PPP,POLONNARUWA,81.05,7.87,2023-05-01,2023,5,144.500001460314,rf.xlsx
43PPP,POLONNARUWA,81.05,7.87,2023-06-01,2023,6,0.600000023841858,rf.xlsx
43PPP,POLONNARUWA,81.05,7.87,2023-07-01,2023,7,0.0,rf.xlsx
43PPP,POLONNARUWA,81.05,7.87,2023-08-01,2023,8,36.7999994307756,rf.xlsx
43PPP,POLONNARUWA,81.05,7.87,2023-09-01,2023,9,14.300000153482,rf.xlsx
43PPP,POLONNARUWA,81.05,7.87,2023-10-01,2023,10,318.099999308586,rf.xlsx
43PPP,POLONNARUWA,81.05,7.87,2023-11-01,2023,11,498.999998159707,rf.xlsx
43PPP,POLONNARUWA,81.05,7.87,2023-12-01,2023,12,445.600001640618,rf.xlsx
43PPP,POLONNARUWA,81.05,7.87,2024-01-01,2024,1,321.799998544157,rf.xlsx
43PPP,POLONNARUWA,81.05,7.87,2024-02-01,2024,2,19.0999999195337,rf.xlsx
43PPP,POLONNARUWA,81.05,7.87,2024-03-01,2024,3,35.1999992132187,rf.xlsx
43PPP,POLONNARUWA,81.05,7.87,2024-04-01,2024,4,65.1999999061227,rf.xlsx
43PPP,POLONNARUWA,81.05,7.87,2024-05-01,2024,5,148.099997289479,rf.xlsx
43PPP,POLONNARUWA,81.05,7.87,2024-06-01,2024,6,35.9000008702278,rf.xlsx
43PPP,POLONNARUWA,81.05,7.87,2024-07-01,2024,7,0.0,rf.xlsx
43PPP,POLONNARUWA,81.05,7.87,2024-08-01,2024,8,174.900002658367,rf.xlsx
43PPP,POLONNARUWA,81.05,7.87,2024-09-01,2024,9,7.40000005066395,rf.xlsx
43PPP,POLONNARUWA,81.05,7.87,2024-10-01,2024,10,265.300002023578,rf.xlsx
43PPP,POLONNARUWA,81.05,7.87,2024-11-01,2024,11,547.700008705258,rf.xlsx
43PPP,POLONNARUWA,81.05,7.87,2024-12-01,2024,12,247.800001695752,rf.xlsx
43PPP,POLONNARUWA,81.05,7.87,2025-01-01,2025,1,348.19999948889,rf.xlsx
43PPP,POLONNARUWA,81.05,7.87,2025-02-01,2025,2,185.7000015378,rf.xlsx
43PPP,POLONNARUWA,81.05,7.87,2025-03-01,2025,3,158.20000320673,rf.xlsx
43PPP,POLONNARUWA,81.05,7.87,2025-04-01,2025,4,327.100003406405,rf.xlsx
43PPP,POLONNARUWA,81.05,7.87,2025-05-01,2025,5,87.9999989643693,rf.xlsx
43PPP,POLONNARUWA,81.05,7.87,2025-06-01,2025,6,0.0,rf.xlsx
43PPP,POLONNARUWA,81.05,7.87,2025-07-01,2025,7,0.0,rf.xlsx
43PPP,POLONNARUWA,81.05,7.87,2025-08-01,2025,8,87.7000005245209,rf.xlsx
43PPP,POLONNARUWA,81.05,7.87,2025-09-01,2025,9,1.00000001490116,rf.xlsx
43PPP,POLONNARUWA,81.05,7.87,2025-10-01,2025,10,194.200000099838,rf.xlsx
43PPP,POLONNARUWA,81.05,7.87,2025-11-01,2025,11,,rf.xlsx
43PPP,POLONNARUWA,81.05,7.87,2025-12-01,2025,12,,rf.xlsx
43424,PUTTALAM,79.83,8.03,2021-01-01,2021,1,96.8999986350536,rf.xlsx
43424,PUTTALAM,79.83,8.03,2021-02-01,2021,2,9.89999961853027,rf.xlsx
43424,PUTTALAM,79.83,8.03,2021-03-01,2021,3,70.1000011265278,rf.xlsx
43424,PUTTALAM,79.83,8.03,2021-04-01,2021,4,66.2999997138977,rf.xlsx
43424,PUTTALAM,79.83,8.03,2021-05-01,2021,5,303.600003018975,rf.xlsx
43424,PUTTALAM,79.83,8.03,2021-06-01,2021,6,129.699998624623,rf.xlsx
43424,PUTTALAM,79.83,8.03,2021-07-01,2021,7,2.89999996870756,rf.xlsx
43424,PUTTALAM,79.83,8.03,2021-08-01,2021,8,6.09999995678663,rf.xlsx
43424,PUTTALAM,79.83,8.03,2021-09-01,2021,9,11.3999997451901,rf.xlsx
43424,PUTTALAM,79.83,8.03,2021-10-01,2021,10,333.30000218004,rf.xlsx
43424,PUTTALAM,79.83,8.03,2021-11-01,2021,11,,rf.xlsx
43424,PUTTALAM,79.83,8.03,2021-12-01,2021,12,37.2999999001622,rf.xlsx
43424,PUTTALAM,79.83,8.03,2022-01-01,2022,1,43.8000001907349,rf.xlsx
43424,PUTTALAM,79.83,8.03,2022-02-01,2022,2,69.6999986320734,rf.xlsx
43424,PUTTALAM,79.83,8.03,2022-03-01,2022,3,40.2000005245209,rf.xlsx
43424,PUTTALAM,79.83,8.03,2022-04-01,2022,4,192.599996030331,rf.xlsx
43424,PUTTALAM,79.83,8.03,2022-05-01,2022,5,,rf.xlsx
43424,PUTTALAM,79.83,8.03,2022-06-01,2022,6,35.9999995529652,rf.xlsx
43424,PUTTALAM,79.83,8.03,2022-07-01,2022,7,29.099999114871,rf.xlsx
43424,PUTTALAM,79.83,8.03,2022-08-01,2022,8,27.1999995708466,rf.xlsx
43424,PUTTALAM,79.83,8.03,2022-09-01,2022,9,6.19999998807907,rf.xlsx
43424,PUTTALAM,79.83,8.03,2022-10-01,2022,10,193.299999237061,rf.xlsx
43424,PUTTALAM,79.83,8.03,2022-11-01,2022,11,185.400002218783,rf.xlsx
43424,PUTTALAM,79.83,8.03,2022-12-01,2022,12,146.599998101592,rf.xlsx
43424,PUTTALAM,79.83,8.03,2023-01-01,2023,1,119.800000265241,rf.xlsx
43424,PUTTALAM,79.83,8.03,2023-02-01,2023,2,42.2000004053116,rf.xlsx
43424,PUTTALAM,79.83,8.03,2023-03-01,2023,3,57.300000667572,rf.xlsx
43424,PUTTALAM,79.83,8.03,2023-04-01,2023,4,112.000002622604,rf.xlsx
43424,PUTTALAM,79.83,8.03,2023-05-01,2023,5,206.69999819994,rf.xlsx
43424,PUTTALAM,79.83,8.03,2023-06-01,2023,6,0.200000002980232,rf.xlsx
43424,PUTTALAM,79.83,8.03,2023-07-01,2023,7,2.10000003129244,rf.xlsx
43424,PUTTALAM,79.83,8.03,2023-08-01,2023,8,5.09999996423721,rf.xlsx
43424,PUTTALAM,79.83,8.03,2023-09-01,2023,9,138.900000788271,rf.xlsx
43424,PUTTALAM,79.83,8.03,2023-10-01,2023,10,236.200001232326,rf.xlsx
43424,PUTTALAM,79.83,8.03,2023-11-01,2023,11,423.100001387298,rf.xlsx
43424,PUTTALAM,79.83,8.03,2023-12-01,2023,12,340.499997779727,rf.xlsx
43424,PUTTALAM,79.83,8.03,2024-01-01,2024,1,94.8999998122454,rf.xlsx
43424,PUTTALAM,79.83,8.03,2024-02-01,2024,2,0.899999991059303,rf.xlsx
43424,PUTTALAM,79.83,8.03,2024-03-01,2024,3,0.400000005960464,rf.xlsx
43424,PUTTALAM,79.83,8.03,2024-04-01,2024,4,100.500000983477,rf.xlsx
43424,PUTTALAM,79.83,8.03,2024-05-01,2024,5,,rf.xlsx
43424,PUTTALAM,79.83,8.03,2024-06-01,2024,6,84.3000003099442,rf.xlsx
43424,PUTTALAM,79.83,8.03,2024-07-01,2024,7,,rf.xlsx
43424,PUTTALAM,79.83,8.03,2024-08-01,2024,8,295.100006997585,rf.xlsx
43424,PUTTALAM,79.83,8.03,2024-09-01,2024,9,23.1000004708767,rf.xlsx
43424,PUTTALAM,79.83,8.03,2024-10-01,2024,10,352.499998725951,rf.xlsx
43424,PUTTALAM,79.83,8.03,2024-11-01,2024,11,411.800000682473,rf.xlsx
43424,PUTTALAM,79.83,8.03,2024-12-01,2024,12,44.2999998405576,rf.xlsx
43424,PUTTALAM,79.83,8.03,2025-01-01,2025,1,145.300000175834,rf.xlsx
43424,PUTTALAM,79.83,8.03,2025-02-01,2025,2,49.4000000953674,rf.xlsx
43424,PUTTALAM,79.83,8.03,2025-03-01,2025,3,131.300000667572,rf.xlsx
43424,PUTTALAM,79.83,8.03,2025-04-01,2025,4,150.800000108778,rf.xlsx
43424,PUTTALAM,79.83,8.03,2025-05-01,2025,5,134.300001375377,rf.xlsx
43424,PUTTALAM,79.83,8.03,2025-06-01,2025,6,54.900001168251,rf.xlsx
43424,PUTTALAM,79.83,8.03,2025-07-01,2025,7,0.100000001490116,rf.xlsx
43424,PUTTALAM,79.83,8.03,2025-08-01,2025,8,0.400000005960464,rf.xlsx
43424,PUTTALAM,79.83,8.03,2025-09-01,2025,9,12.2000003606081,rf.xlsx
43424,PUTTALAM,79.83,8.03,2025-10-01,2025,10,,rf.xlsx
43424,PUTTALAM,79.83,8.03,2025-11-01,2025,11,,rf.xlsx
43424,PUTTALAM,79.83,8.03,2025-12-01,2025,12,,rf.xlsx
43486,RATNAPURA,80.4,6.68,2021-01-01,2021,1,183.799998931587,rf.xlsx
43486,RATNAPURA,80.4,6.68,2021-02-01,2021,2,72.0000004842877,rf.xlsx
43486,RATNAPURA,80.4,6.68,2021-03-01,2021,3,308.799995340407,rf.xlsx
43486,RATNAPURA,80.4,6.68,2021-04-01,2021,4,212.600000195205,rf.xlsx
43486,RATNAPURA,80.4,6.68,2021-05-01,2021,5,742.400002479553,rf.xlsx
43486,RATNAPURA,80.4,6.68,2021-06-01,2021,6,548.499999441206,rf.xlsx
43486,RATNAPURA,80.4,6.68,2021-07-01,2021,7,368.500000245869,rf.xlsx
43486,RATNAPURA,80.4,6.68,2021-08-01,2021,8,377.099996335804,rf.xlsx
43486,RATNAPURA,80.4,6.68,2021-09-01,2021,9,407.699999988079,rf.xlsx
43486,RATNAPURA,80.4,6.68,2021-10-01,2021,10,507.99999973923,rf.xlsx
43486,RATNAPURA,80.4,6.68,2021-11-01,2021,11,487.400003910065,rf.xlsx
43486,RATNAPURA,80.4,6.68,2021-12-01,2021,12,193.700001001358,rf.xlsx
43486,RATNAPURA,80.4,6.68,2022-01-01,2022,1,204.199998013675,rf.xlsx
43486,RATNAPURA,80.4,6.68,2022-02-01,2022,2,150.900003023446,rf.xlsx
43486,RATNAPURA,80.4,6.68,2022-03-01,2022,3,299.499994188547,rf.xlsx
43486,RATNAPURA,80.4,6.68,2022-04-01,2022,4,432.000005364418,rf.xlsx
43486,RATNAPURA,80.4,6.68,2022-05-01,2022,5,794.100012160838,rf.xlsx
43486,RATNAPURA,80.4,6.68,2022-06-01,2022,6,232.499999299645,rf.xlsx
43486,RATNAPURA,80.4,6.68,2022-07-01,2022,7,259.899998821318,rf.xlsx
43486,RATNAPURA,80.4,6.68,2022-08-01,2022,8,529.80000372231,rf.xlsx
43486,RATNAPURA,80.4,6.68,2022-09-01,2022,9,212.100001603365,rf.xlsx
43486,RATNAPURA,80.4,6.68,2022-10-01,2022,10,685.499997809529,rf.xlsx
43486,RATNAPURA,80.4,6.68,2022-11-01,2022,11,341.999992072582,rf.xlsx
43486,RATNAPURA,80.4,6.68,2022-12-01,2022,12,234.900001630187,rf.xlsx
43486,RATNAPURA,80.4,6.68,2023-01-01,2023,1,75.2000004425645,rf.xlsx
43486,RATNAPURA,80.4,6.68,2023-02-01,2023,2,163.900000840425,rf.xlsx
43486,RATNAPURA,80.4,6.68,2023-03-01,2023,3,350.399997144938,rf.xlsx
43486,RATNAPURA,80.4,6.68,2023-04-01,2023,4,313.899999834597,rf.xlsx
43486,RATNAPURA,80.4,6.68,2023-05-01,2023,5,434.299995988607,rf.xlsx
43486,RATNAPURA,80.4,6.68,2023-06-01,2023,6,618.499990284443,rf.xlsx
43486,RATNAPURA,80.4,6.68,2023-07-01,2023,7,237.500000022352,rf.xlsx
43486,RATNAPURA,80.4,6.68,2023-08-01,2023,8,207.700003437698,rf.xlsx
43486,RATNAPURA,80.4,6.68,2023-09-01,2023,9,798.999998569489,rf.xlsx
43486,RATNAPURA,80.4,6.68,2023-10-01,2023,10,681.499999582767,rf.xlsx
43486,RATNAPURA,80.4,6.68,2023-11-01,2023,11,535.199997022748,rf.xlsx
43486,RATNAPURA,80.4,6.68,2023-12-01,2023,12,364.000001050532,rf.xlsx
43486,RATNAPURA,80.4,6.68,2024-01-01,2024,1,274.999997437,rf.xlsx
43486,RATNAPURA,80.4,6.68,2024-02-01,2024,2,137.100001074374,rf.xlsx
43486,RATNAPURA,80.4,6.68,2024-03-01,2024,3,155.200001016259,rf.xlsx
43486,RATNAPURA,80.4,6.68,2024-04-01,2024,4,435.80000180006,rf.xlsx
43486,RATNAPURA,80.4,6.68,2024-05-01,2024,5,641.100005932152,rf.xlsx
43486,RATNAPURA,80.4,6.68,2024-06-01,2024,6,724.39998922497,rf.xlsx
43486,RATNAPURA,80.4,6.68,2024-07-01,2024,7,405.800003089011,rf.xlsx
43486,RATNAPURA,80.4,6.68,2024-08-01,2024,8,452.800008311868,rf.xlsx
43486,RATNAPURA,80.4,6.68,2024-09-01,2024,9,368.600001446903,rf.xlsx
43486,RATNAPURA,80.4,6.68,2024-10-01,2024,10,454.700002126396,rf.xlsx
43486,RATNAPURA,80.4,6.68,2024-11-01,2024,11,610.100000530481,rf.xlsx
43486,RATNAPURA,80.4,6.68,2024-12-01,2024,12,191.400000870228,rf.xlsx
43486,RATNAPURA,80.4,6.68,2025-01-01,2025,1,157.200001560152,rf.xlsx
43486,RATNAPURA,80.4,6.68,2025-02-01,2025,2,54.9999992102385,rf.xlsx
43486,RATNAPURA,80.4,6.68,2025-03-01,2025,3,367.69999551028,rf.xlsx
43486,RATNAPURA,80.4,6.68,2025-04-01,2025,4,258.499998480082,rf.xlsx
43486,RATNAPURA,80.4,6.68,2025-05-01,2025,5,433.099999129772,rf.xlsx
43486,RATNAPURA,80.4,6.68,2025-06-01,2025,6,364.900003507733,rf.xlsx
43486,RATNAPURA,80.4,6.68,2025-07-01,2025,7,164.299999505281,rf.xlsx
43486,RATNAPURA,80.4,6.68,2025-08-01,2025,8,192.099997974932,rf.xlsx
43486,RATNAPURA,80.4,6.68,2025-09-01,2025,9,345.899999849498,rf.xlsx
43486,RATNAPURA,80.4,6.68,2025-10-01,2025,10,450.29999769479,rf.xlsx
43486,RATNAPURA,80.4,6.68,2025-11-01,2025,11,,rf.xlsx
43486,RATNAPURA,80.4,6.68,2025-12-01,2025,12,,rf.xlsx
01AM493B,THIRUKKOVIL,,,2021-02-01,2021,2,175.39999961853,rf_other_stations.xlsx
01AM493B,THIRUKKOVIL,,,2021-03-01,2021,3,65.0,rf_other_stations.xlsx
01AM493B,THIRUKKOVIL,,,2021-04-01,2021,4,173.5,rf_other_stations.xlsx
01AM493B,THIRUKKOVIL,,,2021-05-01,2021,5,97.2000007629395,rf_other_stations.xlsx
01AM493B,THIRUKKOVIL,,,2021-06-01,2021,6,14.1999998092651,rf_other_stations.xlsx
01AM493B,THIRUKKOVIL,,,2021-07-01,2021,7,35.3999996185303,rf_other_stations.xlsx
01AM493B,THIRUKKOVIL,,,2021-08-01,2021,8,0.0,rf_other_stations.xlsx
01AM493B,THIRUKKOVIL,,,2021-09-01,2021,9,23.5,rf_other_stations.xlsx
01AM493B,THIRUKKOVIL,,,2021-10-01,2021,10,17.0,rf_other_stations.xlsx
01AM493B,THIRUKKOVIL,,,2021-11-01,2021,11,489.099999427795,rf_other_stations.xlsx
01AM493B,THIRUKKOVIL,,,2021-12-01,2021,12,165.0,rf_other_stations.xlsx
01AM493B,THIRUKKOVIL,,,2022-01-01,2022,1,125.599998474121,rf_other_stations.xlsx
01AM493B,THIRUKKOVIL,,,2022-02-01,2022,2,239.999999046326,rf_other_stations.xlsx
01AM493B,THIRUKKOVIL,,,2022-03-01,2022,3,0.0,rf_other_stations.xlsx
01AM493B,THIRUKKOVIL,,,2022-04-01,2022,4,0.0,rf_other_stations.xlsx
01AM493B,THIRUKKOVIL,,,2022-05-01,2022,5,0.0,rf_other_stations.xlsx
01AM493B,THIRUKKOVIL,,,2022-06-01,2022,6,0.0,rf_other_stations.xlsx
01AM493B,THIRUKKOVIL,,,2022-07-01,2022,7,13.6000003814697,rf_other_stations.xlsx
01AM493B,THIRUKKOVIL,,,2022-08-01,2022,8,0.0,rf_other_stations.xlsx
01AM493B,THIRUKKOVIL,,,2022-09-01,2022,9,0.0,rf_other_stations.xlsx
01AM493B,THIRUKKOVIL,,,2022-10-01,2022,10,127.999997138977,rf_other_stations.xlsx
01AM493B,THIRUKKOVIL,,,2022-11-01,2022,11,160.799997329712,rf_other_stations.xlsx
01AM493B,THIRUKKOVIL,,,2022-12-01,2022,12,184.800001144409,rf_other_stations.xlsx
01AM493B,THIRUKKOVIL,,,2023-01-01,2023,1,68.7999992370605,rf_other_stations.xlsx
01AM493B,THIRUKKOVIL,,,2023-02-01,2023,2,244.399993896484,rf_other_stations.xlsx
01AM493B,THIRUKKOVIL,,,2023-04-01,2023,4,59.6999998092651,rf_other_stations.xlsx
01AM493B,THIRUKKOVIL,,,2023-05-01,2023,5,0.0,rf_other_stations.xlsx
01AM493B,THIRUKKOVIL,,,2023-06-01,2023,6,0.0,rf_other_stations.xlsx
01AM493B,THIRUKKOVIL,,,2023-07-01,2023,7,0.0,rf_other_stations.xlsx
01AM493B,THIRUKKOVIL,,,2023-08-01,2023,8,11.5,rf_other_stations.xlsx
01AM493B,THIRUKKOVIL,,,2023-09-01,2023,9,33.2999992370605,rf_other_stations.xlsx
01AM493B,THIRUKKOVIL,,,2023-10-01,2023,10,130.199998855591,rf_other_stations.xlsx
01AM493B,THIRUKKOVIL,,,2023-11-01,2023,11,171.900001525879,rf_other_stations.xlsx
01AM493B,THIRUKKOVIL,,,2023-12-01,2023,12,395.299998283386,rf_other_stations.xlsx
01AM493B,THIRUKKOVIL,,,2024-01-01,2024,1,415.60000038147,rf_other_stations.xlsx
01AM493B,THIRUKKOVIL,,,2024-02-01,2024,2,0.0,rf_other_stations.xlsx
01AM493B,THIRUKKOVIL,,,2024-03-01,2024,3,102.399997711182,rf_other_stations.xlsx
01AM493B,THIRUKKOVIL,,,2024-04-01,2024,4,127.099999427795,rf_other_stations.xlsx
01AM493B,THIRUKKOVIL,,,2025-01-01,2025,1,481.900002479553,rf_other_stations.xlsx
01AM493B,THIRUKKOVIL,,,2025-02-01,2025,2,123.000001907349,rf_other_stations.xlsx
01AM493B,THIRUKKOVIL,,,2025-03-01,2025,3,158.799999713898,rf_other_stations.xlsx
01AM493B,THIRUKKOVIL,,,2025-04-01,2025,4,76.2999992370605,rf_other_stations.xlsx
01AM493B,THIRUKKOVIL,,,2025-05-01,2025,5,8.39999961853027,rf_other_stations.xlsx
01AM493B,THIRUKKOVIL,,,2025-06-01,2025,6,0.0,rf_other_stations.xlsx
43418,TRINCOMALEE,81.25,8.58,2021-01-01,2021,1,229.500000745058,rf.xlsx
43418,TRINCOMALEE,81.25,8.58,2021-02-01,2021,2,41.4000008255243,rf.xlsx
43418,TRINCOMALEE,81.25,8.58,2021-03-01,2021,3,17.9000000953674,rf.xlsx
43418,TRINCOMALEE,81.25,8.58,2021-04-01,2021,4,73.199999935925,rf.xlsx
43418,TRINCOMALEE,81.25,8.58,2021-05-01,2021,5,28.9000003263354,rf.xlsx
43418,TRINCOMALEE,81.25,8.58,2021-06-01,2021,6,7.79999998211861,rf.xlsx
43418,TRINCOMALEE,81.25,8.58,2021-07-01,2021,7,71.9000002145767,rf.xlsx
43418,TRINCOMALEE,81.25,8.58,2021-08-01,2021,8,39.6999997645617,rf.xlsx
43418,TRINCOMALEE,81.25,8.58,2021-09-01,2021,9,203.299999587238,rf.xlsx
43418,TRINCOMALEE,81.25,8.58,2021-10-01,2021,10,298.300002463162,rf.xlsx
43418,TRINCOMALEE,81.25,8.58,2021-11-01,2021,11,566.399991668761,rf.xlsx
43418,TRINCOMALEE,81.25,8.58,2021-12-01,2021,12,113.199998535216,rf.xlsx
43418,TRINCOMALEE,81.25,8.58,2022-01-01,2022,1,187.100000441074,rf.xlsx
43418,TRINCOMALEE,81.25,8.58,2022-02-01,2022,2,258.500004053116,rf.xlsx
43418,TRINCOMALEE,81.25,8.58,2022-03-01,2022,3,110.2000015378,rf.xlsx
43418,TRINCOMALEE,81.25,8.58,2022-04-01,2022,4,90.3000003993511,rf.xlsx
43418,TRINCOMALEE,81.25,8.58,2022-05-01,2022,5,,rf.xlsx
43418,TRINCOMALEE,81.25,8.58,2022-06-01,2022,6,96.2999980002642,rf.xlsx
43418,TRINCOMALEE,81.25,8.58,2022-07-01,2022,7,78.499999858439,rf.xlsx
43418,TRINCOMALEE,81.25,8.58,2022-08-01,2022,8,59.4999996200204,rf.xlsx
43418,TRINCOMALEE,81.25,8.58,2022-09-01,2022,9,50.0,rf.xlsx
43418,TRINCOMALEE,81.25,8.58,2022-10-01,2022,10,265.699998795986,rf.xlsx
43418,TRINCOMALEE,81.25,8.58,2022-11-01,2022,11,286.400002039969,rf.xlsx
43418,TRINCOMALEE,81.25,8.58,2022-12-01,2022,12,334.09999666363,rf.xlsx
43418,TRINCOMALEE,81.25,8.58,2023-01-01,2023,1,115.799998760223,rf.xlsx
43418,TRINCOMALEE,81.25,8.58,2023-02-01,2023,2,187.200000435114,rf.xlsx
43418,TRINCOMALEE,81.25,8.58,2023-03-01,2023,3,87.0000032931566,rf.xlsx
43418,TRINCOMALEE,81.25,8.58,2023-04-01,2023,4,45.1999992132187,rf.xlsx
43418,TRINCOMALEE,81.25,8.58,2023-05-01,2023,5,94.9999984279275,rf.xlsx
43418,TRINCOMALEE,81.25,8.58,2023-06-01,2023,6,46.7000007629395,rf.xlsx
43418,TRINCOMALEE,81.25,8.58,2023-07-01,2023,7,0.400000005960464,rf.xlsx
43418,TRINCOMALEE,81.25,8.58,2023-08-01,2023,8,76.9000017270446,rf.xlsx
43418,TRINCOMALEE,81.25,8.58,2023-09-01,2023,9,90.8000002875924,rf.xlsx
43418,TRINCOMALEE,81.25,8.58,2023-10-01,2023,10,561.399990811944,rf.xlsx
43418,TRINCOMALEE,81.25,8.58,2023-11-01,2023,11,401.400002293289,rf.xlsx
43418,TRINCOMALEE,81.25,8.58,2023-12-01,2023,12,553.9000037238,rf.xlsx
43418,TRINCOMALEE,81.25,8.58,2024-01-01,2024,1,191.500003926456,rf.xlsx
43418,TRINCOMALEE,81.25,8.58,2024-02-01,2024,2,5.79999996721745,rf.xlsx
43418,TRINCOMALEE,81.25,8.58,2024-03-01,2024,3,7.30000019073486,rf.xlsx
43418,TRINCOMALEE,81.25,8.58,2024-04-01,2024,4,50.3999990224838,rf.xlsx
43418,TRINCOMALEE,81.25,8.58,2024-05-01,2024,5,90.2999980002642,rf.xlsx
43418,TRINCOMALEE,81.25,8.58,2024-06-01,2024,6,55.0000001937151,rf.xlsx
43418,TRINCOMALEE,81.25,8.58,2024-07-01,2024,7,4.0,rf.xlsx
43418,TRINCOMALEE,81.25,8.58,2024-08-01,2024,8,132.700001865625,rf.xlsx
43418,TRINCOMALEE,81.25,8.58,2024-09-01,2024,9,40.0999997854233,rf.xlsx
43418,TRINCOMALEE,81.25,8.58,2024-10-01,2024,10,392.900007143617,rf.xlsx
43418,TRINCOMALEE,81.25,8.58,2024-11-01,2024,11,626.699994765222,rf.xlsx
43418,TRINCOMALEE,81.25,8.58,2024-12-01,2024,12,143.200001835823,rf.xlsx
43418,TRINCOMALEE,81.25,8.58,2025-01-01,2025,1,366.200000524521,rf.xlsx
43418,TRINCOMALEE,81.25,8.58,2025-02-01,2025,2,89.2999981045723,rf.xlsx
43418,TRINCOMALEE,81.25,8.58,2025-03-01,2025,3,118.399998903275,rf.xlsx
43418,TRINCOMALEE,81.25,8.58,2025-04-01,2025,4,142.099998891354,rf.xlsx
43418,TRINCOMALEE,81.25,8.58,2025-05-01,2025,5,28.8999994769692,rf.xlsx
43418,TRINCOMALEE,81.25,8.58,2025-06-01,2025,6,12.5,rf.xlsx
43418,TRINCOMALEE,81.25,8.58,2025-07-01,2025,7,0.0,rf.xlsx
43418,TRINCOMALEE,81.25,8.58,2025-08-01,2025,8,63.400000013411,rf.xlsx
43418,TRINCOMALEE,81.25,8.58,2025-09-01,2025,9,129.299997523427,rf.xlsx
43418,TRINCOMALEE,81.25,8.58,2025-10-01,2025,10,161.699997097254,rf.xlsx
43418,TRINCOMALEE,81.25,8.58,2025-11-01,2025,11,,rf.xlsx
43418,TRINCOMALEE,81.25,8.58,2025-12-01,2025,12,,rf.xlsx
01HT0551,YALA,,,2022-10-01,2022,10,71.0,rf_other_stations.xlsx
01HT0551,YALA,,,2022-11-01,2022,11,164.0,rf_other_stations.xlsx
01HT0551,YALA,,,2022-12-01,2022,12,68.6999998092651,rf_other_stations.xlsx
01HT0551,YALA,,,2023-01-01,2023,1,70.2000000476837,rf_other_stations.xlsx
01HT0551,YALA,,,2023-04-01,2023,4,34.2999995946884,rf_other_stations.xlsx
01HT0551,YALA,,,2023-05-01,2023,5,53.1000000238419,rf_other_stations.xlsx
01HT0551,YALA,,,2023-06-01,2023,6,0.0,rf_other_stations.xlsx
01HT0551,YALA,,,2023-07-01,2023,7,6.5,rf_other_stations.xlsx
01HT0551,YALA,,,2023-08-01,2023,8,4.5,rf_other_stations.xlsx
01HT0551,YALA,,,2023-09-01,2023,9,322.799999952316,rf_other_stations.xlsx
01HT0551,YALA,,,2023-10-01,2023,10,488.199998855591,rf_other_stations.xlsx
01HT0551,YALA,,,2023-11-01,2023,11,288.399996757507,rf_other_stations.xlsx
01HT0551,YALA,,,2023-12-01,2023,12,452.400000572205,rf_other_stations.xlsx
01HT0551,YALA,,,2024-01-01,2024,1,290.60000038147,rf_other_stations.xlsx
01HT0551,YALA,,,2024-02-01,2024,2,44.8999998569489,rf_other_stations.xlsx
01HT0551,YALA,,,2024-03-01,2024,3,64.0,rf_other_stations.xlsx
01HT0551,YALA,,,2024-04-01,2024,4,13.9000001698732,rf_other_stations.xlsx
01HT0551,YALA,,,2024-05-01,2024,5,121.500000059605,rf_other_stations.xlsx
01HT0551,YALA,,,2024-06-01,2024,6,60.9999997615814,rf_other_stations.xlsx
01HT0551,YALA,,,2024-07-01,2024,7,5.5,rf_other_stations.xlsx
01HT0551,YALA,,,2024-08-01,2024,8,84.0,rf_other_stations.xlsx
01HT0551,YALA,,,2024-09-01,2024,9,5.5,rf_other_stations.xlsx
01HT0551,YALA,,,2024-10-01,2024,10,58.5,rf_other_stations.xlsx
01HT0551,YALA,,,2024-11-01,2024,11,222.5,rf_other_stations.xlsx
01HT0551,YALA,,,2024-12-01,2024,12,38.0,rf_other_stations.xlsx
01HT0551,YALA,,,2025-01-01,2025,1,232.799999237061,rf_other_stations.xlsx
01HT0551,YALA,,,2025-02-01,2025,2,127.0,rf_other_stations.xlsx
01HT0551,YALA,,,2025-04-01,2025,4,141.5,rf_other_stations.xlsx
01HT0551,YALA,,,2025-05-01,2025,5,15.0,rf_other_stations.xlsx
01HT0551,YALA,,,2025-06-01,2025,6,0.0,rf_other_stations.xlsx
