id,station_name,longitude,latitude,date,yyyy,month,temperature_max_c,temperature_min_c,temperature_avg_c,source_file
43421,ANURADHAPURA,80.38,8.35,2021-01-01,2021,1,29.6,22.9,26.25,temperature.xlsx
43421,ANURADHAPURA,80.38,8.35,2021-02-01,2021,2,31.3,22.4,26.85,temperature.xlsx
43421,ANURADHAPURA,80.38,8.35,2021-03-01,2021,3,33.2,23.8,28.5,temperature.xlsx
43421,ANURADHAPURA,80.38,8.35,2021-04-01,2021,4,34.2,24.8,29.5,temperature.xlsx
43421,ANURADHAPURA,80.38,8.35,2021-05-01,2021,5,32.7,25.1,28.900000000000002,temperature.xlsx
43421,ANURADHAPURA,80.38,8.35,2021-06-01,2021,6,33.1,25.2,29.15,temperature.xlsx
43421,ANURADHAPURA,80.38,8.35,2021-07-01,2021,7,33.0,25.2,29.1,temperature.xlsx
43421,ANURADHAPURA,80.38,8.35,2021-08-01,2021,8,33.0,25.0,29.0,temperature.xlsx
43421,ANURADHAPURA,80.38,8.35,2021-09-01,2021,9,33.2,25.2,29.200000000000003,temperature.xlsx
43421,ANURADHAPURA,80.38,8.35,2021-10-01,2021,10,31.7,24.2,27.95,temperature.xlsx
43421,ANURADHAPURA,80.38,8.35,2021-11-01,2021,11,30.1,23.7,26.9,temperature.xlsx
43421,ANURADHAPURA,80.38,8.35,2021-12-01,2021,12,,22.8,,temperature.xlsx
43421,ANURADHAPURA,80.38,8.35,2022-01-01,2022,1,30.5,22.3,26.4,temperature.xlsx
43421,ANURADHAPURA,80.38,8.35,2022-02-01,2022,2,31.0,22.1,26.55,temperature.xlsx
43421,ANURADHAPURA,80.38,8.35,2022-03-01,2022,3,33.4,23.9,28.65,temperature.xlsx
43421,ANURADHAPURA,80.38,8.35,2022-04-01,2022,4,33.5,24.3,28.9,temperature.xlsx
43421,ANURADHAPURA,80.38,8.35,2022-06-01,2022,6,32.8,25.1,28.95,temperature.xlsx
43421,ANURADHAPURA,80.38,8.35,2022-07-01,2022,7,33.1,24.6,28.85,temperature.xlsx
43421,ANURADHAPURA,80.38,8.35,2022-08-01,2022,8,32.5,24.8,28.65,temperature.xlsx
43421,ANURADHAPURA,80.38,8.35,2022-09-01,2022,9,32.7,24.5,28.6,temperature.xlsx
43421,ANURADHAPURA,80.38,8.35,2022-10-01,2022,10,32.2,24.1,28.150000000000002,temperature.xlsx
43421,ANURADHAPURA,80.38,8.35,2022-11-01,2022,11,30.9,23.0,26.95,temperature.xlsx
43421,ANURADHAPURA,80.38,8.35,2022-12-01,2022,12,29.3,22.6,25.950000000000003,temperature.xlsx
43421,ANURADHAPURA,80.38,8.35,2023-01-01,2023,1,29.4,21.4,25.4,temperature.xlsx
43421,ANURADHAPURA,80.38,8.35,2023-02-01,2023,2,30.9,22.2,26.549999999999997,temperature.xlsx
43421,ANURADHAPURA,80.38,8.35,2023-03-01,2023,3,33.0,23.9,28.45,temperature.xlsx
43421,ANURADHAPURA,80.38,8.35,2023-04-01,2023,4,34.3,24.8,29.549999999999997,temperature.xlsx
43421,ANURADHAPURA,80.38,8.35,2023-05-01,2023,5,33.2,25.3,29.25,temperature.xlsx
43421,ANURADHAPURA,80.38,8.35,2023-06-01,2023,6,33.9,26.0,29.95,temperature.xlsx
43421,ANURADHAPURA,80.38,8.35,2023-07-01,2023,7,33.9,25.9,29.9,temperature.xlsx
43421,ANURADHAPURA,80.38,8.35,2023-08-01,2023,8,35.8,25.5,30.65,temperature.xlsx
43421,ANURADHAPURA,80.38,8.35,2023-09-01,2023,9,33.3,25.0,29.15,temperature.xlsx
43421,ANURADHAPURA,80.38,8.35,2023-10-01,2023,10,32.4,24.2,28.299999999999997,temperature.xlsx
43421,ANURADHAPURA,80.38,8.35,2023-11-01,2023,11,31.3,24.4,27.85,temperature.xlsx
43421,ANURADHAPURA,80.38,8.35,2023-12-01,2023,12,30.1,24.4,27.25,temperature.xlsx
43421,ANURADHAPURA,80.38,8.35,2024-01-01,2024,1,30.4,23.4,26.9,temperature.xlsx
43421,ANURADHAPURA,80.38,8.35,2024-02-01,2024,2,32.7,24.0,28.35,temperature.xlsx
43421,ANURADHAPURA,80.38,8.35,2024-03-01,2024,3,35.0,24.6,29.8,temperature.xlsx
43421,ANURADHAPURA,80.38,8.35,2024-04-01,2024,4,35.9,26.1,31.0,temperature.xlsx
43421,ANURADHAPURA,80.38,8.35,2024-05-01,2024,5,33.6,25.7,29.65,temperature.xlsx
43421,ANURADHAPURA,80.38,8.35,2024-06-01,2024,6,32.9,25.7,29.299999999999997,temperature.xlsx
43421,ANURADHAPURA,80.38,8.35,2024-07-01,2024,7,33.9,25.9,29.9,temperature.xlsx
43421,ANURADHAPURA,80.38,8.35,2024-08-01,2024,8,33.2,25.1,29.150000000000002,temperature.xlsx
43421,ANURADHAPURA,80.38,8.35,2024-09-01,2024,9,34.5,25.6,30.05,temperature.xlsx
43421,ANURADHAPURA,80.38,8.35,2024-10-01,2024,10,32.7,24.7,28.700000000000003,temperature.xlsx
43421,ANURADHAPURA,80.38,8.35,2024-11-01,2024,11,30.1,23.8,26.950000000000003,temperature.xlsx
43421,ANURADHAPURA,80.38,8.35,2024-12-01,2024,12,31.1,23.7,27.4,temperature.xlsx
43421,ANURADHAPURA,80.38,8.35,2025-01-01,2025,1,29.1,23.1,26.1,temperature.xlsx
43421,ANURADHAPURA,80.38,8.35,2025-02-01,2025,2,32.0,22.8,27.4,temperature.xlsx
43421,ANURADHAPURA,80.38,8.35,2025-03-01,2025,3,33.1,24.4,28.75,temperature.xlsx
43421,ANURADHAPURA,80.38,8.35,2025-04-01,2025,4,34.2,25.2,29.700000000000003,temperature.xlsx
43421,ANURADHAPURA,80.38,8.35,2025-05-01,2025,5,33.3,25.5,29.4,temperature.xlsx
43421,ANURADHAPURA,80.38,8.35,2025-06-01,2025,6,33.1,25.7,29.4,temperature.xlsx
43421,ANURADHAPURA,80.38,8.35,2025-07-01,2025,7,34.2,25.6,29.900000000000002,temperature.xlsx
43421,ANURADHAPURA,80.38,8.35,2025-08-01,2025,8,34.0,25.1,29.55,temperature.xlsx
43421,ANURADHAPURA,80.38,8.35,2025-09-01,2025,9,,25.6,,temperature.xlsx
43421,ANURADHAPURA,80.38,8.35,2025-10-01,2025,10,,24.2,,temperature.xlsx
43436,BATTICALOA,81.7,7.72,2021-01-01,2021,1,28.7,23.9,26.299999999999997,temperature.xlsx
43436,BATTICALOA,81.7,7.72,2021-02-01,2021,2,29.3,24.4,26.85,temperature.xlsx
43436,BATTICALOA,81.7,7.72,2021-03-01,2021,3,30.7,24.6,27.65,temperature.xlsx
43436,BATTICALOA,81.7,7.72,2021-04-01,2021,4,32.3,26.0,29.15,temperature.xlsx
43436,BATTICALOA,81.7,7.72,2021-05-01,2021,5,33.0,26.3,29.65,temperature.xlsx
43436,BATTICALOA,81.7,7.72,2021-06-01,2021,6,34.1,25.9,30.0,temperature.xlsx
43436,BATTICALOA,81.7,7.72,2021-07-01,2021,7,,26.0,,temperature.xlsx
43436,BATTICALOA,81.7,7.72,2021-08-01,2021,8,33.0,25.9,29.45,temperature.xlsx
43436,BATTICALOA,81.7,7.72,2021-09-01,2021,9,33.2,25.9,29.55,temperature.xlsx
43436,BATTICALOA,81.7,7.72,2021-10-01,2021,10,31.8,25.2,28.5,temperature.xlsx
43436,BATTICALOA,81.7,7.72,2021-11-01,2021,11,30.6,24.8,27.700000000000003,temperature.xlsx
43436,BATTICALOA,81.7,7.72,2021-12-01,2021,12,,24.1,,temperature.xlsx
43436,BATTICALOA,81.7,7.72,2022-01-01,2022,1,29.2,22.7,25.95,temperature.xlsx
43436,BATTICALOA,81.7,7.72,2022-02-01,2022,2,29.4,23.6,26.5,temperature.xlsx
43436,BATTICALOA,81.7,7.72,2022-03-01,2022,3,30.8,24.6,27.700000000000003,temperature.xlsx
43436,BATTICALOA,81.7,7.72,2022-04-01,2022,4,32.2,24.9,28.55,temperature.xlsx
43436,BATTICALOA,81.7,7.72,2022-06-01,2022,6,33.6,25.7,29.65,temperature.xlsx
43436,BATTICALOA,81.7,7.72,2022-07-01,2022,7,33.9,25.5,29.7,temperature.xlsx
43436,BATTICALOA,81.7,7.72,2022-08-01,2022,8,32.9,24.6,28.75,temperature.xlsx
43436,BATTICALOA,81.7,7.72,2022-09-01,2022,9,32.6,24.4,28.5,temperature.xlsx
43436,BATTICALOA,81.7,7.72,2022-10-01,2022,10,31.7,24.2,27.95,temperature.xlsx
43436,BATTICALOA,81.7,7.72,2022-11-01,2022,11,29.6,23.1,26.35,temperature.xlsx
43436,BATTICALOA,81.7,7.72,2022-12-01,2022,12,28.5,22.9,25.7,temperature.xlsx
43436,BATTICALOA,81.7,7.72,2023-01-01,2023,1,28.2,22.8,25.5,temperature.xlsx
43436,BATTICALOA,81.7,7.72,2023-02-01,2023,2,28.7,23.8,26.25,temperature.xlsx
43436,BATTICALOA,81.7,7.72,2023-03-01,2023,3,30.7,25.2,27.95,temperature.xlsx
43436,BATTICALOA,81.7,7.72,2023-04-01,2023,4,32.4,25.8,29.1,temperature.xlsx
43436,BATTICALOA,81.7,7.72,2023-05-01,2023,5,32.8,26.2,29.5,temperature.xlsx
43436,BATTICALOA,81.7,7.72,2023-06-01,2023,6,33.8,26.6,30.2,temperature.xlsx
43436,BATTICALOA,81.7,7.72,2023-07-01,2023,7,34.7,26.2,30.450000000000003,temperature.xlsx
43436,BATTICALOA,81.7,7.72,2023-08-01,2023,8,32.4,26.3,29.35,temperature.xlsx
43436,BATTICALOA,81.7,7.72,2023-09-01,2023,9,33.6,25.8,29.700000000000003,temperature.xlsx
43436,BATTICALOA,81.7,7.72,2023-10-01,2023,10,31.5,24.9,28.2,temperature.xlsx
43436,BATTICALOA,81.7,7.72,2023-11-01,2023,11,30.6,25.0,27.8,temperature.xlsx
43436,BATTICALOA,81.7,7.72,2023-12-01,2023,12,29.7,25.2,27.45,temperature.xlsx
43436,BATTICALOA,81.7,7.72,2024-01-01,2024,1,29.0,24.3,26.65,temperature.xlsx
43436,BATTICALOA,81.7,7.72,2024-02-01,2024,2,30.2,25.4,27.799999999999997,temperature.xlsx
43436,BATTICALOA,81.7,7.72,2024-03-01,2024,3,31.3,25.2,28.25,temperature.xlsx
43436,BATTICALOA,81.7,7.72,2024-04-01,2024,4,32.7,26.6,29.650000000000002,temperature.xlsx
43436,BATTICALOA,81.7,7.72,2024-05-01,2024,5,33.5,26.7,30.1,temperature.xlsx
43436,BATTICALOA,81.7,7.72,2024-06-01,2024,6,34.3,26.7,30.5,temperature.xlsx
43436,BATTICALOA,81.7,7.72,2024-07-01,2024,7,35.7,26.8,31.25,temperature.xlsx
43436,BATTICALOA,81.7,7.72,2024-08-01,2024,8,33.0,26.0,29.5,temperature.xlsx
43436,BATTICALOA,81.7,7.72,2024-09-01,2024,9,35.0,26.0,30.5,temperature.xlsx
43436,BATTICALOA,81.7,7.72,2024-10-01,2024,10,31.5,25.5,28.5,temperature.xlsx
43436,BATTICALOA,81.7,7.72,2024-11-01,2024,11,30.0,24.7,27.35,temperature.xlsx
43436,BATTICALOA,81.7,7.72,2024-12-01,2024,12,29.7,24.7,27.2,temperature.xlsx
43436,BATTICALOA,81.7,7.72,2025-01-01,2025,1,28.0,24.4,26.2,temperature.xlsx
43436,BATTICALOA,81.7,7.72,2025-02-01,2025,2,29.8,24.4,27.1,temperature.xlsx
43436,BATTICALOA,81.7,7.72,2025-03-01,2025,3,30.8,25.1,27.950000000000003,temperature.xlsx
43436,BATTICALOA,81.7,7.72,2025-04-01,2025,4,32.4,25.7,29.049999999999997,temperature.xlsx
43436,BATTICALOA,81.7,7.72,2025-05-01,2025,5,34.0,26.6,30.3,temperature.xlsx
43436,BATTICALOA,81.7,7.72,2025-06-01,2025,6,35.0,26.7,30.85,temperature.xlsx
43436,BATTICALOA,81.7,7.72,2025-07-01,2025,7,35.7,26.7,31.200000000000003,temperature.xlsx
43436,BATTICALOA,81.7,7.72,2025-08-01,2025,8,33.8,25.9,29.849999999999998,temperature.xlsx
43436,BATTICALOA,81.7,7.72,2025-09-01,2025,9,34.5,25.9,30.2,temperature.xlsx
43436,BATTICALOA,81.7,7.72,2025-10-01,2025,10,32.6,25.3,28.950000000000003,temperature.xlsx
43466,COLOMBO,79.87,6.9,2021-01-01,2021,1,30.7,24.0,27.35,temperature.xlsx
43466,COLOMBO,79.87,6.9,2021-02-01,2021,2,32.1,24.0,28.05,temperature.xlsx
43466,COLOMBO,79.87,6.9,2021-03-01,2021,3,31.6,24.4,28.0,temperature.xlsx
43466,COLOMBO,79.87,6.9,2021-04-01,2021,4,31.8,25.6,28.700000000000003,temperature.xlsx
43466,COLOMBO,79.87,6.9,2021-05-01,2021,5,31.5,25.9,28.7,temperature.xlsx
43466,COLOMBO,79.87,6.9,2021-06-01,2021,6,30.9,26.4,28.65,temperature.xlsx
43466,COLOMBO,79.87,6.9,2021-07-01,2021,7,30.4,26.2,28.299999999999997,temperature.xlsx
43466,COLOMBO,79.87,6.9,2021-08-01,2021,8,30.0,26.0,28.0,temperature.xlsx
43466,COLOMBO,79.87,6.9,2021-09-01,2021,9,30.4,25.9,28.15,temperature.xlsx
43466,COLOMBO,79.87,6.9,2021-10-01,2021,10,30.4,25.2,27.799999999999997,temperature.xlsx
43466,COLOMBO,79.87,6.9,2021-11-01,2021,11,29.8,24.3,27.05,temperature.xlsx
43466,COLOMBO,79.87,6.9,2021-12-01,2021,12,31.6,24.1,27.85,temperature.xlsx
43466,COLOMBO,79.87,6.9,2022-01-01,2022,1,32.2,23.9,28.05,temperature.xlsx
43466,COLOMBO,79.87,6.9,2022-02-01,2022,2,32.1,24.1,28.1,temperature.xlsx
43466,COLOMBO,79.87,6.9,2022-03-01,2022,3,32.4,25.9,29.15,temperature.xlsx
43466,COLOMBO,79.87,6.9,2022-04-01,2022,4,31.8,25.3,28.55,temperature.xlsx
43466,COLOMBO,79.87,6.9,2022-05-01,2022,5,31.0,26.4,28.7,temperature.xlsx
43466,COLOMBO,79.87,6.9,2022-06-01,2022,6,30.7,26.6,28.65,temperature.xlsx
43466,COLOMBO,79.87,6.9,2022-07-01,2022,7,30.5,26.3,28.4,temperature.xlsx
43466,COLOMBO,79.87,6.9,2022-08-01,2022,8,30.0,26.1,28.05,temperature.xlsx
43466,COLOMBO,79.87,6.9,2022-09-01,2022,9,30.3,26.1,28.200000000000003,temperature.xlsx
43466,COLOMBO,79.87,6.9,2022-10-01,2022,10,29.9,25.1,27.5,temperature.xlsx
43466,COLOMBO,79.87,6.9,2022-11-01,2022,11,30.7,24.3,27.5,temperature.xlsx
43466,COLOMBO,79.87,6.9,2022-12-01,2022,12,30.4,23.7,27.049999999999997,temperature.xlsx
43466,COLOMBO,79.87,6.9,2023-01-01,2023,1,31.0,23.2,27.1,temperature.xlsx
43466,COLOMBO,79.87,6.9,2023-02-01,2023,2,,24.1,,temperature.xlsx
43466,COLOMBO,79.87,6.9,2023-03-01,2023,3,32.0,24.6,28.3,temperature.xlsx
43466,COLOMBO,79.87,6.9,2023-04-01,2023,4,32.3,25.3,28.799999999999997,temperature.xlsx
43466,COLOMBO,79.87,6.9,2023-05-01,2023,5,31.7,26.3,29.0,temperature.xlsx
43466,COLOMBO,79.87,6.9,2023-06-01,2023,6,31.3,26.7,29.0,temperature.xlsx
43466,COLOMBO,79.87,6.9,2023-07-01,2023,7,30.7,26.7,28.7,temperature.xlsx
43466,COLOMBO,79.87,6.9,2023-08-01,2023,8,31.6,27.0,29.3,temperature.xlsx
43466,COLOMBO,79.87,6.9,2023-09-01,2023,9,30.2,24.9,27.549999999999997,temperature.xlsx
43466,COLOMBO,79.87,6.9,2023-10-01,2023,10,30.3,24.6,27.450000000000003,temperature.xlsx
43466,COLOMBO,79.87,6.9,2023-11-01,2023,11,31.3,24.6,27.950000000000003,temperature.xlsx
43466,COLOMBO,79.87,6.9,2023-12-01,2023,12,31.8,24.7,28.25,temperature.xlsx
43466,COLOMBO,79.87,6.9,2024-01-01,2024,1,31.9,24.4,28.15,temperature.xlsx
43466,COLOMBO,79.87,6.9,2024-02-01,2024,2,33.5,25.3,29.4,temperature.xlsx
43466,COLOMBO,79.87,6.9,2024-03-01,2024,3,33.2,26.3,29.75,temperature.xlsx
43466,COLOMBO,79.87,6.9,2024-04-01,2024,4,33.4,26.4,29.9,temperature.xlsx
43466,COLOMBO,79.87,6.9,2024-05-01,2024,5,31.9,,,temperature.xlsx
43466,COLOMBO,79.87,6.9,2024-06-01,2024,6,31.2,26.4,28.799999999999997,temperature.xlsx
43466,COLOMBO,79.87,6.9,2024-07-01,2024,7,31.1,26.3,28.700000000000003,temperature.xlsx
43466,COLOMBO,79.87,6.9,2024-08-01,2024,8,31.0,26.5,28.75,temperature.xlsx
43466,COLOMBO,79.87,6.9,2024-09-01,2024,9,31.4,26.7,29.049999999999997,temperature.xlsx
43466,COLOMBO,79.87,6.9,2024-10-01,2024,10,30.6,25.3,27.950000000000003,temperature.xlsx
43466,COLOMBO,79.87,6.9,2024-11-01,2024,11,30.9,24.6,27.75,temperature.xlsx
43466,COLOMBO,79.87,6.9,2024-12-01,2024,12,31.6,24.8,28.200000000000003,temperature.xlsx
43466,COLOMBO,79.87,6.9,2025-01-01,2025,1,30.8,24.3,27.55,temperature.xlsx
43466,COLOMBO,79.87,6.9,2025-02-01,2025,2,32.9,24.6,28.75,temperature.xlsx
43466,COLOMBO,79.87,6.9,2025-03-01,2025,3,32.1,25.1,28.6,temperature.xlsx
43466,COLOMBO,79.87,6.9,2025-04-01,2025,4,32.3,25.8,29.049999999999997,temperature.xlsx
43466,COLOMBO,79.87,6.9,2025-05-01,2025,5,31.9,26.3,29.1,temperature.xlsx
43466,COLOMBO,79.87,6.9,2025-06-01,2025,6,31.5,26.8,29.15,temperature.xlsx
43466,COLOMBO,79.87,6.9,2025-07-01,2025,7,31.1,26.7,28.9,temperature.xlsx
43466,COLOMBO,79.87,6.9,2025-08-01,2025,8,30.6,26.4,28.5,temperature.xlsx
43466,COLOMBO,79.87,6.9,2025-09-01,2025,9,31.4,26.8,29.1,temperature.xlsx
43466,COLOMBO,79.87,6.9,2025-10-01,2025,10,30.7,25.2,27.95,temperature.xlsx
43495,GALLE,80.22,6.03,2021-01-01,2021,1,29.3,24.2,26.75,temperature.xlsx
43495,GALLE,80.22,6.03,2021-02-01,2021,2,30.2,24.3,27.25,temperature.xlsx
43495,GALLE,80.22,6.03,2021-03-01,2021,3,31.1,24.5,27.8,temperature.xlsx
43495,GALLE,80.22,6.03,2021-04-01,2021,4,30.7,25.9,28.299999999999997,temperature.xlsx
43495,GALLE,80.22,6.03,2021-05-01,2021,5,30.4,26.0,28.2,temperature.xlsx
43495,GALLE,80.22,6.03,2021-06-01,2021,6,29.7,26.3,28.0,temperature.xlsx
43495,GALLE,80.22,6.03,2021-07-01,2021,7,29.2,25.8,27.5,temperature.xlsx
43495,GALLE,80.22,6.03,2021-08-01,2021,8,28.6,25.5,27.05,temperature.xlsx
43495,GALLE,80.22,6.03,2021-09-01,2021,9,29.3,25.9,27.6,temperature.xlsx
43495,GALLE,80.22,6.03,2021-10-01,2021,10,29.2,25.6,27.4,temperature.xlsx
43495,GALLE,80.22,6.03,2021-11-01,2021,11,29.0,24.8,26.9,temperature.xlsx
43495,GALLE,80.22,6.03,2021-12-01,2021,12,30.3,24.5,27.4,temperature.xlsx
43495,GALLE,80.22,6.03,2022-01-01,2022,1,30.0,24.4,27.2,temperature.xlsx
43495,GALLE,80.22,6.03,2022-02-01,2022,2,30.1,24.6,27.35,temperature.xlsx
43495,GALLE,80.22,6.03,2022-03-01,2022,3,30.3,25.7,28.0,temperature.xlsx
43495,GALLE,80.22,6.03,2022-04-01,2022,4,30.4,25.6,28.0,temperature.xlsx
43495,GALLE,80.22,6.03,2022-06-01,2022,6,29.5,26.1,27.8,temperature.xlsx
43495,GALLE,80.22,6.03,2022-07-01,2022,7,28.8,26.1,27.450000000000003,temperature.xlsx
43495,GALLE,80.22,6.03,2022-08-01,2022,8,28.3,25.5,26.9,temperature.xlsx
43495,GALLE,80.22,6.03,2022-09-01,2022,9,28.9,25.9,27.4,temperature.xlsx
43495,GALLE,80.22,6.03,2022-10-01,2022,10,28.7,24.9,26.799999999999997,temperature.xlsx
43495,GALLE,80.22,6.03,2022-11-01,2022,11,29.7,24.6,27.15,temperature.xlsx
43495,GALLE,80.22,6.03,2022-12-01,2022,12,29.3,24.0,26.65,temperature.xlsx
43495,GALLE,80.22,6.03,2023-01-01,2023,1,29.0,23.5,26.25,temperature.xlsx
43495,GALLE,80.22,6.03,2023-02-01,2023,2,29.9,24.0,26.95,temperature.xlsx
43495,GALLE,80.22,6.03,2023-03-01,2023,3,31.1,24.8,27.950000000000003,temperature.xlsx
43495,GALLE,80.22,6.03,2023-04-01,2023,4,31.3,25.5,28.4,temperature.xlsx
43495,GALLE,80.22,6.03,2023-05-01,2023,5,30.3,26.6,28.450000000000003,temperature.xlsx
43495,GALLE,80.22,6.03,2023-06-01,2023,6,29.8,26.5,28.15,temperature.xlsx
43495,GALLE,80.22,6.03,2023-07-01,2023,7,29.1,26.1,27.6,temperature.xlsx
43495,GALLE,80.22,6.03,2023-08-01,2023,8,29.8,26.9,28.35,temperature.xlsx
43495,GALLE,80.22,6.03,2023-09-01,2023,9,29.0,24.8,26.9,temperature.xlsx
43495,GALLE,80.22,6.03,2023-10-01,2023,10,29.2,24.6,26.9,temperature.xlsx
43495,GALLE,80.22,6.03,2023-11-01,2023,11,30.3,25.0,27.65,temperature.xlsx
43495,GALLE,80.22,6.03,2023-12-01,2023,12,30.4,25.2,27.799999999999997,temperature.xlsx
43495,GALLE,80.22,6.03,2024-01-01,2024,1,30.1,24.5,27.3,temperature.xlsx
43495,GALLE,80.22,6.03,2024-02-01,2024,2,32.1,25.1,28.6,temperature.xlsx
43495,GALLE,80.22,6.03,2024-03-01,2024,3,31.8,25.8,28.8,temperature.xlsx
43495,GALLE,80.22,6.03,2024-04-01,2024,4,32.3,26.5,29.4,temperature.xlsx
43495,GALLE,80.22,6.03,2024-05-01,2024,5,30.7,26.2,28.45,temperature.xlsx
43495,GALLE,80.22,6.03,2024-06-01,2024,6,29.8,26.5,28.15,temperature.xlsx
43495,GALLE,80.22,6.03,2024-07-01,2024,7,29.9,26.2,28.049999999999997,temperature.xlsx
43495,GALLE,80.22,6.03,2024-08-01,2024,8,29.6,26.1,27.85,temperature.xlsx
43495,GALLE,80.22,6.03,2024-09-01,2024,9,30.2,26.5,28.35,temperature.xlsx
43495,GALLE,80.22,6.03,2024-10-01,2024,10,29.5,25.6,27.55,temperature.xlsx
43495,GALLE,80.22,6.03,2024-11-01,2024,11,30.0,24.8,27.4,temperature.xlsx
43495,GALLE,80.22,6.03,2024-12-01,2024,12,30.1,25.0,27.55,temperature.xlsx
43495,GALLE,80.22,6.03,2025-01-01,2025,1,28.7,24.4,26.549999999999997,temperature.xlsx
43495,GALLE,80.22,6.03,2025-02-01,2025,2,31.0,24.7,27.85,temperature.xlsx
43495,GALLE,80.22,6.03,2025-03-01,2025,3,31.4,25.1,28.25,temperature.xlsx
43495,GALLE,80.22,6.03,2025-04-01,2025,4,31.1,26.3,28.700000000000003,temperature.xlsx
43495,GALLE,80.22,6.03,2025-05-01,2025,5,30.4,26.2,28.299999999999997,temperature.xlsx
43495,GALLE,80.22,6.03,2025-06-01,2025,6,29.7,26.2,27.95,temperature.xlsx
43495,GALLE,80.22,6.03,2025-07-01,2025,7,28.8,26.1,27.450000000000003,temperature.xlsx
43495,GALLE,80.22,6.03,2025-08-01,2025,8,29.1,26.2,27.65,temperature.xlsx
43495,GALLE,80.22,6.03,2025-09-01,2025,9,29.8,26.8,28.3,temperature.xlsx
43495,GALLE,80.22,6.03,2025-10-01,2025,10,29.5,25.3,27.4,temperature.xlsx
43497,HAMBANTOTA,81.13,6.12,2021-01-01,2021,1,30.3,23.9,27.1,temperature.xlsx
43497,HAMBANTOTA,81.13,6.12,2021-02-01,2021,2,32.4,24.1,28.25,temperature.xlsx
43497,HAMBANTOTA,81.13,6.12,2021-03-01,2021,3,31.8,24.2,28.0,temperature.xlsx
43497,HAMBANTOTA,81.13,6.12,2021-04-01,2021,4,32.4,25.6,29.0,temperature.xlsx
43497,HAMBANTOTA,81.13,6.12,2021-05-01,2021,5,32.4,25.9,29.15,temperature.xlsx
43497,HAMBANTOTA,81.13,6.12,2021-06-01,2021,6,32.0,26.0,29.0,temperature.xlsx
43497,HAMBANTOTA,81.13,6.12,2021-07-01,2021,7,31.6,25.6,28.6,temperature.xlsx
43497,HAMBANTOTA,81.13,6.12,2021-08-01,2021,8,31.3,25.5,28.4,temperature.xlsx
43497,HAMBANTOTA,81.13,6.12,2021-09-01,2021,9,30.9,25.6,28.25,temperature.xlsx
43497,HAMBANTOTA,81.13,6.12,2021-10-01,2021,10,31.0,25.1,28.05,temperature.xlsx
43497,HAMBANTOTA,81.13,6.12,2021-11-01,2021,11,31.0,24.7,27.85,temperature.xlsx
43497,HAMBANTOTA,81.13,6.12,2021-12-01,2021,12,30.9,23.9,27.4,temperature.xlsx
43497,HAMBANTOTA,81.13,6.12,2022-01-01,2022,1,31.1,23.9,27.5,temperature.xlsx
43497,HAMBANTOTA,81.13,6.12,2022-02-01,2022,2,32.2,24.3,28.25,temperature.xlsx
43497,HAMBANTOTA,81.13,6.12,2022-03-01,2022,3,32.2,25.3,28.75,temperature.xlsx
43497,HAMBANTOTA,81.13,6.12,2022-04-01,2022,4,31.6,25.6,28.6,temperature.xlsx
43497,HAMBANTOTA,81.13,6.12,2022-06-01,2022,6,31.5,25.7,28.6,temperature.xlsx
43497,HAMBANTOTA,81.13,6.12,2022-07-01,2022,7,32.9,25.7,29.299999999999997,temperature.xlsx
43497,HAMBANTOTA,81.13,6.12,2022-08-01,2022,8,31.1,24.8,27.950000000000003,temperature.xlsx
43497,HAMBANTOTA,81.13,6.12,2022-09-01,2022,9,31.5,25.2,28.35,temperature.xlsx
43497,HAMBANTOTA,81.13,6.12,2022-10-01,2022,10,32.5,25.2,28.85,temperature.xlsx
43497,HAMBANTOTA,81.13,6.12,2022-11-01,2022,11,31.6,24.2,27.9,temperature.xlsx
43497,HAMBANTOTA,81.13,6.12,2022-12-01,2022,12,30.4,23.8,27.1,temperature.xlsx
43497,HAMBANTOTA,81.13,6.12,2023-01-01,2023,1,30.8,22.9,26.85,temperature.xlsx
43497,HAMBANTOTA,81.13,6.12,2023-02-01,2023,2,30.7,23.6,27.15,temperature.xlsx
43497,HAMBANTOTA,81.13,6.12,2023-03-01,2023,3,31.4,24.9,28.15,temperature.xlsx
43497,HAMBANTOTA,81.13,6.12,2023-04-01,2023,4,33.1,25.8,29.450000000000003,temperature.xlsx
43497,HAMBANTOTA,81.13,6.12,2023-05-01,2023,5,31.3,26.3,28.8,temperature.xlsx
43497,HAMBANTOTA,81.13,6.12,2023-06-01,2023,6,32.1,26.5,29.3,temperature.xlsx
43497,HAMBANTOTA,81.13,6.12,2023-07-01,2023,7,32.7,25.9,29.3,temperature.xlsx
43497,HAMBANTOTA,81.13,6.12,2023-08-01,2023,8,32.0,26.1,29.05,temperature.xlsx
43497,HAMBANTOTA,81.13,6.12,2023-09-01,2023,9,29.8,24.6,27.200000000000003,temperature.xlsx
43497,HAMBANTOTA,81.13,6.12,2023-10-01,2023,10,29.9,24.6,27.25,temperature.xlsx
43497,HAMBANTOTA,81.13,6.12,2023-11-01,2023,11,30.9,24.9,27.9,temperature.xlsx
43497,HAMBANTOTA,81.13,6.12,2023-12-01,2023,12,30.3,24.9,27.6,temperature.xlsx
43497,HAMBANTOTA,81.13,6.12,2024-01-01,2024,1,30.6,24.1,27.35,temperature.xlsx
43497,HAMBANTOTA,81.13,6.12,2024-02-01,2024,2,32.5,25.0,28.75,temperature.xlsx
43497,HAMBANTOTA,81.13,6.12,2024-03-01,2024,3,33.1,25.1,29.1,temperature.xlsx
43497,HAMBANTOTA,81.13,6.12,2024-04-01,2024,4,33.6,26.6,30.1,temperature.xlsx
43497,HAMBANTOTA,81.13,6.12,2024-05-01,2024,5,32.2,26.5,29.35,temperature.xlsx
43497,HAMBANTOTA,81.13,6.12,2024-06-01,2024,6,30.8,26.1,28.450000000000003,temperature.xlsx
43497,HAMBANTOTA,81.13,6.12,2024-07-01,2024,7,31.3,25.7,28.5,temperature.xlsx
43497,HAMBANTOTA,81.13,6.12,2024-08-01,2024,8,30.8,25.4,28.1,temperature.xlsx
43497,HAMBANTOTA,81.13,6.12,2024-09-01,2024,9,31.2,25.9,28.549999999999997,temperature.xlsx
43497,HAMBANTOTA,81.13,6.12,2024-10-01,2024,10,31.1,25.4,28.25,temperature.xlsx
43497,HAMBANTOTA,81.13,6.12,2024-11-01,2024,11,31.3,24.7,28.0,temperature.xlsx
43497,HAMBANTOTA,81.13,6.12,2024-12-01,2024,12,31.5,24.7,28.1,temperature.xlsx
43497,HAMBANTOTA,81.13,6.12,2025-01-01,2025,1,29.8,23.9,26.85,temperature.xlsx
43497,HAMBANTOTA,81.13,6.12,2025-02-01,2025,2,32.8,23.7,28.25,temperature.xlsx
43497,HAMBANTOTA,81.13,6.12,2025-03-01,2025,3,31.5,24.7,28.1,temperature.xlsx
43497,HAMBANTOTA,81.13,6.12,2025-04-01,2025,4,31.4,25.6,28.5,temperature.xlsx
43497,HAMBANTOTA,81.13,6.12,2025-05-01,2025,5,31.4,26.2,28.799999999999997,temperature.xlsx
43497,HAMBANTOTA,81.13,6.12,2025-06-01,2025,6,31.0,26.0,28.5,temperature.xlsx
43497,HAMBANTOTA,81.13,6.12,2025-07-01,2025,7,32.7,25.8,29.25,temperature.xlsx
43497,HAMBANTOTA,81.13,6.12,2025-08-01,2025,8,31.9,25.5,28.7,temperature.xlsx
43497,HAMBANTOTA,81.13,6.12,2025-09-01,2025,9,32.4,26.0,29.2,temperature.xlsx
43497,HAMBANTOTA,81.13,6.12,2025-10-01,2025,10,31.8,25.4,28.6,temperature.xlsx
43404,JAFFNA,80.03,9.68,2021-01-01,2021,1,28.9,22.9,25.9,temperature.xlsx
43404,JAFFNA,80.03,9.68,2021-02-01,2021,2,29.6,21.5,25.55,temperature.xlsx
43404,JAFFNA,80.03,9.68,2021-03-01,2021,3,32.4,23.2,27.799999999999997,temperature.xlsx
43404,JAFFNA,80.03,9.68,2021-04-01,2021,4,33.2,26.3,29.75,temperature.xlsx
43404,JAFFNA,80.03,9.68,2021-05-01,2021,5,33.1,27.1,30.1,temperature.xlsx
43404,JAFFNA,80.03,9.68,2021-06-01,2021,6,32.7,27.3,30.0,temperature.xlsx
43404,JAFFNA,80.03,9.68,2021-07-01,2021,7,32.7,27.0,29.85,temperature.xlsx
43404,JAFFNA,80.03,9.68,2021-08-01,2021,8,32.7,26.9,29.8,temperature.xlsx
43404,JAFFNA,80.03,9.68,2021-09-01,2021,9,33.0,26.9,29.95,temperature.xlsx
43404,JAFFNA,80.03,9.68,2021-10-01,2021,10,30.6,25.6,28.1,temperature.xlsx
43404,JAFFNA,80.03,9.68,2021-11-01,2021,11,29.3,24.5,26.9,temperature.xlsx
43404,JAFFNA,80.03,9.68,2021-12-01,2021,12,29.6,22.6,26.1,temperature.xlsx
43404,JAFFNA,80.03,9.68,2022-01-01,2022,1,29.8,22.6,26.200000000000003,temperature.xlsx
43404,JAFFNA,80.03,9.68,2022-02-01,2022,2,29.8,21.7,25.75,temperature.xlsx
43404,JAFFNA,80.03,9.68,2022-03-01,2022,3,31.9,24.5,28.2,temperature.xlsx
43404,JAFFNA,80.03,9.68,2022-04-01,2022,4,32.7,25.8,29.25,temperature.xlsx
43404,JAFFNA,80.03,9.68,2022-05-01,2022,5,,28.0,,temperature.xlsx
43404,JAFFNA,80.03,9.68,2022-06-01,2022,6,32.8,27.3,30.049999999999997,temperature.xlsx
43404,JAFFNA,80.03,9.68,2022-07-01,2022,7,32.9,26.5,29.7,temperature.xlsx
43404,JAFFNA,80.03,9.68,2022-08-01,2022,8,32.0,26.3,29.15,temperature.xlsx
43404,JAFFNA,80.03,9.68,2022-09-01,2022,9,31.8,26.4,29.1,temperature.xlsx
43404,JAFFNA,80.03,9.68,2022-10-01,2022,10,31.2,25.1,28.15,temperature.xlsx
43404,JAFFNA,80.03,9.68,2022-11-01,2022,11,29.6,23.2,26.4,temperature.xlsx
43404,JAFFNA,80.03,9.68,2022-12-01,2022,12,29.2,23.6,26.4,temperature.xlsx
43404,JAFFNA,80.03,9.68,2023-01-01,2023,1,28.8,21.4,25.1,temperature.xlsx
43404,JAFFNA,80.03,9.68,2023-02-01,2023,2,29.8,21.0,25.4,temperature.xlsx
43404,JAFFNA,80.03,9.68,2023-03-01,2023,3,32.1,24.1,28.1,temperature.xlsx
43404,JAFFNA,80.03,9.68,2023-04-01,2023,4,34.6,25.7,30.15,temperature.xlsx
43404,JAFFNA,80.03,9.68,2023-05-01,2023,5,32.5,27.6,30.05,temperature.xlsx
43404,JAFFNA,80.03,9.68,2023-06-01,2023,6,33.1,28.1,30.6,temperature.xlsx
43404,JAFFNA,80.03,9.68,2023-07-01,2023,7,32.7,27.4,30.05,temperature.xlsx
43404,JAFFNA,80.03,9.68,2023-08-01,2023,8,33.3,27.2,30.25,temperature.xlsx
43404,JAFFNA,80.03,9.68,2023-09-01,2023,9,32.2,27.2,29.700000000000003,temperature.xlsx
43404,JAFFNA,80.03,9.68,2023-10-01,2023,10,31.3,25.6,28.450000000000003,temperature.xlsx
43404,JAFFNA,80.03,9.68,2023-11-01,2023,11,30.4,24.4,27.4,temperature.xlsx
43404,JAFFNA,80.03,9.68,2023-12-01,2023,12,29.4,24.9,27.15,temperature.xlsx
43404,JAFFNA,80.03,9.68,2024-01-01,2024,1,29.5,22.8,26.15,temperature.xlsx
43404,JAFFNA,80.03,9.68,2024-02-01,2024,2,31.2,23.2,27.2,temperature.xlsx
43404,JAFFNA,80.03,9.68,2024-03-01,2024,3,33.3,23.3,28.299999999999997,temperature.xlsx
43404,JAFFNA,80.03,9.68,2024-04-01,2024,4,35.2,26.4,30.8,temperature.xlsx
43404,JAFFNA,80.03,9.68,2024-05-01,2024,5,33.5,27.5,30.5,temperature.xlsx
43404,JAFFNA,80.03,9.68,2024-06-01,2024,6,32.1,27.7,29.9,temperature.xlsx
43404,JAFFNA,80.03,9.68,2024-07-01,2024,7,32.7,27.7,30.200000000000003,temperature.xlsx
43404,JAFFNA,80.03,9.68,2024-08-01,2024,8,32.9,26.8,29.85,temperature.xlsx
43404,JAFFNA,80.03,9.68,2024-09-01,2024,9,33.6,27.6,30.6,temperature.xlsx
43404,JAFFNA,80.03,9.68,2024-10-01,2024,10,31.6,25.5,28.55,temperature.xlsx
43404,JAFFNA,80.03,9.68,2024-11-01,2024,11,29.5,24.4,26.95,temperature.xlsx
43404,JAFFNA,80.03,9.68,2024-12-01,2024,12,30.0,24.1,27.05,temperature.xlsx
43404,JAFFNA,80.03,9.68,2025-01-01,2025,1,28.8,23.3,26.05,temperature.xlsx
43404,JAFFNA,80.03,9.68,2025-02-01,2025,2,30.8,21.6,26.200000000000003,temperature.xlsx
43404,JAFFNA,80.03,9.68,2025-03-01,2025,3,32.7,23.8,28.25,temperature.xlsx
43404,JAFFNA,80.03,9.68,2025-04-01,2025,4,33.8,26.3,30.049999999999997,temperature.xlsx
43404,JAFFNA,80.03,9.68,2025-05-01,2025,5,33.1,27.6,30.35,temperature.xlsx
43404,JAFFNA,80.03,9.68,2025-06-01,2025,6,32.9,27.5,30.2,temperature.xlsx
43404,JAFFNA,80.03,9.68,2025-07-01,2025,7,33.4,27.1,30.25,temperature.xlsx
43404,JAFFNA,80.03,9.68,2025-08-01,2025,8,32.6,26.5,29.55,temperature.xlsx
43404,JAFFNA,80.03,9.68,2025-09-01,2025,9,32.3,26.6,29.45,temperature.xlsx
43404,JAFFNA,80.03,9.68,2025-10-01,2025,10,31.5,25.4,28.45,temperature.xlsx
43444,KATUGASTOTA,80.63,7.33,2021-01-01,2021,1,28.6,20.4,24.5,temperature.xlsx
43444,KATUGASTOTA,80.63,7.33,2021-02-01,2021,2,30.3,19.6,24.950000000000003,temperature.xlsx
43444,KATUGASTOTA,80.63,7.33,2021-03-01,2021,3,31.6,20.3,25.950000000000003,temperature.xlsx
43444,KATUGASTOTA,80.63,7.33,2021-04-01,2021,4,31.6,21.2,26.4,temperature.xlsx
43444,KATUGASTOTA,80.63,7.33,2021-05-01,2021,5,29.9,22.3,26.1,temperature.xlsx
43444,KATUGASTOTA,80.63,7.33,2021-06-01,2021,6,29.5,21.4,25.45,temperature.xlsx
43444,KATUGASTOTA,80.63,7.33,2021-07-01,2021,7,29.0,22.3,25.65,temperature.xlsx
43444,KATUGASTOTA,80.63,7.33,2021-08-01,2021,8,28.5,21.9,25.2,temperature.xlsx
43444,KATUGASTOTA,80.63,7.33,2021-09-01,2021,9,28.9,,,temperature.xlsx
43444,KATUGASTOTA,80.63,7.33,2021-10-01,2021,10,29.1,21.6,25.35,temperature.xlsx
43444,KATUGASTOTA,80.63,7.33,2021-11-01,2021,11,28.3,21.1,24.700000000000003,temperature.xlsx
43444,KATUGASTOTA,80.63,7.33,2021-12-01,2021,12,30.2,20.1,25.15,temperature.xlsx
43444,KATUGASTOTA,80.63,7.33,2022-01-01,2022,1,30.4,19.2,24.799999999999997,temperature.xlsx
43444,KATUGASTOTA,80.63,7.33,2022-02-01,2022,2,30.6,19.4,25.0,temperature.xlsx
43444,KATUGASTOTA,80.63,7.33,2022-03-01,2022,3,31.7,21.2,26.45,temperature.xlsx
43444,KATUGASTOTA,80.63,7.33,2022-04-01,2022,4,30.9,21.6,26.25,temperature.xlsx
43444,KATUGASTOTA,80.63,7.33,2022-06-01,2022,6,29.1,21.8,25.450000000000003,temperature.xlsx
43444,KATUGASTOTA,80.63,7.33,2022-07-01,2022,7,28.8,22.1,25.450000000000003,temperature.xlsx
43444,KATUGASTOTA,80.63,7.33,2022-08-01,2022,8,28.0,21.9,24.95,temperature.xlsx
43444,KATUGASTOTA,80.63,7.33,2022-09-01,2022,9,28.9,20.8,24.85,temperature.xlsx
43444,KATUGASTOTA,80.63,7.33,2022-10-01,2022,10,28.3,21.1,24.700000000000003,temperature.xlsx
43444,KATUGASTOTA,80.63,7.33,2022-11-01,2022,11,29.0,20.2,24.6,temperature.xlsx
43444,KATUGASTOTA,80.63,7.33,2022-12-01,2022,12,27.6,19.7,23.65,temperature.xlsx
43444,KATUGASTOTA,80.63,7.33,2023-01-01,2023,1,28.4,18.6,23.5,temperature.xlsx
43444,KATUGASTOTA,80.63,7.33,2023-02-01,2023,2,29.3,19.4,24.35,temperature.xlsx
43444,KATUGASTOTA,80.63,7.33,2023-03-01,2023,3,31.4,21.0,26.2,temperature.xlsx
43444,KATUGASTOTA,80.63,7.33,2023-04-01,2023,4,32.2,21.7,26.950000000000003,temperature.xlsx
43444,KATUGASTOTA,80.63,7.33,2023-05-01,2023,5,30.9,22.2,26.549999999999997,temperature.xlsx
43444,KATUGASTOTA,80.63,7.33,2023-06-01,2023,6,29.6,22.5,26.05,temperature.xlsx
43444,KATUGASTOTA,80.63,7.33,2023-07-01,2023,7,29.0,22.6,25.8,temperature.xlsx
43444,KATUGASTOTA,80.63,7.33,2023-08-01,2023,8,31.4,21.6,26.5,temperature.xlsx
43444,KATUGASTOTA,80.63,7.33,2023-09-01,2023,9,28.8,21.5,25.15,temperature.xlsx
43444,KATUGASTOTA,80.63,7.33,2023-10-01,2023,10,29.5,21.5,25.5,temperature.xlsx
43444,KATUGASTOTA,80.63,7.33,2023-11-01,2023,11,30.3,21.7,26.0,temperature.xlsx
43444,KATUGASTOTA,80.63,7.33,2023-12-01,2023,12,28.8,21.7,25.25,temperature.xlsx
43444,KATUGASTOTA,80.63,7.33,2024-01-01,2024,1,29.7,20.3,25.0,temperature.xlsx
43444,KATUGASTOTA,80.63,7.33,2024-02-01,2024,2,30.9,20.9,25.9,temperature.xlsx
43444,KATUGASTOTA,80.63,7.33,2024-03-01,2024,3,33.5,20.9,27.2,temperature.xlsx
43444,KATUGASTOTA,80.63,7.33,2024-04-01,2024,4,34.1,22.7,28.4,temperature.xlsx
43444,KATUGASTOTA,80.63,7.33,2024-05-01,2024,5,30.7,23.0,26.85,temperature.xlsx
43444,KATUGASTOTA,80.63,7.33,2024-06-01,2024,6,29.5,22.3,25.9,temperature.xlsx
43444,KATUGASTOTA,80.63,7.33,2024-07-01,2024,7,29.3,22.6,25.950000000000003,temperature.xlsx
43444,KATUGASTOTA,80.63,7.33,2024-08-01,2024,8,29.9,21.8,25.85,temperature.xlsx
43444,KATUGASTOTA,80.63,7.33,2024-09-01,2024,9,29.5,21.8,25.65,temperature.xlsx
43444,KATUGASTOTA,80.63,7.33,2024-10-01,2024,10,29.8,21.7,25.75,temperature.xlsx
43444,KATUGASTOTA,80.63,7.33,2024-11-01,2024,11,28.9,21.2,25.049999999999997,temperature.xlsx
43444,KATUGASTOTA,80.63,7.33,2024-12-01,2024,12,29.3,20.3,24.8,temperature.xlsx
43444,KATUGASTOTA,80.63,7.33,2025-01-01,2025,1,27.7,20.7,24.2,temperature.xlsx
43444,KATUGASTOTA,80.63,7.33,2025-02-01,2025,2,,19.5,,temperature.xlsx
43444,KATUGASTOTA,80.63,7.33,2025-03-01,2025,3,31.2,20.7,25.95,temperature.xlsx
43444,KATUGASTOTA,80.63,7.33,2025-04-01,2025,4,31.3,22.0,26.65,temperature.xlsx
43444,KATUGASTOTA,80.63,7.33,2025-05-01,2025,5,30.0,22.4,26.2,temperature.xlsx
43444,KATUGASTOTA,80.63,7.33,2025-06-01,2025,6,29.2,22.4,25.799999999999997,temperature.xlsx
43444,KATUGASTOTA,80.63,7.33,2025-07-01,2025,7,29.0,22.7,25.85,temperature.xlsx
43444,KATUGASTOTA,80.63,7.33,2025-08-01,2025,8,29.4,21.7,25.549999999999997,temperature.xlsx
43444,KATUGASTOTA,80.63,7.33,2025-09-01,2025,9,29.6,21.8,25.700000000000003,temperature.xlsx
43444,KATUGASTOTA,80.63,7.33,2025-10-01,2025,10,29.8,21.0,25.4,temperature.xlsx
43450,KATUNAYAKA,79.88,7.17,2021-01-01,2021,1,30.8,22.8,26.8,temperature.xlsx
43450,KATUNAYAKA,79.88,7.17,2021-02-01,2021,2,32.6,22.5,27.55,temperature.xlsx
43450,KATUNAYAKA,79.88,7.17,2021-03-01,2021,3,32.4,22.9,27.65,temperature.xlsx
43450,KATUNAYAKA,79.88,7.17,2021-04-01,2021,4,32.0,24.4,28.2,temperature.xlsx
43450,KATUNAYAKA,79.88,7.17,2021-05-01,2021,5,31.2,,,temperature.xlsx
43450,KATUNAYAKA,79.88,7.17,2021-06-01,2021,6,30.7,24.1,27.4,temperature.xlsx
43450,KATUNAYAKA,79.88,7.17,2021-07-01,2021,7,30.6,25.3,27.950000000000003,temperature.xlsx
43450,KATUNAYAKA,79.88,7.17,2021-08-01,2021,8,,25.5,,temperature.xlsx
43450,KATUNAYAKA,79.88,7.17,2021-09-01,2021,9,,25.3,,temperature.xlsx
43450,KATUNAYAKA,79.88,7.17,2021-10-01,2021,10,30.3,24.5,27.4,temperature.xlsx
43450,KATUNAYAKA,79.88,7.17,2021-11-01,2021,11,29.9,23.9,26.9,temperature.xlsx
43450,KATUNAYAKA,79.88,7.17,2021-12-01,2021,12,32.0,23.0,27.5,temperature.xlsx
43450,KATUNAYAKA,79.88,7.17,2022-01-01,2022,1,32.5,22.7,27.6,temperature.xlsx
43450,KATUNAYAKA,79.88,7.17,2022-02-01,2022,2,32.7,22.5,27.6,temperature.xlsx
43450,KATUNAYAKA,79.88,7.17,2022-03-01,2022,3,32.3,24.5,28.4,temperature.xlsx
43450,KATUNAYAKA,79.88,7.17,2022-04-01,2022,4,31.7,24.4,28.049999999999997,temperature.xlsx
43450,KATUNAYAKA,79.88,7.17,2022-06-01,2022,6,30.6,25.7,28.15,temperature.xlsx
43450,KATUNAYAKA,79.88,7.17,2022-07-01,2022,7,30.9,25.8,28.35,temperature.xlsx
43450,KATUNAYAKA,79.88,7.17,2022-08-01,2022,8,30.2,25.7,27.95,temperature.xlsx
43450,KATUNAYAKA,79.88,7.17,2022-09-01,2022,9,30.3,25.2,27.75,temperature.xlsx
43450,KATUNAYAKA,79.88,7.17,2022-10-01,2022,10,29.9,24.5,27.2,temperature.xlsx
43450,KATUNAYAKA,79.88,7.17,2022-11-01,2022,11,30.8,23.2,27.0,temperature.xlsx
43450,KATUNAYAKA,79.88,7.17,2022-12-01,2022,12,30.1,22.8,26.450000000000003,temperature.xlsx
43450,KATUNAYAKA,79.88,7.17,2023-01-01,2023,1,32.5,22.7,27.6,temperature.xlsx
43450,KATUNAYAKA,79.88,7.17,2023-02-01,2023,2,32.0,22.5,27.25,temperature.xlsx
43450,KATUNAYAKA,79.88,7.17,2023-03-01,2023,3,32.5,23.7,28.1,temperature.xlsx
43450,KATUNAYAKA,79.88,7.17,2023-04-01,2023,4,32.7,24.3,28.5,temperature.xlsx
43450,KATUNAYAKA,79.88,7.17,2023-05-01,2023,5,31.8,25.3,28.55,temperature.xlsx
43450,KATUNAYAKA,79.88,7.17,2023-06-01,2023,6,31.4,26.1,28.75,temperature.xlsx
43450,KATUNAYAKA,79.88,7.17,2023-07-01,2023,7,30.5,26.2,28.35,temperature.xlsx
43450,KATUNAYAKA,79.88,7.17,2023-08-01,2023,8,31.6,26.0,28.8,temperature.xlsx
43450,KATUNAYAKA,79.88,7.17,2023-09-01,2023,9,30.1,24.4,27.25,temperature.xlsx
43450,KATUNAYAKA,79.88,7.17,2023-10-01,2023,10,30.7,24.1,27.4,temperature.xlsx
43450,KATUNAYAKA,79.88,7.17,2023-11-01,2023,11,31.8,24.0,27.9,temperature.xlsx
43450,KATUNAYAKA,79.88,7.17,2023-12-01,2023,12,31.7,24.3,28.0,temperature.xlsx
43450,KATUNAYAKA,79.88,7.17,2024-01-01,2024,1,32.3,23.5,27.9,temperature.xlsx
43450,KATUNAYAKA,79.88,7.17,2024-02-01,2024,2,34.8,24.0,29.4,temperature.xlsx
43450,KATUNAYAKA,79.88,7.17,2024-03-01,2024,3,34.2,24.4,29.3,temperature.xlsx
43450,KATUNAYAKA,79.88,7.17,2024-04-01,2024,4,33.5,25.5,29.5,temperature.xlsx
43450,KATUNAYAKA,79.88,7.17,2024-05-01,2024,5,32.1,25.6,28.85,temperature.xlsx
43450,KATUNAYAKA,79.88,7.17,2024-06-01,2024,6,31.3,25.5,28.4,temperature.xlsx
43450,KATUNAYAKA,79.88,7.17,2024-07-01,2024,7,31.2,,,temperature.xlsx
43450,KATUNAYAKA,79.88,7.17,2024-08-01,2024,8,31.1,25.4,28.25,temperature.xlsx
43450,KATUNAYAKA,79.88,7.17,2024-09-01,2024,9,31.5,26.1,28.8,temperature.xlsx
43450,KATUNAYAKA,79.88,7.17,2024-10-01,2024,10,30.8,24.5,27.65,temperature.xlsx
43450,KATUNAYAKA,79.88,7.17,2024-11-01,2024,11,30.9,23.8,27.35,temperature.xlsx
43450,KATUNAYAKA,79.88,7.17,2024-12-01,2024,12,31.6,23.6,27.6,temperature.xlsx
43450,KATUNAYAKA,79.88,7.17,2025-01-01,2025,1,30.9,23.5,27.2,temperature.xlsx
43450,KATUNAYAKA,79.88,7.17,2025-02-01,2025,2,33.8,,,temperature.xlsx
43450,KATUNAYAKA,79.88,7.17,2025-03-01,2025,3,,23.8,,temperature.xlsx
43450,KATUNAYAKA,79.88,7.17,2025-04-01,2025,4,32.3,24.8,28.549999999999997,temperature.xlsx
43450,KATUNAYAKA,79.88,7.17,2025-05-01,2025,5,31.7,25.5,28.6,temperature.xlsx
43450,KATUNAYAKA,79.88,7.17,2025-06-01,2025,6,31.4,26.3,28.85,temperature.xlsx
43450,KATUNAYAKA,79.88,7.17,2025-07-01,2025,7,31.4,26.4,28.9,temperature.xlsx
43450,KATUNAYAKA,79.88,7.17,2025-08-01,2025,8,31.3,26.1,28.700000000000003,temperature.xlsx
43450,KATUNAYAKA,79.88,7.17,2025-09-01,2025,9,31.6,26.1,28.85,temperature.xlsx
43450,KATUNAYAKA,79.88,7.17,2025-10-01,2025,10,31.0,24.4,27.7,temperature.xlsx
43413,MANNAR,79.92,8.98,2021-01-01,2021,1,29.2,24.8,27.0,temperature.xlsx
43413,MANNAR,79.92,8.98,2021-02-01,2021,2,29.9,24.5,27.2,temperature.xlsx
43413,MANNAR,79.92,8.98,2021-03-01,2021,3,31.9,25.3,28.6,temperature.xlsx
43413,MANNAR,79.92,8.98,2021-04-01,2021,4,32.3,,,temperature.xlsx
43413,MANNAR,79.92,8.98,2021-05-01,2021,5,32.1,27.3,29.700000000000003,temperature.xlsx
43413,MANNAR,79.92,8.98,2021-06-01,2021,6,31.3,27.6,29.450000000000003,temperature.xlsx
43413,MANNAR,79.92,8.98,2021-07-01,2021,7,31.2,27.4,29.299999999999997,temperature.xlsx
43413,MANNAR,79.92,8.98,2021-08-01,2021,8,30.6,26.8,28.700000000000003,temperature.xlsx
43413,MANNAR,79.92,8.98,2021-09-01,2021,9,30.8,26.7,28.75,temperature.xlsx
43413,MANNAR,79.92,8.98,2021-10-01,2021,10,30.3,25.9,28.1,temperature.xlsx
43413,MANNAR,79.92,8.98,2021-11-01,2021,11,29.2,25.2,27.2,temperature.xlsx
43413,MANNAR,79.92,8.98,2021-12-01,2021,12,29.8,25.0,27.4,temperature.xlsx
43413,MANNAR,79.92,8.98,2022-01-01,2022,1,30.0,24.4,27.2,temperature.xlsx
43413,MANNAR,79.92,8.98,2022-02-01,2022,2,30.3,24.4,27.35,temperature.xlsx
43413,MANNAR,79.92,8.98,2022-03-01,2022,3,31.7,26.0,28.85,temperature.xlsx
43413,MANNAR,79.92,8.98,2022-04-01,2022,4,32.0,25.9,28.95,temperature.xlsx
43413,MANNAR,79.92,8.98,2022-06-01,2022,6,31.2,27.5,29.35,temperature.xlsx
43413,MANNAR,79.92,8.98,2022-07-01,2022,7,31.3,26.7,29.0,temperature.xlsx
43413,MANNAR,79.92,8.98,2022-08-01,2022,8,30.4,26.3,28.35,temperature.xlsx
43413,MANNAR,79.92,8.98,2022-09-01,2022,9,30.1,26.5,28.3,temperature.xlsx
43413,MANNAR,79.92,8.98,2022-10-01,2022,10,30.4,25.5,27.95,temperature.xlsx
43413,MANNAR,79.92,8.98,2022-11-01,2022,11,29.6,24.8,27.200000000000003,temperature.xlsx
43413,MANNAR,79.92,8.98,2022-12-01,2022,12,29.2,24.8,27.0,temperature.xlsx
43413,MANNAR,79.92,8.98,2023-01-01,2023,1,29.0,24.2,26.6,temperature.xlsx
43413,MANNAR,79.92,8.98,2023-02-01,2023,2,29.8,24.0,26.9,temperature.xlsx
43413,MANNAR,79.92,8.98,2023-03-01,2023,3,32.1,25.8,28.950000000000003,temperature.xlsx
43413,MANNAR,79.92,8.98,2023-04-01,2023,4,33.6,26.3,29.950000000000003,temperature.xlsx
43413,MANNAR,79.92,8.98,2023-05-01,2023,5,32.0,27.5,29.75,temperature.xlsx
43413,MANNAR,79.92,8.98,2023-06-01,2023,6,31.9,28.4,30.15,temperature.xlsx
43413,MANNAR,79.92,8.98,2023-07-01,2023,7,31.0,27.3,29.15,temperature.xlsx
43413,MANNAR,79.92,8.98,2023-08-01,2023,8,31.3,27.2,29.25,temperature.xlsx
43413,MANNAR,79.92,8.98,2023-09-01,2023,9,31.3,27.4,29.35,temperature.xlsx
43413,MANNAR,79.92,8.98,2023-10-01,2023,10,31.0,25.7,28.35,temperature.xlsx
43413,MANNAR,79.92,8.98,2023-11-01,2023,11,30.4,25.5,27.95,temperature.xlsx
43413,MANNAR,79.92,8.98,2023-12-01,2023,12,29.6,25.6,27.6,temperature.xlsx
43413,MANNAR,79.92,8.98,2024-01-01,2024,1,29.8,25.3,27.55,temperature.xlsx
43413,MANNAR,79.92,8.98,2024-02-01,2024,2,31.9,25.8,28.85,temperature.xlsx
43413,MANNAR,79.92,8.98,2024-03-01,2024,3,33.2,25.2,29.200000000000003,temperature.xlsx
43413,MANNAR,79.92,8.98,2024-04-01,2024,4,34.1,27.3,30.700000000000003,temperature.xlsx
43413,MANNAR,79.92,8.98,2024-05-01,2024,5,32.4,27.2,29.799999999999997,temperature.xlsx
43413,MANNAR,79.92,8.98,2024-06-01,2024,6,31.3,27.8,29.55,temperature.xlsx
43413,MANNAR,79.92,8.98,2024-07-01,2024,7,,28.1,,temperature.xlsx
43413,MANNAR,79.92,8.98,2024-08-01,2024,8,31.6,26.9,29.25,temperature.xlsx
43413,MANNAR,79.92,8.98,2024-09-01,2024,9,31.6,27.7,29.65,temperature.xlsx
43413,MANNAR,79.92,8.98,2024-10-01,2024,10,30.6,25.9,28.25,temperature.xlsx
43413,MANNAR,79.92,8.98,2024-11-01,2024,11,29.6,25.3,27.450000000000003,temperature.xlsx
43413,MANNAR,79.92,8.98,2024-12-01,2024,12,29.8,25.6,27.700000000000003,temperature.xlsx
43413,MANNAR,79.92,8.98,2025-01-01,2025,1,28.6,24.9,26.75,temperature.xlsx
43413,MANNAR,79.92,8.98,2025-02-01,2025,2,30.6,24.6,27.6,temperature.xlsx
43413,MANNAR,79.92,8.98,2025-03-01,2025,3,32.2,25.4,28.8,temperature.xlsx
43413,MANNAR,79.92,8.98,2025-04-01,2025,4,33.0,26.7,29.85,temperature.xlsx
43413,MANNAR,79.92,8.98,2025-05-01,2025,5,32.4,27.8,30.1,temperature.xlsx
43413,MANNAR,79.92,8.98,2025-06-01,2025,6,31.4,28.0,29.7,temperature.xlsx
43413,MANNAR,79.92,8.98,2025-07-01,2025,7,31.6,27.3,29.450000000000003,temperature.xlsx
43413,MANNAR,79.92,8.98,2025-08-01,2025,8,30.8,26.7,28.75,temperature.xlsx
43413,MANNAR,79.92,8.98,2025-09-01,2025,9,31.4,27.4,29.4,temperature.xlsx
43413,MANNAR,79.92,8.98,2025-10-01,2025,10,31.1,26.0,28.55,temperature.xlsx
43473,NUWARA ELIYA,80.77,6.97,2021-01-01,2021,1,19.4,11.7,15.549999999999999,temperature.xlsx
43473,NUWARA ELIYA,80.77,6.97,2021-02-01,2021,2,21.2,9.6,15.399999999999999,temperature.xlsx
43473,NUWARA ELIYA,80.77,6.97,2021-03-01,2021,3,21.0,11.3,16.15,temperature.xlsx
43473,NUWARA ELIYA,80.77,6.97,2021-04-01,2021,4,22.5,10.7,16.6,temperature.xlsx
43473,NUWARA ELIYA,80.77,6.97,2021-05-01,2021,5,20.9,13.5,17.2,temperature.xlsx
43473,NUWARA ELIYA,80.77,6.97,2021-06-01,2021,6,20.4,13.2,16.799999999999997,temperature.xlsx
43473,NUWARA ELIYA,80.77,6.97,2021-07-01,2021,7,19.5,13.6,16.55,temperature.xlsx
43473,NUWARA ELIYA,80.77,6.97,2021-08-01,2021,8,19.0,13.7,16.35,temperature.xlsx
43473,NUWARA ELIYA,80.77,6.97,2021-09-01,2021,9,19.5,13.4,16.45,temperature.xlsx
43473,NUWARA ELIYA,80.77,6.97,2021-10-01,2021,10,19.8,13.3,16.55,temperature.xlsx
43473,NUWARA ELIYA,80.77,6.97,2021-11-01,2021,11,19.2,13.2,16.2,temperature.xlsx
43473,NUWARA ELIYA,80.77,6.97,2021-12-01,2021,12,20.4,10.5,15.45,temperature.xlsx
43473,NUWARA ELIYA,80.77,6.97,2022-01-01,2022,1,20.4,10.3,15.35,temperature.xlsx
43473,NUWARA ELIYA,80.77,6.97,2022-02-01,2022,2,21.3,10.3,15.8,temperature.xlsx
43473,NUWARA ELIYA,80.77,6.97,2022-03-01,2022,3,21.7,11.8,16.75,temperature.xlsx
43473,NUWARA ELIYA,80.77,6.97,2022-04-01,2022,4,21.9,12.4,17.15,temperature.xlsx
43473,NUWARA ELIYA,80.77,6.97,2022-05-01,2022,5,19.7,14.3,17.0,temperature.xlsx
43473,NUWARA ELIYA,80.77,6.97,2022-06-01,2022,6,19.8,14.2,17.0,temperature.xlsx
43473,NUWARA ELIYA,80.77,6.97,2022-07-01,2022,7,19.2,13.8,16.5,temperature.xlsx
43473,NUWARA ELIYA,80.77,6.97,2022-08-01,2022,8,18.9,13.4,16.15,temperature.xlsx
43473,NUWARA ELIYA,80.77,6.97,2022-09-01,2022,9,19.6,12.7,16.15,temperature.xlsx
43473,NUWARA ELIYA,80.77,6.97,2022-10-01,2022,10,19.2,13.0,16.1,temperature.xlsx
43473,NUWARA ELIYA,80.77,6.97,2022-11-01,2022,11,20.2,12.3,16.25,temperature.xlsx
43473,NUWARA ELIYA,80.77,6.97,2022-12-01,2022,12,18.6,11.4,15.0,temperature.xlsx
43473,NUWARA ELIYA,80.77,6.97,2023-01-01,2023,1,19.4,10.2,14.799999999999999,temperature.xlsx
43473,NUWARA ELIYA,80.77,6.97,2023-02-01,2023,2,20.3,11.0,15.65,temperature.xlsx
43473,NUWARA ELIYA,80.77,6.97,2023-03-01,2023,3,21.3,12.0,16.65,temperature.xlsx
43473,NUWARA ELIYA,80.77,6.97,2023-04-01,2023,4,22.4,11.9,17.15,temperature.xlsx
43473,NUWARA ELIYA,80.77,6.97,2023-05-01,2023,5,22.2,13.5,17.85,temperature.xlsx
43473,NUWARA ELIYA,80.77,6.97,2023-06-01,2023,6,20.7,14.7,17.7,temperature.xlsx
43473,NUWARA ELIYA,80.77,6.97,2023-07-01,2023,7,19.5,14.3,16.9,temperature.xlsx
43473,NUWARA ELIYA,80.77,6.97,2023-08-01,2023,8,21.7,13.3,17.5,temperature.xlsx
43473,NUWARA ELIYA,80.77,6.97,2023-09-01,2023,9,19.0,14.2,16.6,temperature.xlsx
43473,NUWARA ELIYA,80.77,6.97,2023-10-01,2023,10,20.5,13.5,17.0,temperature.xlsx
43473,NUWARA ELIYA,80.77,6.97,2023-11-01,2023,11,21.0,13.4,17.2,temperature.xlsx
43473,NUWARA ELIYA,80.77,6.97,2023-12-01,2023,12,19.5,13.9,16.7,temperature.xlsx
43473,NUWARA ELIYA,80.77,6.97,2024-01-01,2024,1,20.5,11.5,16.0,temperature.xlsx
43473,NUWARA ELIYA,80.77,6.97,2024-02-01,2024,2,20.7,12.4,16.55,temperature.xlsx
43473,NUWARA ELIYA,80.77,6.97,2024-03-01,2024,3,23.3,11.0,17.15,temperature.xlsx
43473,NUWARA ELIYA,80.77,6.97,2024-04-01,2024,4,24.0,12.9,18.45,temperature.xlsx
43473,NUWARA ELIYA,80.77,6.97,2024-05-01,2024,5,21.6,14.0,17.8,temperature.xlsx
43473,NUWARA ELIYA,80.77,6.97,2024-06-01,2024,6,20.7,14.7,17.7,temperature.xlsx
43473,NUWARA ELIYA,80.77,6.97,2024-07-01,2024,7,19.4,14.7,17.049999999999997,temperature.xlsx
43473,NUWARA ELIYA,80.77,6.97,2024-08-01,2024,8,21.2,14.5,17.85,temperature.xlsx
43473,NUWARA ELIYA,80.77,6.97,2024-09-01,2024,9,19.6,14.3,16.950000000000003,temperature.xlsx
43473,NUWARA ELIYA,80.77,6.97,2024-10-01,2024,10,20.6,13.8,17.200000000000003,temperature.xlsx
43473,NUWARA ELIYA,80.77,6.97,2024-11-01,2024,11,20.1,13.1,16.6,temperature.xlsx
43473,NUWARA ELIYA,80.77,6.97,2024-12-01,2024,12,20.7,12.5,16.6,temperature.xlsx
43473,NUWARA ELIYA,80.77,6.97,2025-01-01,2025,1,18.3,13.3,15.8,temperature.xlsx
43473,NUWARA ELIYA,80.77,6.97,2025-02-01,2025,2,21.1,10.3,15.700000000000001,temperature.xlsx
43473,NUWARA ELIYA,80.77,6.97,2025-03-01,2025,3,21.4,11.9,16.65,temperature.xlsx
43473,NUWARA ELIYA,80.77,6.97,2025-04-01,2025,4,21.6,13.2,17.4,temperature.xlsx
43473,NUWARA ELIYA,80.77,6.97,2025-05-01,2025,5,20.6,14.2,17.4,temperature.xlsx
43473,NUWARA ELIYA,80.77,6.97,2025-06-01,2025,6,19.3,14.5,16.9,temperature.xlsx
43473,NUWARA ELIYA,80.77,6.97,2025-07-01,2025,7,18.9,14.2,16.549999999999997,temperature.xlsx
43473,NUWARA ELIYA,80.77,6.97,2025-08-01,2025,8,19.4,13.5,16.45,temperature.xlsx
43473,NUWARA ELIYA,80.77,6.97,2025-09-01,2025,9,19.3,14.0,16.65,temperature.xlsx
43473,NUWARA ELIYA,80.77,6.97,2025-10-01,2025,10,20.1,13.1,16.6,temperature.xlsx
43PPP,POLONNARUWA,81.05,7.87,2021-01-01,2021,1,29.6,22.7,26.15,temperature.xlsx
43PPP,POLONNARUWA,81.05,7.87,2021-02-01,2021,2,31.5,22.2,26.85,temperature.xlsx
43PPP,POLONNARUWA,81.05,7.87,2021-03-01,2021,3,32.6,22.7,27.65,temperature.xlsx
43PPP,POLONNARUWA,81.05,7.87,2021-04-01,2021,4,35.1,24.3,29.700000000000003,temperature.xlsx
43PPP,POLONNARUWA,81.05,7.87,2021-05-01,2021,5,34.1,25.5,29.8,temperature.xlsx
43PPP,POLONNARUWA,81.05,7.87,2021-06-01,2021,6,35.3,25.8,30.549999999999997,temperature.xlsx
43PPP,POLONNARUWA,81.05,7.87,2021-07-01,2021,7,35.2,26.1,30.650000000000002,temperature.xlsx
43PPP,POLONNARUWA,81.05,7.87,2021-08-01,2021,8,35.0,26.1,30.55,temperature.xlsx
43PPP,POLONNARUWA,81.05,7.87,2021-09-01,2021,9,35.1,25.7,30.4,temperature.xlsx
43PPP,POLONNARUWA,81.05,7.87,2021-10-01,2021,10,33.1,24.4,28.75,temperature.xlsx
43PPP,POLONNARUWA,81.05,7.87,2021-11-01,2021,11,31.2,23.6,27.4,temperature.xlsx
43PPP,POLONNARUWA,81.05,7.87,2021-12-01,2021,12,31.0,22.7,26.85,temperature.xlsx
43PPP,POLONNARUWA,81.05,7.87,2022-01-01,2022,1,30.7,22.0,26.35,temperature.xlsx
43PPP,POLONNARUWA,81.05,7.87,2022-02-01,2022,2,30.7,21.8,26.25,temperature.xlsx
43PPP,POLONNARUWA,81.05,7.87,2022-03-01,2022,3,33.3,23.5,28.4,temperature.xlsx
43PPP,POLONNARUWA,81.05,7.87,2022-04-01,2022,4,34.5,24.1,29.3,temperature.xlsx
43PPP,POLONNARUWA,81.05,7.87,2022-06-01,2022,6,34.5,25.9,30.2,temperature.xlsx
43PPP,POLONNARUWA,81.05,7.87,2022-07-01,2022,7,34.5,25.7,30.1,temperature.xlsx
43PPP,POLONNARUWA,81.05,7.87,2022-08-01,2022,8,33.9,25.4,29.65,temperature.xlsx
43PPP,POLONNARUWA,81.05,7.87,2022-09-01,2022,9,34.5,24.9,29.7,temperature.xlsx
43PPP,POLONNARUWA,81.05,7.87,2022-10-01,2022,10,33.1,24.2,28.65,temperature.xlsx
43PPP,POLONNARUWA,81.05,7.87,2022-11-01,2022,11,31.3,22.9,27.1,temperature.xlsx
43PPP,POLONNARUWA,81.05,7.87,2022-12-01,2022,12,29.3,22.5,25.9,temperature.xlsx
43PPP,POLONNARUWA,81.05,7.87,2023-01-01,2023,1,29.3,21.1,25.200000000000003,temperature.xlsx
43PPP,POLONNARUWA,81.05,7.87,2023-02-01,2023,2,30.2,21.8,26.0,temperature.xlsx
43PPP,POLONNARUWA,81.05,7.87,2023-03-01,2023,3,32.7,23.3,28.0,temperature.xlsx
43PPP,POLONNARUWA,81.05,7.87,2023-04-01,2023,4,35.1,24.1,29.6,temperature.xlsx
43PPP,POLONNARUWA,81.05,7.87,2023-05-01,2023,5,34.5,25.0,29.75,temperature.xlsx
43PPP,POLONNARUWA,81.05,7.87,2023-06-01,2023,6,35.5,26.8,31.15,temperature.xlsx
43PPP,POLONNARUWA,81.05,7.87,2023-07-01,2023,7,35.5,27.0,31.25,temperature.xlsx
43PPP,POLONNARUWA,81.05,7.87,2023-08-01,2023,8,37.2,25.9,31.55,temperature.xlsx
43PPP,POLONNARUWA,81.05,7.87,2023-09-01,2023,9,35.5,25.9,30.7,temperature.xlsx
43PPP,POLONNARUWA,81.05,7.87,2023-10-01,2023,10,33.2,24.1,28.650000000000002,temperature.xlsx
43PPP,POLONNARUWA,81.05,7.87,2023-11-01,2023,11,31.7,24.1,27.9,temperature.xlsx
43PPP,POLONNARUWA,81.05,7.87,2023-12-01,2023,12,30.3,24.0,27.15,temperature.xlsx
43PPP,POLONNARUWA,81.05,7.87,2024-01-01,2024,1,30.0,22.9,26.45,temperature.xlsx
43PPP,POLONNARUWA,81.05,7.87,2024-02-01,2024,2,32.0,23.0,27.5,temperature.xlsx
43PPP,POLONNARUWA,81.05,7.87,2024-03-01,2024,3,34.1,23.2,28.65,temperature.xlsx
43PPP,POLONNARUWA,81.05,7.87,2024-04-01,2024,4,35.6,25.3,30.450000000000003,temperature.xlsx
43PPP,POLONNARUWA,81.05,7.87,2024-05-01,2024,5,34.5,26.0,30.25,temperature.xlsx
43PPP,POLONNARUWA,81.05,7.87,2024-06-01,2024,6,34.8,26.1,30.45,temperature.xlsx
43PPP,POLONNARUWA,81.05,7.87,2024-07-01,2024,7,36.0,27.0,31.5,temperature.xlsx
43PPP,POLONNARUWA,81.05,7.87,2024-08-01,2024,8,,25.3,,temperature.xlsx
43PPP,POLONNARUWA,81.05,7.87,2024-09-01,2024,9,36.0,26.9,31.45,temperature.xlsx
43PPP,POLONNARUWA,81.05,7.87,2024-10-01,2024,10,33.8,,,temperature.xlsx
43PPP,POLONNARUWA,81.05,7.87,2024-11-01,2024,11,30.9,23.6,27.25,temperature.xlsx
43PPP,POLONNARUWA,81.05,7.87,2024-12-01,2024,12,31.5,23.6,27.55,temperature.xlsx
43PPP,POLONNARUWA,81.05,7.87,2025-01-01,2025,1,29.1,23.0,26.05,temperature.xlsx
43PPP,POLONNARUWA,81.05,7.87,2025-02-01,2025,2,31.7,22.0,26.85,temperature.xlsx
43PPP,POLONNARUWA,81.05,7.87,2025-03-01,2025,3,33.0,23.4,28.2,temperature.xlsx
43PPP,POLONNARUWA,81.05,7.87,2025-04-01,2025,4,34.4,24.4,29.4,temperature.xlsx
43PPP,POLONNARUWA,81.05,7.87,2025-05-01,2025,5,34.3,25.4,29.849999999999998,temperature.xlsx
43PPP,POLONNARUWA,81.05,7.87,2025-06-01,2025,6,35.2,26.6,30.900000000000002,temperature.xlsx
43PPP,POLONNARUWA,81.05,7.87,2025-07-01,2025,7,35.9,26.8,31.35,temperature.xlsx
43PPP,POLONNARUWA,81.05,7.87,2025-08-01,2025,8,35.3,25.2,30.25,temperature.xlsx
43PPP,POLONNARUWA,81.05,7.87,2025-09-01,2025,9,36.4,26.3,31.35,temperature.xlsx
43PPP,POLONNARUWA,81.05,7.87,2025-10-01,2025,10,34.0,23.9,28.95,temperature.xlsx
43424,PUTTALAM,79.83,8.03,2021-01-01,2021,1,30.8,22.8,26.8,temperature.xlsx
43424,PUTTALAM,79.83,8.03,2021-02-01,2021,2,31.7,21.9,26.799999999999997,temperature.xlsx
43424,PUTTALAM,79.83,8.03,2021-03-01,2021,3,33.6,23.3,28.450000000000003,temperature.xlsx
43424,PUTTALAM,79.83,8.03,2021-04-01,2021,4,33.0,25.2,29.1,temperature.xlsx
43424,PUTTALAM,79.83,8.03,2021-05-01,2021,5,31.8,25.6,28.700000000000003,temperature.xlsx
43424,PUTTALAM,79.83,8.03,2021-06-01,2021,6,31.5,26.8,29.15,temperature.xlsx
43424,PUTTALAM,79.83,8.03,2021-07-01,2021,7,31.8,26.6,29.200000000000003,temperature.xlsx
43424,PUTTALAM,79.83,8.03,2021-08-01,2021,8,31.5,26.3,28.9,temperature.xlsx
43424,PUTTALAM,79.83,8.03,2021-09-01,2021,9,32.2,26.8,29.5,temperature.xlsx
43424,PUTTALAM,79.83,8.03,2021-10-01,2021,10,31.1,25.2,28.15,temperature.xlsx
43424,PUTTALAM,79.83,8.03,2021-12-01,2021,12,31.5,22.8,27.15,temperature.xlsx
43424,PUTTALAM,79.83,8.03,2022-01-01,2022,1,31.7,22.7,27.2,temperature.xlsx
43424,PUTTALAM,79.83,8.03,2022-02-01,2022,2,31.7,21.9,26.799999999999997,temperature.xlsx
43424,PUTTALAM,79.83,8.03,2022-03-01,2022,3,32.3,24.3,28.299999999999997,temperature.xlsx
43424,PUTTALAM,79.83,8.03,2022-04-01,2022,4,32.7,24.7,28.700000000000003,temperature.xlsx
43424,PUTTALAM,79.83,8.03,2022-06-01,2022,6,31.2,26.7,28.95,temperature.xlsx
43424,PUTTALAM,79.83,8.03,2022-07-01,2022,7,31.3,25.8,28.55,temperature.xlsx
43424,PUTTALAM,79.83,8.03,2022-08-01,2022,8,30.9,25.9,28.4,temperature.xlsx
43424,PUTTALAM,79.83,8.03,2022-09-01,2022,9,31.3,25.9,28.6,temperature.xlsx
43424,PUTTALAM,79.83,8.03,2022-10-01,2022,10,30.9,24.8,27.85,temperature.xlsx
43424,PUTTALAM,79.83,8.03,2022-11-01,2022,11,30.8,23.0,26.9,temperature.xlsx
43424,PUTTALAM,79.83,8.03,2022-12-01,2022,12,30.3,22.9,26.6,temperature.xlsx
43424,PUTTALAM,79.83,8.03,2023-01-01,2023,1,30.6,21.2,25.9,temperature.xlsx
43424,PUTTALAM,79.83,8.03,2023-02-01,2023,2,31.9,21.8,26.85,temperature.xlsx
43424,PUTTALAM,79.83,8.03,2023-03-01,2023,3,33.2,,,temperature.xlsx
43424,PUTTALAM,79.83,8.03,2023-04-01,2023,4,34.0,24.7,29.35,temperature.xlsx
43424,PUTTALAM,79.83,8.03,2023-05-01,2023,5,32.7,26.2,29.450000000000003,temperature.xlsx
43424,PUTTALAM,79.83,8.03,2023-06-01,2023,6,32.5,27.9,30.2,temperature.xlsx
43424,PUTTALAM,79.83,8.03,2023-07-01,2023,7,32.0,27.0,29.5,temperature.xlsx
43424,PUTTALAM,79.83,8.03,2023-08-01,2023,8,32.9,26.9,29.9,temperature.xlsx
43424,PUTTALAM,79.83,8.03,2023-09-01,2023,9,31.5,25.8,28.65,temperature.xlsx
43424,PUTTALAM,79.83,8.03,2023-10-01,2023,10,31.2,24.4,27.799999999999997,temperature.xlsx
43424,PUTTALAM,79.83,8.03,2023-11-01,2023,11,,24.2,,temperature.xlsx
43424,PUTTALAM,79.83,8.03,2023-12-01,2023,12,31.2,24.3,27.75,temperature.xlsx
43424,PUTTALAM,79.83,8.03,2024-01-01,2024,1,31.4,,,temperature.xlsx
43424,PUTTALAM,79.83,8.03,2024-02-01,2024,2,34.1,23.3,28.700000000000003,temperature.xlsx
43424,PUTTALAM,79.83,8.03,2024-03-01,2024,3,35.1,23.9,29.5,temperature.xlsx
43424,PUTTALAM,79.83,8.03,2024-04-01,2024,4,35.1,25.9,30.5,temperature.xlsx
43424,PUTTALAM,79.83,8.03,2024-06-01,2024,6,31.8,26.7,29.25,temperature.xlsx
43424,PUTTALAM,79.83,8.03,2024-07-01,2024,7,32.1,27.2,29.65,temperature.xlsx
43424,PUTTALAM,79.83,8.03,2024-08-01,2024,8,32.2,26.2,29.200000000000003,temperature.xlsx
43424,PUTTALAM,79.83,8.03,2024-09-01,2024,9,32.0,27.2,29.6,temperature.xlsx
43424,PUTTALAM,79.83,8.03,2024-10-01,2024,10,31.1,25.1,28.1,temperature.xlsx
43424,PUTTALAM,79.83,8.03,2024-11-01,2024,11,30.7,23.9,27.299999999999997,temperature.xlsx
43424,PUTTALAM,79.83,8.03,2024-12-01,2024,12,31.5,23.7,27.6,temperature.xlsx
43424,PUTTALAM,79.83,8.03,2025-01-01,2025,1,30.1,22.8,26.450000000000003,temperature.xlsx
43424,PUTTALAM,79.83,8.03,2025-02-01,2025,2,32.9,22.2,27.549999999999997,temperature.xlsx
43424,PUTTALAM,79.83,8.03,2025-03-01,2025,3,32.9,,,temperature.xlsx
43424,PUTTALAM,79.83,8.03,2025-04-01,2025,4,32.9,25.4,29.15,temperature.xlsx
43424,PUTTALAM,79.83,8.03,2025-05-01,2025,5,32.6,26.8,29.700000000000003,temperature.xlsx
43424,PUTTALAM,79.83,8.03,2025-06-01,2025,6,31.8,27.2,29.5,temperature.xlsx
43424,PUTTALAM,79.83,8.03,2025-07-01,2025,7,31.9,26.5,29.2,temperature.xlsx
43424,PUTTALAM,79.83,8.03,2025-08-01,2025,8,31.8,26.2,29.0,temperature.xlsx
43424,PUTTALAM,79.83,8.03,2025-09-01,2025,9,32.3,26.8,29.549999999999997,temperature.xlsx
43424,PUTTALAM,79.83,8.03,2025-10-01,2025,10,31.6,24.9,28.25,temperature.xlsx
43486,RATNAPURA,80.4,6.68,2021-01-01,2021,1,31.7,22.8,27.25,temperature.xlsx
43486,RATNAPURA,80.4,6.68,2021-02-01,2021,2,33.7,22.4,28.05,temperature.xlsx
43486,RATNAPURA,80.4,6.68,2021-03-01,2021,3,33.6,22.5,28.05,temperature.xlsx
43486,RATNAPURA,80.4,6.68,2021-04-01,2021,4,33.8,23.4,28.599999999999998,temperature.xlsx
43486,RATNAPURA,80.4,6.68,2021-05-01,2021,5,32.0,23.7,27.85,temperature.xlsx
43486,RATNAPURA,80.4,6.68,2021-06-01,2021,6,31.5,23.6,27.55,temperature.xlsx
43486,RATNAPURA,80.4,6.68,2021-07-01,2021,7,30.7,23.9,27.299999999999997,temperature.xlsx
43486,RATNAPURA,80.4,6.68,2021-08-01,2021,8,30.5,23.7,27.1,temperature.xlsx
43486,RATNAPURA,80.4,6.68,2021-09-01,2021,9,30.8,23.5,27.15,temperature.xlsx
43486,RATNAPURA,80.4,6.68,2021-10-01,2021,10,30.9,23.3,27.1,temperature.xlsx
43486,RATNAPURA,80.4,6.68,2021-11-01,2021,11,30.3,22.9,26.6,temperature.xlsx
43486,RATNAPURA,80.4,6.68,2021-12-01,2021,12,32.7,22.6,27.650000000000002,temperature.xlsx
43486,RATNAPURA,80.4,6.68,2022-01-01,2022,1,33.3,22.0,27.65,temperature.xlsx
43486,RATNAPURA,80.4,6.68,2022-02-01,2022,2,33.5,22.4,27.95,temperature.xlsx
43486,RATNAPURA,80.4,6.68,2022-03-01,2022,3,33.6,23.3,28.450000000000003,temperature.xlsx
43486,RATNAPURA,80.4,6.68,2022-04-01,2022,4,33.4,23.3,28.35,temperature.xlsx
43486,RATNAPURA,80.4,6.68,2022-05-01,2022,5,31.1,24.2,27.65,temperature.xlsx
43486,RATNAPURA,80.4,6.68,2022-06-01,2022,6,31.3,23.8,27.55,temperature.xlsx
43486,RATNAPURA,80.4,6.68,2022-07-01,2022,7,31.2,24.1,27.65,temperature.xlsx
43486,RATNAPURA,80.4,6.68,2022-08-01,2022,8,30.5,23.7,27.1,temperature.xlsx
43486,RATNAPURA,80.4,6.68,2022-09-01,2022,9,31.7,23.1,27.4,temperature.xlsx
43486,RATNAPURA,80.4,6.68,2022-10-01,2022,10,30.2,23.1,26.65,temperature.xlsx
43486,RATNAPURA,80.4,6.68,2022-11-01,2022,11,32.0,22.4,27.2,temperature.xlsx
43486,RATNAPURA,80.4,6.68,2022-12-01,2022,12,31.2,22.1,26.65,temperature.xlsx
43486,RATNAPURA,80.4,6.68,2023-01-01,2023,1,32.0,21.6,26.8,temperature.xlsx
43486,RATNAPURA,80.4,6.68,2023-02-01,2023,2,32.9,22.6,27.75,temperature.xlsx
43486,RATNAPURA,80.4,6.68,2023-03-01,2023,3,33.6,22.7,28.15,temperature.xlsx
43486,RATNAPURA,80.4,6.68,2023-04-01,2023,4,34.1,23.2,28.65,temperature.xlsx
43486,RATNAPURA,80.4,6.68,2023-05-01,2023,5,32.8,24.1,28.45,temperature.xlsx
43486,RATNAPURA,80.4,6.68,2023-06-01,2023,6,31.5,24.2,27.85,temperature.xlsx
43486,RATNAPURA,80.4,6.68,2023-07-01,2023,7,31.2,24.3,27.75,temperature.xlsx
43486,RATNAPURA,80.4,6.68,2023-08-01,2023,8,33.8,24.0,28.9,temperature.xlsx
43486,RATNAPURA,80.4,6.68,2023-09-01,2023,9,30.4,22.9,26.65,temperature.xlsx
43486,RATNAPURA,80.4,6.68,2023-10-01,2023,10,31.7,22.9,27.299999999999997,temperature.xlsx
43486,RATNAPURA,80.4,6.68,2023-11-01,2023,11,33.0,23.0,28.0,temperature.xlsx
43486,RATNAPURA,80.4,6.68,2023-12-01,2023,12,32.0,23.0,27.5,temperature.xlsx
43486,RATNAPURA,80.4,6.68,2024-01-01,2024,1,33.0,22.3,27.65,temperature.xlsx
43486,RATNAPURA,80.4,6.68,2024-02-01,2024,2,34.7,22.3,28.5,temperature.xlsx
43486,RATNAPURA,80.4,6.68,2024-03-01,2024,3,35.8,23.9,29.849999999999998,temperature.xlsx
43486,RATNAPURA,80.4,6.68,2024-04-01,2024,4,35.1,24.6,29.85,temperature.xlsx
43486,RATNAPURA,80.4,6.68,2024-05-01,2024,5,32.9,24.9,28.9,temperature.xlsx
43486,RATNAPURA,80.4,6.68,2024-06-01,2024,6,31.6,24.3,27.950000000000003,temperature.xlsx
43486,RATNAPURA,80.4,6.68,2024-07-01,2024,7,32.2,24.4,28.3,temperature.xlsx
43486,RATNAPURA,80.4,6.68,2024-08-01,2024,8,32.2,24.0,28.1,temperature.xlsx
43486,RATNAPURA,80.4,6.68,2024-09-01,2024,9,32.0,24.2,28.1,temperature.xlsx
43486,RATNAPURA,80.4,6.68,2024-10-01,2024,10,32.0,23.7,27.85,temperature.xlsx
43486,RATNAPURA,80.4,6.68,2024-11-01,2024,11,31.7,23.2,27.45,temperature.xlsx
43486,RATNAPURA,80.4,6.68,2024-12-01,2024,12,32.7,23.2,27.950000000000003,temperature.xlsx
43486,RATNAPURA,80.4,6.68,2025-01-01,2025,1,30.9,23.3,27.1,temperature.xlsx
43486,RATNAPURA,80.4,6.68,2025-02-01,2025,2,35.1,22.7,28.9,temperature.xlsx
43486,RATNAPURA,80.4,6.68,2025-03-01,2025,3,33.7,23.2,28.450000000000003,temperature.xlsx
43486,RATNAPURA,80.4,6.68,2025-04-01,2025,4,33.5,24.1,28.8,temperature.xlsx
43486,RATNAPURA,80.4,6.68,2025-05-01,2025,5,32.1,24.3,28.200000000000003,temperature.xlsx
43486,RATNAPURA,80.4,6.68,2025-06-01,2025,6,31.9,24.3,28.1,temperature.xlsx
43486,RATNAPURA,80.4,6.68,2025-07-01,2025,7,31.6,24.4,28.0,temperature.xlsx
43486,RATNAPURA,80.4,6.68,2025-08-01,2025,8,32.0,24.1,28.05,temperature.xlsx
43486,RATNAPURA,80.4,6.68,2025-09-01,2025,9,32.2,23.9,28.05,temperature.xlsx
43486,RATNAPURA,80.4,6.68,2025-10-01,2025,10,32.3,23.3,27.799999999999997,temperature.xlsx
43418,TRINCOMALEE,81.25,8.58,2021-01-01,2021,1,28.8,24.0,26.4,temperature.xlsx
43418,TRINCOMALEE,81.25,8.58,2021-02-01,2021,2,29.4,23.9,26.65,temperature.xlsx
43418,TRINCOMALEE,81.25,8.58,2021-03-01,2021,3,31.8,24.6,28.200000000000003,temperature.xlsx
43418,TRINCOMALEE,81.25,8.58,2021-04-01,2021,4,34.2,25.1,29.650000000000002,temperature.xlsx
43418,TRINCOMALEE,81.25,8.58,2021-05-01,2021,5,33.7,26.0,29.85,temperature.xlsx
43418,TRINCOMALEE,81.25,8.58,2021-06-01,2021,6,35.0,26.0,30.5,temperature.xlsx
43418,TRINCOMALEE,81.25,8.58,2021-07-01,2021,7,34.6,25.8,30.200000000000003,temperature.xlsx
43418,TRINCOMALEE,81.25,8.58,2021-08-01,2021,8,34.5,25.6,30.05,temperature.xlsx
43418,TRINCOMALEE,81.25,8.58,2021-09-01,2021,9,34.4,25.5,29.95,temperature.xlsx
43418,TRINCOMALEE,81.25,8.58,2021-10-01,2021,10,31.8,24.8,28.3,temperature.xlsx
43418,TRINCOMALEE,81.25,8.58,2021-11-01,2021,11,30.0,24.0,27.0,temperature.xlsx
43418,TRINCOMALEE,81.25,8.58,2021-12-01,2021,12,,23.9,,temperature.xlsx
43418,TRINCOMALEE,81.25,8.58,2022-01-01,2022,1,29.3,23.1,26.200000000000003,temperature.xlsx
43418,TRINCOMALEE,81.25,8.58,2022-02-01,2022,2,29.4,23.5,26.45,temperature.xlsx
43418,TRINCOMALEE,81.25,8.58,2022-03-01,2022,3,31.1,24.7,27.9,temperature.xlsx
43418,TRINCOMALEE,81.25,8.58,2022-04-01,2022,4,32.6,24.6,28.6,temperature.xlsx
43418,TRINCOMALEE,81.25,8.58,2022-06-01,2022,6,34.1,25.7,29.9,temperature.xlsx
43418,TRINCOMALEE,81.25,8.58,2022-07-01,2022,7,33.6,25.3,29.450000000000003,temperature.xlsx
43418,TRINCOMALEE,81.25,8.58,2022-08-01,2022,8,33.4,25.0,29.2,temperature.xlsx
43418,TRINCOMALEE,81.25,8.58,2022-09-01,2022,9,34.1,24.7,29.4,temperature.xlsx
43418,TRINCOMALEE,81.25,8.58,2022-10-01,2022,10,31.9,24.1,28.0,temperature.xlsx
43418,TRINCOMALEE,81.25,8.58,2022-11-01,2022,11,29.6,23.3,26.450000000000003,temperature.xlsx
43418,TRINCOMALEE,81.25,8.58,2022-12-01,2022,12,28.6,23.5,26.05,temperature.xlsx
43418,TRINCOMALEE,81.25,8.58,2023-01-01,2023,1,28.4,22.9,25.65,temperature.xlsx
43418,TRINCOMALEE,81.25,8.58,2023-02-01,2023,2,29.3,23.9,26.6,temperature.xlsx
43418,TRINCOMALEE,81.25,8.58,2023-03-01,2023,3,31.0,24.8,27.9,temperature.xlsx
43418,TRINCOMALEE,81.25,8.58,2023-04-01,2023,4,33.7,,,temperature.xlsx
43418,TRINCOMALEE,81.25,8.58,2023-05-01,2023,5,33.9,25.4,29.65,temperature.xlsx
43418,TRINCOMALEE,81.25,8.58,2023-06-01,2023,6,35.4,26.7,31.049999999999997,temperature.xlsx
43418,TRINCOMALEE,81.25,8.58,2023-07-01,2023,7,35.3,26.5,30.9,temperature.xlsx
43418,TRINCOMALEE,81.25,8.58,2023-08-01,2023,8,36.7,25.6,31.150000000000002,temperature.xlsx
43418,TRINCOMALEE,81.25,8.58,2023-09-01,2023,9,34.4,25.5,29.95,temperature.xlsx
43418,TRINCOMALEE,81.25,8.58,2023-10-01,2023,10,32.0,24.2,28.1,temperature.xlsx
43418,TRINCOMALEE,81.25,8.58,2023-11-01,2023,11,30.4,24.7,27.549999999999997,temperature.xlsx
43418,TRINCOMALEE,81.25,8.58,2023-12-01,2023,12,29.5,24.9,27.2,temperature.xlsx
43418,TRINCOMALEE,81.25,8.58,2024-01-01,2024,1,29.3,24.6,26.950000000000003,temperature.xlsx
43418,TRINCOMALEE,81.25,8.58,2024-02-01,2024,2,31.3,25.7,28.5,temperature.xlsx
43418,TRINCOMALEE,81.25,8.58,2024-03-01,2024,3,33.1,24.8,28.950000000000003,temperature.xlsx
43418,TRINCOMALEE,81.25,8.58,2024-04-01,2024,4,34.7,26.2,30.450000000000003,temperature.xlsx
43418,TRINCOMALEE,81.25,8.58,2024-05-01,2024,5,34.2,26.4,30.3,temperature.xlsx
43418,TRINCOMALEE,81.25,8.58,2024-06-01,2024,6,34.4,26.4,30.4,temperature.xlsx
43418,TRINCOMALEE,81.25,8.58,2024-07-01,2024,7,35.9,26.8,31.35,temperature.xlsx
43418,TRINCOMALEE,81.25,8.58,2024-08-01,2024,8,33.7,25.2,29.450000000000003,temperature.xlsx
43418,TRINCOMALEE,81.25,8.58,2024-09-01,2024,9,,26.3,,temperature.xlsx
43418,TRINCOMALEE,81.25,8.58,2024-10-01,2024,10,32.8,24.4,28.599999999999998,temperature.xlsx
43418,TRINCOMALEE,81.25,8.58,2024-11-01,2024,11,29.6,23.8,26.700000000000003,temperature.xlsx
43418,TRINCOMALEE,81.25,8.58,2024-12-01,2024,12,30.2,24.0,27.1,temperature.xlsx
43418,TRINCOMALEE,81.25,8.58,2025-01-01,2025,1,28.6,24.0,26.3,temperature.xlsx
43418,TRINCOMALEE,81.25,8.58,2025-02-01,2025,2,30.6,23.6,27.1,temperature.xlsx
43418,TRINCOMALEE,81.25,8.58,2025-03-01,2025,3,31.5,24.6,28.05,temperature.xlsx
43418,TRINCOMALEE,81.25,8.58,2025-04-01,2025,4,34.1,24.9,29.5,temperature.xlsx
43418,TRINCOMALEE,81.25,8.58,2025-05-01,2025,5,34.1,25.7,29.9,temperature.xlsx
43418,TRINCOMALEE,81.25,8.58,2025-06-01,2025,6,35.0,26.6,30.8,temperature.xlsx
43418,TRINCOMALEE,81.25,8.58,2025-07-01,2025,7,35.6,26.5,31.05,temperature.xlsx
43418,TRINCOMALEE,81.25,8.58,2025-08-01,2025,8,34.7,25.5,30.1,temperature.xlsx
43418,TRINCOMALEE,81.25,8.58,2025-09-01,2025,9,35.1,26.0,30.55,temperature.xlsx
43418,TRINCOMALEE,81.25,8.58,2025-10-01,2025,10,32.7,24.4,28.55,temperature.xlsx
