station_id,station_name,latitude,longitude,observation_date,rainfall_mm,temperature_min_c,temperature_max_c,humidity_percent,district_id,district_name,resolution_status
01AM493B,THIRUKKOVIL,,,2021-02-01,175.39999961853,,,,,,UNRESOLVED_NO_COORDINATES
01AM493B,THIRUKKOVIL,,,2021-03-01,65.0,,,,,,UNRESOLVED_NO_COORDINATES
01AM493B,THIRUKKOVIL,,,2021-04-01,173.5,,,,,,UNRESOLVED_NO_COORDINATES
01AM493B,THIRUKKOVIL,,,2021-05-01,97.2000007629395,,,,,,UNRESOLVED_NO_COORDINATES
01AM493B,THIRUKKOVIL,,,2021-06-01,14.1999998092651,,,,,,UNRESOLVED_NO_COORDINATES
01AM493B,THIRUKKOVIL,,,2021-07-01,35.3999996185303,,,,,,UNRESOLVED_NO_COORDINATES
01AM493B,THIRUKKOVIL,,,2021-08-01,0.0,,,,,,UNRESOLVED_NO_COORDINATES
01AM493B,THIRUKKOVIL,,,2021-09-01,23.5,,,,,,UNRESOLVED_NO_COORDINATES
01AM493B,THIRUKKOVIL,,,2021-10-01,17.0,,,,,,UNRESOLVED_NO_COORDINATES
01AM493B,THIRUKKOVIL,,,2021-11-01,489.099999427795,,,,,,UNRESOLVED_NO_COORDINATES
01AM493B,THIRUKKOVIL,,,2021-12-01,165.0,,,,,,UNRESOLVED_NO_COORDINATES
01AM493B,THIRUKKOVIL,,,2022-01-01,125.599998474121,,,,,,UNRESOLVED_NO_COORDINATES
01AM493B,THIRUKKOVIL,,,2022-02-01,239.999999046326,,,,,,UNRESOLVED_NO_COORDINATES
01AM493B,THIRUKKOVIL,,,2022-03-01,0.0,,,,,,UNRESOLVED_NO_COORDINATES
01AM493B,THIRUKKOVIL,,,2022-04-01,0.0,,,,,,UNRESOLVED_NO_COORDINATES
01AM493B,THIRUKKOVIL,,,2022-05-01,0.0,,,,,,UNRESOLVED_NO_COORDINATES
01AM493B,THIRUKKOVIL,,,2022-06-01,0.0,,,,,,UNRESOLVED_NO_COORDINATES
01AM493B,THIRUKKOVIL,,,2022-07-01,13.6000003814697,,,,,,UNRESOLVED_NO_COORDINATES
01AM493B,THIRUKKOVIL,,,2022-08-01,0.0,,,,,,UNRESOLVED_NO_COORDINATES
01AM493B,THIRUKKOVIL,,,2022-09-01,0.0,,,,,,UNRESOLVED_NO_COORDINATES
01AM493B,THIRUKKOVIL,,,2022-10-01,127.999997138977,,,,,,UNRESOLVED_NO_COORDINATES
01AM493B,THIRUKKOVIL,,,2022-11-01,160.799997329712,,,,,,UNRESOLVED_NO_COORDINATES
01AM493B,THIRUKKOVIL,,,2022-12-01,184.800001144409,,,,,,UNRESOLVED_NO_COORDINATES
01AM493B,THIRUKKOVIL,,,2023-01-01,68.7999992370605,,,,,,UNRESOLVED_NO_COORDINATES
01AM493B,THIRUKKOVIL,,,2023-02-01,244.399993896484,,,,,,UNRESOLVED_NO_COORDINATES
01AM493B,THIRUKKOVIL,,,2023-04-01,59.6999998092651,,,,,,UNRESOLVED_NO_COORDINATES
01AM493B,THIRUKKOVIL,,,2023-05-01,0.0,,,,,,UNRESOLVED_NO_COORDINATES
01AM493B,THIRUKKOVIL,,,2023-06-01,0.0,,,,,,UNRESOLVED_NO_COORDINATES
01AM493B,THIRUKKOVIL,,,2023-07-01,0.0,,,,,,UNRESOLVED_NO_COORDINATES
01AM493B,THIRUKKOVIL,,,2023-08-01,11.5,,,,,,UNRESOLVED_NO_COORDINATES
01AM493B,THIRUKKOVIL,,,2023-09-01,33.2999992370605,,,,,,UNRESOLVED_NO_COORDINATES
01AM493B,THIRUKKOVIL,,,2023-10-01,130.199998855591,,,,,,UNRESOLVED_NO_COORDINATES
01AM493B,THIRUKKOVIL,,,2023-11-01,171.900001525879,,,,,,UNRESOLVED_NO_COORDINATES
01AM493B,THIRUKKOVIL,,,2023-12-01,395.299998283386,,,,,,UNRESOLVED_NO_COORDINATES
01AM493B,THIRUKKOVIL,,,2024-01-01,415.60000038147,,,,,,UNRESOLVED_NO_COORDINATES
01AM493B,THIRUKKOVIL,,,2024-02-01,0.0,,,,,,UNRESOLVED_NO_COORDINATES
01AM493B,THIRUKKOVIL,,,2024-03-01,102.399997711182,,,,,,UNRESOLVED_NO_COORDINATES
01AM493B,THIRUKKOVIL,,,2024-04-01,127.099999427795,,,,,,UNRESOLVED_NO_COORDINATES
01AM493B,THIRUKKOVIL,,,2025-01-01,481.900002479553,,,,,,UNRESOLVED_NO_COORDINATES
01AM493B,THIRUKKOVIL,,,2025-02-01,123.000001907349,,,,,,UNRESOLVED_NO_COORDINATES
01AM493B,THIRUKKOVIL,,,2025-03-01,158.799999713898,,,,,,UNRESOLVED_NO_COORDINATES
01AM493B,THIRUKKOVIL,,,2025-04-01,76.2999992370605,,,,,,UNRESOLVED_NO_COORDINATES
01AM493B,THIRUKKOVIL,,,2025-05-01,8.39999961853027,,,,,,UNRESOLVED_NO_COORDINATES
01AM493B,THIRUKKOVIL,,,2025-06-01,0.0,,,,,,UNRESOLVED_NO_COORDINATES
01BT410B,PASSIKUDA,,,2021-01-01,542.000004529953,,,,,,UNRESOLVED_NO_COORDINATES
01BT410B,PASSIKUDA,,,2021-02-01,157.299998879433,,,,,,UNRESOLVED_NO_COORDINATES
01BT410B,PASSIKUDA,,,2021-03-01,42.6000006198883,,,,,,UNRESOLVED_NO_COORDINATES
01BT410B,PASSIKUDA,,,2021-04-01,116.399999856949,,,,,,UNRESOLVED_NO_COORDINATES
01BT410B,PASSIKUDA,,,2021-05-01,33.1000001430511,,,,,,UNRESOLVED_NO_COORDINATES
01BT410B,PASSIKUDA,,,2021-06-01,22.7000000476837,,,,,,UNRESOLVED_NO_COORDINATES
01BT410B,PASSIKUDA,,,2021-07-01,13.9999997615814,,,,,,UNRESOLVED_NO_COORDINATES
01BT410B,PASSIKUDA,,,2021-08-01,67.8000011444092,,,,,,UNRESOLVED_NO_COORDINATES
01BT410B,PASSIKUDA,,,2021-09-01,0.0,,,,,,UNRESOLVED_NO_COORDINATES
01BT410B,PASSIKUDA,,,2021-10-01,125.700000405312,,,,,,UNRESOLVED_NO_COORDINATES
01BT410B,PASSIKUDA,,,2021-11-01,411.600000202656,,,,,,UNRESOLVED_NO_COORDINATES
01BT410B,PASSIKUDA,,,2021-12-01,122.399996995926,,,,,,UNRESOLVED_NO_COORDINATES
01BT410B,PASSIKUDA,,,2022-01-01,406.000000476837,,,,,,UNRESOLVED_NO_COORDINATES
01BT410B,PASSIKUDA,,,2022-02-01,249.700000762939,,,,,,UNRESOLVED_NO_COORDINATES
01BT410B,PASSIKUDA,,,2022-03-01,123.600001335144,,,,,,UNRESOLVED_NO_COORDINATES
01BT410B,PASSIKUDA,,,2022-04-01,40.5,,,,,,UNRESOLVED_NO_COORDINATES
01BT410B,PASSIKUDA,,,2022-05-01,51.0,,,,,,UNRESOLVED_NO_COORDINATES
01BT410B,PASSIKUDA,,,2022-06-01,10.5,,,,,,UNRESOLVED_NO_COORDINATES
01BT410B,PASSIKUDA,,,2022-07-01,8.29999995231628,,,,,,UNRESOLVED_NO_COORDINATES
01BT410B,PASSIKUDA,,,2022-08-01,71.8000000119209,,,,,,UNRESOLVED_NO_COORDINATES
01BT410B,PASSIKUDA,,,2022-09-01,54.7000007629395,,,,,,UNRESOLVED_NO_COORDINATES
01BT410B,PASSIKUDA,,,2022-10-01,181.999999478459,,,,,,UNRESOLVED_NO_COORDINATES
01BT410B,PASSIKUDA,,,2022-11-01,203.699997186661,,,,,,UNRESOLVED_NO_COORDINATES
01BT410B,PASSIKUDA,,,2022-12-01,235.500000953674,,,,,,UNRESOLVED_NO_COORDINATES
01BT410B,PASSIKUDA,,,2023-01-01,82.2000000476837,,,,,,UNRESOLVED_NO_COORDINATES
01BT410B,PASSIKUDA,,,2023-02-01,112.000000715256,,,,,,UNRESOLVED_NO_COORDINATES
01BT410B,PASSIKUDA,,,2023-03-01,101.400000572205,,,,,,UNRESOLVED_NO_COORDINATES
01BT410B,PASSIKUDA,,,2023-04-01,29.400000333786,,,,,,UNRESOLVED_NO_COORDINATES
01BT410B,PASSIKUDA,,,2023-06-01,0.0,,,,,,UNRESOLVED_NO_COORDINATES
01BT410B,PASSIKUDA,,,2023-07-01,0.0,,,,,,UNRESOLVED_NO_COORDINATES
01BT410B,PASSIKUDA,,,2023-09-01,65.3000001907349,,,,,,UNRESOLVED_NO_COORDINATES
01BT410B,PASSIKUDA,,,2023-10-01,223.200001120567,,,,,,UNRESOLVED_NO_COORDINATES
01BT410B,PASSIKUDA,,,2023-11-01,301.399999141693,,,,,,UNRESOLVED_NO_COORDINATES
01BT410B,PASSIKUDA,,,2023-12-01,430.599999964237,,,,,,UNRESOLVED_NO_COORDINATES
01BT410B,PASSIKUDA,,,2024-01-01,484.5,,,,,,UNRESOLVED_NO_COORDINATES
01BT410B,PASSIKUDA,,,2024-02-01,47.5,,,,,,UNRESOLVED_NO_COORDINATES
01BT410B,PASSIKUDA,,,2024-03-01,32.2000000476837,,,,,,UNRESOLVED_NO_COORDINATES
01BT410B,PASSIKUDA,,,2024-04-01,35.5,,,,,,UNRESOLVED_NO_COORDINATES
01BT410B,PASSIKUDA,,,2024-05-01,18.7999999523163,,,,,,UNRESOLVED_NO_COORDINATES
01BT410B,PASSIKUDA,,,2024-06-01,56.1000003814697,,,,,,UNRESOLVED_NO_COORDINATES
01BT410B,PASSIKUDA,,,2024-07-01,6.40000009536743,,,,,,UNRESOLVED_NO_COORDINATES
01BT410B,PASSIKUDA,,,2024-08-01,120.9000005126,,,,,,UNRESOLVED_NO_COORDINATES
01BT410B,PASSIKUDA,,,2024-09-01,11.5,,,,,,UNRESOLVED_NO_COORDINATES
01BT410B,PASSIKUDA,,,2024-10-01,162.199999809265,,,,,,UNRESOLVED_NO_COORDINATES
01BT410B,PASSIKUDA,,,2024-11-01,274.899998903275,,,,,,UNRESOLVED_NO_COORDINATES
01BT410B,PASSIKUDA,,,2024-12-01,120.200000047684,,,,,,UNRESOLVED_NO_COORDINATES
01BT410B,PASSIKUDA,,,2025-01-01,562.0,,,,,,UNRESOLVED_NO_COORDINATES
01BT410B,PASSIKUDA,,,2025-02-01,39.2000007629395,,,,,,UNRESOLVED_NO_COORDINATES
01BT410B,PASSIKUDA,,,2025-03-01,113.300000190735,,,,,,UNRESOLVED_NO_COORDINATES
01BT410B,PASSIKUDA,,,2025-04-01,104.699999809265,,,,,,UNRESOLVED_NO_COORDINATES
01BT410B,PASSIKUDA,,,2025-05-01,82.5,,,,,,UNRESOLVED_NO_COORDINATES
01BT410B,PASSIKUDA,,,2025-06-01,0.0,,,,,,UNRESOLVED_NO_COORDINATES
01BT410B,PASSIKUDA,,,2025-07-01,39.0,,,,,,UNRESOLVED_NO_COORDINATES
01GL041C,BENTOTA ESTATE,,,2021-01-01,175.800001859665,,,,,,UNRESOLVED_NO_COORDINATES
01GL041C,BENTOTA ESTATE,,,2021-02-01,163.200003147125,,,,,,UNRESOLVED_NO_COORDINATES
01GL041C,BENTOTA ESTATE,,,2021-03-01,355.699995279312,,,,,,UNRESOLVED_NO_COORDINATES
01GL041C,BENTOTA ESTATE,,,2021-04-01,222.699999332428,,,,,,UNRESOLVED_NO_COORDINATES
01GL041C,BENTOTA ESTATE,,,2021-05-01,550.299997925758,,,,,,UNRESOLVED_NO_COORDINATES
01GL041C,BENTOTA ESTATE,,,2021-06-01,511.999999284744,,,,,,UNRESOLVED_NO_COORDINATES
01GL041C,BENTOTA ESTATE,,,2021-07-01,444.999998092651,,,,,,UNRESOLVED_NO_COORDINATES
01GL041C,BENTOTA ESTATE,,,2021-08-01,377.600002139807,,,,,,UNRESOLVED_NO_COORDINATES
01GL041C,BENTOTA ESTATE,,,2021-09-01,479.800000429153,,,,,,UNRESOLVED_NO_COORDINATES
01GL041C,BENTOTA ESTATE,,,2021-10-01,555.799994468689,,,,,,UNRESOLVED_NO_COORDINATES
01GL041C,BENTOTA ESTATE,,,2021-11-01,837.200004220009,,,,,,UNRESOLVED_NO_COORDINATES
01GL041C,BENTOTA ESTATE,,,2021-12-01,220.100000619888,,,,,,UNRESOLVED_NO_COORDINATES
01GL041C,BENTOTA ESTATE,,,2022-01-01,141.300001144409,,,,,,UNRESOLVED_NO_COORDINATES
01GL041C,BENTOTA ESTATE,,,2022-02-01,189.600001335144,,,,,,UNRESOLVED_NO_COORDINATES
01GL041C,BENTOTA ESTATE,,,2022-03-01,49.2000007629395,,,,,,UNRESOLVED_NO_COORDINATES
01GL041C,BENTOTA ESTATE,,,2022-04-01,237.600000873208,,,,,,UNRESOLVED_NO_COORDINATES
01GL041C,BENTOTA ESTATE,,,2022-05-01,781.199996471405,,,,,,UNRESOLVED_NO_COORDINATES
01GL041C,BENTOTA ESTATE,,,2022-06-01,351.899998426437,,,,,,UNRESOLVED_NO_COORDINATES
01GL041C,BENTOTA ESTATE,,,2022-07-01,218.100002408028,,,,,,UNRESOLVED_NO_COORDINATES
01GL041C,BENTOTA ESTATE,,,2022-08-01,406.299995422363,,,,,,UNRESOLVED_NO_COORDINATES
01GL041C,BENTOTA ESTATE,,,2022-09-01,111.09999871254,,,,,,UNRESOLVED_NO_COORDINATES
01GL041C,BENTOTA ESTATE,,,2022-10-01,780.599991798401,,,,,,UNRESOLVED_NO_COORDINATES
01GL041C,BENTOTA ESTATE,,,2022-11-01,231.999999046326,,,,,,UNRESOLVED_NO_COORDINATES
01GL041C,BENTOTA ESTATE,,,2022-12-01,278.799997806549,,,,,,UNRESOLVED_NO_COORDINATES
01GL041C,BENTOTA ESTATE,,,2023-02-01,129.300001144409,,,,,,UNRESOLVED_NO_COORDINATES
01GL041C,BENTOTA ESTATE,,,2023-03-01,257.200002670288,,,,,,UNRESOLVED_NO_COORDINATES
01GL041C,BENTOTA ESTATE,,,2023-04-01,209.699999809265,,,,,,UNRESOLVED_NO_COORDINATES
01GL041C,BENTOTA ESTATE,,,2023-05-01,658.799996852875,,,,,,UNRESOLVED_NO_COORDINATES
01GL041C,BENTOTA ESTATE,,,2023-06-01,432.800000667572,,,,,,UNRESOLVED_NO_COORDINATES
01GL041C,BENTOTA ESTATE,,,2023-07-01,236.299999713898,,,,,,UNRESOLVED_NO_COORDINATES
01GL041C,BENTOTA ESTATE,,,2023-08-01,248.899997591972,,,,,,UNRESOLVED_NO_COORDINATES
01GL041C,BENTOTA ESTATE,,,2023-09-01,1071.40000152588,,,,,,UNRESOLVED_NO_COORDINATES
01GL041C,BENTOTA ESTATE,,,2023-10-01,1092.50000452995,,,,,,UNRESOLVED_NO_COORDINATES
01GL041C,BENTOTA ESTATE,,,2023-11-01,797.099999427795,,,,,,UNRESOLVED_NO_COORDINATES
01GL041C,BENTOTA ESTATE,,,2023-12-01,813.799998760223,,,,,,UNRESOLVED_NO_COORDINATES
01GL041C,BENTOTA ESTATE,,,2024-01-01,256.400000095367,,,,,,UNRESOLVED_NO_COORDINATES
01GL041C,BENTOTA ESTATE,,,2024-02-01,94.1999998092651,,,,,,UNRESOLVED_NO_COORDINATES
01GL041C,BENTOTA ESTATE,,,2024-03-01,175.099999427795,,,,,,UNRESOLVED_NO_COORDINATES
01GL041C,BENTOTA ESTATE,,,2024-04-01,620.199999809265,,,,,,UNRESOLVED_NO_COORDINATES
01GL041C,BENTOTA ESTATE,,,2024-05-01,904.0,,,,,,UNRESOLVED_NO_COORDINATES
01GL041C,BENTOTA ESTATE,,,2024-06-01,516.500000953674,,,,,,UNRESOLVED_NO_COORDINATES
01GL041C,BENTOTA ESTATE,,,2024-07-01,621.799994468689,,,,,,UNRESOLVED_NO_COORDINATES
01GL041C,BENTOTA ESTATE,,,2024-08-01,525.0,,,,,,UNRESOLVED_NO_COORDINATES
01GL041C,BENTOTA ESTATE,,,2024-09-01,478.0,,,,,,UNRESOLVED_NO_COORDINATES
01GL041C,BENTOTA ESTATE,,,2024-10-01,1086.99999713898,,,,,,UNRESOLVED_NO_COORDINATES
01GL041C,BENTOTA ESTATE,,,2024-11-01,734.60000038147,,,,,,UNRESOLVED_NO_COORDINATES
01GL041C,BENTOTA ESTATE,,,2024-12-01,208.0,,,,,,UNRESOLVED_NO_COORDINATES
01GL041C,BENTOTA ESTATE,,,2025-01-01,351.600000202656,,,,,,UNRESOLVED_NO_COORDINATES
01GL041C,BENTOTA ESTATE,,,2025-02-01,197.200000762939,,,,,,UNRESOLVED_NO_COORDINATES
01GL041C,BENTOTA ESTATE,,,2025-03-01,515.0,,,,,,UNRESOLVED_NO_COORDINATES
01GL041C,BENTOTA ESTATE,,,2025-04-01,365.0,,,,,,UNRESOLVED_NO_COORDINATES
01GL041C,BENTOTA ESTATE,,,2025-05-01,868.0,,,,,,UNRESOLVED_NO_COORDINATES
01GL041C,BENTOTA ESTATE,,,2025-06-01,563.0,,,,,,UNRESOLVED_NO_COORDINATES
01GL041C,BENTOTA ESTATE,,,2025-07-01,248.299999952316,,,,,,UNRESOLVED_NO_COORDINATES
01GL041C,BENTOTA ESTATE,,,2025-09-01,588.800000190735,,,,,,UNRESOLVED_NO_COORDINATES
01GM0373,NEGOMBO,,,2021-01-01,114.700000286102,,,,,,UNRESOLVED_NO_COORDINATES
01GM0373,NEGOMBO,,,2021-02-01,3.0,,,,,,UNRESOLVED_NO_COORDINATES
01GM0373,NEGOMBO,,,2021-03-01,126.700001955032,,,,,,UNRESOLVED_NO_COORDINATES
01GM0373,NEGOMBO,,,2021-04-01,243.400000810623,,,,,,UNRESOLVED_NO_COORDINATES
01GM0373,NEGOMBO,,,2021-05-01,363.700001001358,,,,,,UNRESOLVED_NO_COORDINATES
01GM0373,NEGOMBO,,,2021-06-01,323.499995708466,,,,,,UNRESOLVED_NO_COORDINATES
01GM0373,NEGOMBO,,,2021-07-01,91.100000500679,,,,,,UNRESOLVED_NO_COORDINATES
01GM0373,NEGOMBO,,,2021-08-01,140.399999335408,,,,,,UNRESOLVED_NO_COORDINATES
01GM0373,NEGOMBO,,,2021-09-01,104.500000476837,,,,,,UNRESOLVED_NO_COORDINATES
01GM0373,NEGOMBO,,,2021-10-01,438.100001908839,,,,,,UNRESOLVED_NO_COORDINATES
01GM0373,NEGOMBO,,,2021-11-01,455.599998235703,,,,,,UNRESOLVED_NO_COORDINATES
01GM0373,NEGOMBO,,,2021-12-01,12.1000000834465,,,,,,UNRESOLVED_NO_COORDINATES
01GM0373,NEGOMBO,,,2022-01-01,20.6999999284744,,,,,,UNRESOLVED_NO_COORDINATES
01GM0373,NEGOMBO,,,2022-02-01,116.5,,,,,,UNRESOLVED_NO_COORDINATES
01GM0373,NEGOMBO,,,2022-03-01,11.0,,,,,,UNRESOLVED_NO_COORDINATES
01GM0373,NEGOMBO,,,2022-04-01,265.399999976158,,,,,,UNRESOLVED_NO_COORDINATES
01GM0373,NEGOMBO,,,2022-05-01,239.600000575185,,,,,,UNRESOLVED_NO_COORDINATES
01GM0373,NEGOMBO,,,2022-06-01,30.499999679625,,,,,,UNRESOLVED_NO_COORDINATES
01GM0373,NEGOMBO,,,2022-07-01,10.4000000953674,,,,,,UNRESOLVED_NO_COORDINATES
01GM0373,NEGOMBO,,,2022-08-01,66.7999985218048,,,,,,UNRESOLVED_NO_COORDINATES
01GM0373,NEGOMBO,,,2022-09-01,34.5000007450581,,,,,,UNRESOLVED_NO_COORDINATES
01GM0373,NEGOMBO,,,2022-10-01,261.399999715388,,,,,,UNRESOLVED_NO_COORDINATES
01GM0373,NEGOMBO,,,2022-11-01,112.000000432134,,,,,,UNRESOLVED_NO_COORDINATES
01GM0373,NEGOMBO,,,2022-12-01,172.300000697374,,,,,,UNRESOLVED_NO_COORDINATES
01GM0373,NEGOMBO,,,2023-01-01,69.4999997615814,,,,,,UNRESOLVED_NO_COORDINATES
01GM0373,NEGOMBO,,,2023-02-01,47.9000001698732,,,,,,UNRESOLVED_NO_COORDINATES
01GM0373,NEGOMBO,,,2023-03-01,79.3000005483627,,,,,,UNRESOLVED_NO_COORDINATES
01GM0373,NEGOMBO,,,2023-04-01,234.999998241663,,,,,,UNRESOLVED_NO_COORDINATES
01GM0373,NEGOMBO,,,2023-05-01,317.600000359118,,,,,,UNRESOLVED_NO_COORDINATES
01GM0373,NEGOMBO,,,2023-06-01,80.5000006109476,,,,,,UNRESOLVED_NO_COORDINATES
01GM0373,NEGOMBO,,,2023-07-01,33.7999999448657,,,,,,UNRESOLVED_NO_COORDINATES
01GM0373,NEGOMBO,,,2023-08-01,49.8000000119209,,,,,,UNRESOLVED_NO_COORDINATES
01GM0373,NEGOMBO,,,2023-09-01,527.199998617172,,,,,,UNRESOLVED_NO_COORDINATES
01GM0373,NEGOMBO,,,2023-10-01,568.300003834069,,,,,,UNRESOLVED_NO_COORDINATES
01GM0373,NEGOMBO,,,2023-11-01,494.499996162951,,,,,,UNRESOLVED_NO_COORDINATES
01GM0373,NEGOMBO,,,2023-12-01,132.60000167042,,,,,,UNRESOLVED_NO_COORDINATES
01GM0373,NEGOMBO,,,2024-01-01,241.300000071526,,,,,,UNRESOLVED_NO_COORDINATES
01GM0373,NEGOMBO,,,2024-02-01,0.0,,,,,,UNRESOLVED_NO_COORDINATES
01GM0373,NEGOMBO,,,2024-03-01,52.5000007748604,,,,,,UNRESOLVED_NO_COORDINATES
01GM0373,NEGOMBO,,,2024-04-01,239.200001358986,,,,,,UNRESOLVED_NO_COORDINATES
01GM0373,NEGOMBO,,,2024-05-01,421.200004339218,,,,,,UNRESOLVED_NO_COORDINATES
01GM0373,NEGOMBO,,,2024-06-01,201.199998475611,,,,,,UNRESOLVED_NO_COORDINATES
01GM0373,NEGOMBO,,,2024-07-01,156.499999284744,,,,,,UNRESOLVED_NO_COORDINATES
01GM0373,NEGOMBO,,,2024-08-01,295.0,,,,,,UNRESOLVED_NO_COORDINATES
01GM0373,NEGOMBO,,,2024-09-01,168.300000190735,,,,,,UNRESOLVED_NO_COORDINATES
01GM0373,NEGOMBO,,,2024-10-01,611.200000762939,,,,,,UNRESOLVED_NO_COORDINATES
01GM0373,NEGOMBO,,,2024-11-01,362.099999427795,,,,,,UNRESOLVED_NO_COORDINATES
01GM0373,NEGOMBO,,,2024-12-01,138.600000858307,,,,,,UNRESOLVED_NO_COORDINATES
01GM0373,NEGOMBO,,,2025-01-01,47.0,,,,,,UNRESOLVED_NO_COORDINATES
01GM0373,NEGOMBO,,,2025-02-01,7.0,,,,,,UNRESOLVED_NO_COORDINATES
01GM0373,NEGOMBO,,,2025-03-01,92.2999990582466,,,,,,UNRESOLVED_NO_COORDINATES
01GM0373,NEGOMBO,,,2025-04-01,323.5,,,,,,UNRESOLVED_NO_COORDINATES
01GM0373,NEGOMBO,,,2025-05-01,238.0,,,,,,UNRESOLVED_NO_COORDINATES
01GM0373,NEGOMBO,,,2025-06-01,51.5,,,,,,UNRESOLVED_NO_COORDINATES
01GM0373,NEGOMBO,,,2025-07-01,3.5,,,,,,UNRESOLVED_NO_COORDINATES
01GM0373,NEGOMBO,,,2025-08-01,14.5,,,,,,UNRESOLVED_NO_COORDINATES
01GM0373,NEGOMBO,,,2025-09-01,51.0,,,,,,UNRESOLVED_NO_COORDINATES
01HT0551,YALA,,,2022-10-01,71.0,,,,,,UNRESOLVED_NO_COORDINATES
01HT0551,YALA,,,2022-11-01,164.0,,,,,,UNRESOLVED_NO_COORDINATES
01HT0551,YALA,,,2022-12-01,68.6999998092651,,,,,,UNRESOLVED_NO_COORDINATES
01HT0551,YALA,,,2023-01-01,70.2000000476837,,,,,,UNRESOLVED_NO_COORDINATES
01HT0551,YALA,,,2023-04-01,34.2999995946884,,,,,,UNRESOLVED_NO_COORDINATES
01HT0551,YALA,,,2023-05-01,53.1000000238419,,,,,,UNRESOLVED_NO_COORDINATES
01HT0551,YALA,,,2023-06-01,0.0,,,,,,UNRESOLVED_NO_COORDINATES
01HT0551,YALA,,,2023-07-01,6.5,,,,,,UNRESOLVED_NO_COORDINATES
01HT0551,YALA,,,2023-08-01,4.5,,,,,,UNRESOLVED_NO_COORDINATES
01HT0551,YALA,,,2023-09-01,322.799999952316,,,,,,UNRESOLVED_NO_COORDINATES
01HT0551,YALA,,,2023-10-01,488.199998855591,,,,,,UNRESOLVED_NO_COORDINATES
01HT0551,YALA,,,2023-11-01,288.399996757507,,,,,,UNRESOLVED_NO_COORDINATES
01HT0551,YALA,,,2023-12-01,452.400000572205,,,,,,UNRESOLVED_NO_COORDINATES
01HT0551,YALA,,,2024-01-01,290.60000038147,,,,,,UNRESOLVED_NO_COORDINATES
01HT0551,YALA,,,2024-02-01,44.8999998569489,,,,,,UNRESOLVED_NO_COORDINATES
01HT0551,YALA,,,2024-03-01,64.0,,,,,,UNRESOLVED_NO_COORDINATES
01HT0551,YALA,,,2024-04-01,13.9000001698732,,,,,,UNRESOLVED_NO_COORDINATES
01HT0551,YALA,,,2024-05-01,121.500000059605,,,,,,UNRESOLVED_NO_COORDINATES
01HT0551,YALA,,,2024-06-01,60.9999997615814,,,,,,UNRESOLVED_NO_COORDINATES
01HT0551,YALA,,,2024-07-01,5.5,,,,,,UNRESOLVED_NO_COORDINATES
01HT0551,YALA,,,2024-08-01,84.0,,,,,,UNRESOLVED_NO_COORDINATES
01HT0551,YALA,,,2024-09-01,5.5,,,,,,UNRESOLVED_NO_COORDINATES
01HT0551,YALA,,,2024-10-01,58.5,,,,,,UNRESOLVED_NO_COORDINATES
01HT0551,YALA,,,2024-11-01,222.5,,,,,,UNRESOLVED_NO_COORDINATES
01HT0551,YALA,,,2024-12-01,38.0,,,,,,UNRESOLVED_NO_COORDINATES
01HT0551,YALA,,,2025-01-01,232.799999237061,,,,,,UNRESOLVED_NO_COORDINATES
01HT0551,YALA,,,2025-02-01,127.0,,,,,,UNRESOLVED_NO_COORDINATES
01HT0551,YALA,,,2025-04-01,141.5,,,,,,UNRESOLVED_NO_COORDINATES
01HT0551,YALA,,,2025-05-01,15.0,,,,,,UNRESOLVED_NO_COORDINATES
01HT0551,YALA,,,2025-06-01,0.0,,,,,,UNRESOLVED_NO_COORDINATES
01KE404C,PANAWALA WOODEND,,,2021-01-01,235.199999809265,,,,,,UNRESOLVED_NO_COORDINATES
01KE404C,PANAWALA WOODEND,,,2021-02-01,73.5,,,,,,UNRESOLVED_NO_COORDINATES
01KE404C,PANAWALA WOODEND,,,2021-03-01,491.400000572205,,,,,,UNRESOLVED_NO_COORDINATES
01KE404C,PANAWALA WOODEND,,,2021-04-01,465.300000190735,,,,,,UNRESOLVED_NO_COORDINATES
01KE404C,PANAWALA WOODEND,,,2021-05-01,1082.70000076294,,,,,,UNRESOLVED_NO_COORDINATES
01KE404C,PANAWALA WOODEND,,,2021-06-01,562.699998497963,,,,,,UNRESOLVED_NO_COORDINATES
01KE404C,PANAWALA WOODEND,,,2021-07-01,393.699998810887,,,,,,UNRESOLVED_NO_COORDINATES
01KE404C,PANAWALA WOODEND,,,2021-08-01,501.499996900558,,,,,,UNRESOLVED_NO_COORDINATES
01KE404C,PANAWALA WOODEND,,,2021-09-01,545.800002515316,,,,,,UNRESOLVED_NO_COORDINATES
01KE404C,PANAWALA WOODEND,,,2021-10-01,509.500001728535,,,,,,UNRESOLVED_NO_COORDINATES
01KE404C,PANAWALA WOODEND,,,2021-11-01,772.100005626678,,,,,,UNRESOLVED_NO_COORDINATES
01KE404C,PANAWALA WOODEND,,,2021-12-01,164.199999094009,,,,,,UNRESOLVED_NO_COORDINATES
01KE404C,PANAWALA WOODEND,,,2022-01-01,58.2000000476837,,,,,,UNRESOLVED_NO_COORDINATES
01KE404C,PANAWALA WOODEND,,,2022-02-01,71.1000000014901,,,,,,UNRESOLVED_NO_COORDINATES
01ML0208,KANDALAMA,,,2023-01-01,64.2000007629395,,,,,,UNRESOLVED_NO_COORDINATES
01ML0208,KANDALAMA,,,2023-03-01,46.5999999046326,,,,,,UNRESOLVED_NO_COORDINATES
01ML0208,KANDALAMA,,,2023-04-01,149.599999964237,,,,,,UNRESOLVED_NO_COORDINATES
01ML0208,KANDALAMA,,,2023-05-01,218.999999523163,,,,,,UNRESOLVED_NO_COORDINATES
01ML0208,KANDALAMA,,,2023-06-01,3.90000009536743,,,,,,UNRESOLVED_NO_COORDINATES
01ML0208,KANDALAMA,,,2023-07-01,0.0,,,,,,UNRESOLVED_NO_COORDINATES
01ML0208,KANDALAMA,,,2023-08-01,6.90000009536743,,,,,,UNRESOLVED_NO_COORDINATES
01ML0208,KANDALAMA,,,2023-09-01,6.90000009536743,,,,,,UNRESOLVED_NO_COORDINATES
01ML0208,KANDALAMA,,,2023-10-01,342.499998450279,,,,,,UNRESOLVED_NO_COORDINATES
01ML0208,KANDALAMA,,,2023-11-01,330.200003087521,,,,,,UNRESOLVED_NO_COORDINATES
01ML0208,KANDALAMA,,,2023-12-01,543.200007021427,,,,,,UNRESOLVED_NO_COORDINATES
01ML0208,KANDALAMA,,,2024-01-01,244.099996566772,,,,,,UNRESOLVED_NO_COORDINATES
01ML0208,KANDALAMA,,,2024-02-01,20.2999997138977,,,,,,UNRESOLVED_NO_COORDINATES
01ML0208,KANDALAMA,,,2024-03-01,0.0,,,,,,UNRESOLVED_NO_COORDINATES
01ML0208,KANDALAMA,,,2024-04-01,71.2000002861023,,,,,,UNRESOLVED_NO_COORDINATES
01ML0208,KANDALAMA,,,2024-06-01,0.0,,,,,,UNRESOLVED_NO_COORDINATES
01ML0208,KANDALAMA,,,2024-07-01,0.0,,,,,,UNRESOLVED_NO_COORDINATES
01ML0208,KANDALAMA,,,2024-08-01,106.399999856949,,,,,,UNRESOLVED_NO_COORDINATES
01ML0208,KANDALAMA,,,2024-09-01,13.9999997019768,,,,,,UNRESOLVED_NO_COORDINATES
01ML0208,KANDALAMA,,,2024-10-01,145.700000286102,,,,,,UNRESOLVED_NO_COORDINATES
01ML0208,KANDALAMA,,,2024-11-01,555.500001490116,,,,,,UNRESOLVED_NO_COORDINATES
01ML0208,KANDALAMA,,,2024-12-01,188.100001692772,,,,,,UNRESOLVED_NO_COORDINATES
01PL0340,MINNERIYA TANK,,,2021-01-01,547.199996948242,,,,,,UNRESOLVED_NO_COORDINATES
01PL0340,MINNERIYA TANK,,,2021-02-01,88.100001335144,,,,,,UNRESOLVED_NO_COORDINATES
01PL0340,MINNERIYA TANK,,,2021-03-01,34.2000002861023,,,,,,UNRESOLVED_NO_COORDINATES
01PL0340,MINNERIYA TANK,,,2021-04-01,171.399999052286,,,,,,UNRESOLVED_NO_COORDINATES
01PL0340,MINNERIYA TANK,,,2021-05-01,44.0000001192093,,,,,,UNRESOLVED_NO_COORDINATES
01PL0340,MINNERIYA TANK,,,2021-06-01,3.0,,,,,,UNRESOLVED_NO_COORDINATES
01PL0340,MINNERIYA TANK,,,2021-07-01,13.8999996185303,,,,,,UNRESOLVED_NO_COORDINATES
01PL0340,MINNERIYA TANK,,,2021-08-01,17.2999995946884,,,,,,UNRESOLVED_NO_COORDINATES
01PL0340,MINNERIYA TANK,,,2021-09-01,241.799999237061,,,,,,UNRESOLVED_NO_COORDINATES
01PL0340,MINNERIYA TANK,,,2021-10-01,394.700000882149,,,,,,UNRESOLVED_NO_COORDINATES
01PL0340,MINNERIYA TANK,,,2021-11-01,313.099999845028,,,,,,UNRESOLVED_NO_COORDINATES
01PL0340,MINNERIYA TANK,,,2021-12-01,171.10000038147,,,,,,UNRESOLVED_NO_COORDINATES
01PL0340,MINNERIYA TANK,,,2022-01-01,269.900000810623,,,,,,UNRESOLVED_NO_COORDINATES
01PL0340,MINNERIYA TANK,,,2022-02-01,184.299996733665,,,,,,UNRESOLVED_NO_COORDINATES
01PL0340,MINNERIYA TANK,,,2022-03-01,46.599999666214,,,,,,UNRESOLVED_NO_COORDINATES
01PL0340,MINNERIYA TANK,,,2022-04-01,285.80000025034,,,,,,UNRESOLVED_NO_COORDINATES
01PL0340,MINNERIYA TANK,,,2022-05-01,4.89999985694885,,,,,,UNRESOLVED_NO_COORDINATES
01PL0340,MINNERIYA TANK,,,2022-06-01,32.8999989032745,,,,,,UNRESOLVED_NO_COORDINATES
01PL0340,MINNERIYA TANK,,,2022-07-01,154.499998509884,,,,,,UNRESOLVED_NO_COORDINATES
01PL0340,MINNERIYA TANK,,,2022-08-01,38.6999995708466,,,,,,UNRESOLVED_NO_COORDINATES
01PL0340,MINNERIYA TANK,,,2022-09-01,50.3000007867813,,,,,,UNRESOLVED_NO_COORDINATES
01PL0340,MINNERIYA TANK,,,2022-10-01,110.999998643994,,,,,,UNRESOLVED_NO_COORDINATES
01PL0340,MINNERIYA TANK,,,2022-11-01,163.800001323223,,,,,,UNRESOLVED_NO_COORDINATES
01PL0340,MINNERIYA TANK,,,2023-01-01,157.400002479553,,,,,,UNRESOLVED_NO_COORDINATES
01PL0340,MINNERIYA TANK,,,2023-02-01,290.600001811981,,,,,,UNRESOLVED_NO_COORDINATES
01PL0340,MINNERIYA TANK,,,2023-03-01,68.2999985218048,,,,,,UNRESOLVED_NO_COORDINATES
01PL0340,MINNERIYA TANK,,,2023-04-01,182.80000436306,,,,,,UNRESOLVED_NO_COORDINATES
01PL0340,MINNERIYA TANK,,,2023-05-01,82.4000022411346,,,,,,UNRESOLVED_NO_COORDINATES
01PL0340,MINNERIYA TANK,,,2023-06-01,3.5,,,,,,UNRESOLVED_NO_COORDINATES
01PL0340,MINNERIYA TANK,,,2023-07-01,1.70000004768372,,,,,,UNRESOLVED_NO_COORDINATES
01PL0340,MINNERIYA TANK,,,2023-08-01,28.9000005722046,,,,,,UNRESOLVED_NO_COORDINATES
01PL0340,MINNERIYA TANK,,,2023-09-01,23.9999998807907,,,,,,UNRESOLVED_NO_COORDINATES
01PL0340,MINNERIYA TANK,,,2023-10-01,395.900006055832,,,,,,UNRESOLVED_NO_COORDINATES
01PL0340,MINNERIYA TANK,,,2023-11-01,382.59999781847,,,,,,UNRESOLVED_NO_COORDINATES
01PL0340,MINNERIYA TANK,,,2023-12-01,426.400002479553,,,,,,UNRESOLVED_NO_COORDINATES
01PL0340,MINNERIYA TANK,,,2024-01-01,330.89999383688,,,,,,UNRESOLVED_NO_COORDINATES
01PL0340,MINNERIYA TANK,,,2024-02-01,9.09999990463257,,,,,,UNRESOLVED_NO_COORDINATES
01PL0340,MINNERIYA TANK,,,2024-03-01,39.7999985218048,,,,,,UNRESOLVED_NO_COORDINATES
01PL0340,MINNERIYA TANK,,,2024-04-01,45.599999576807,,,,,,UNRESOLVED_NO_COORDINATES
01PL0340,MINNERIYA TANK,,,2024-05-01,273.199998319149,,,,,,UNRESOLVED_NO_COORDINATES
01PL0340,MINNERIYA TANK,,,2024-06-01,43.300000667572,,,,,,UNRESOLVED_NO_COORDINATES
01PL0340,MINNERIYA TANK,,,2024-07-01,0.0,,,,,,UNRESOLVED_NO_COORDINATES
01PL0340,MINNERIYA TANK,,,2024-08-01,207.100003957748,,,,,,UNRESOLVED_NO_COORDINATES
01PL0340,MINNERIYA TANK,,,2024-09-01,39.2999992370605,,,,,,UNRESOLVED_NO_COORDINATES
01PL0340,MINNERIYA TANK,,,2024-10-01,326.200000286102,,,,,,UNRESOLVED_NO_COORDINATES
01PL0340,MINNERIYA TANK,,,2024-11-01,530.900002717972,,,,,,UNRESOLVED_NO_COORDINATES
01PL0340,MINNERIYA TANK,,,2024-12-01,228.999998807907,,,,,,UNRESOLVED_NO_COORDINATES
01PL0340,MINNERIYA TANK,,,2025-01-01,571.500002503395,,,,,,UNRESOLVED_NO_COORDINATES
01PL0340,MINNERIYA TANK,,,2025-02-01,142.5,,,,,,UNRESOLVED_NO_COORDINATES
01PL0340,MINNERIYA TANK,,,2025-03-01,139.599999904633,,,,,,UNRESOLVED_NO_COORDINATES
01PL0340,MINNERIYA TANK,,,2025-04-01,139.7999984622,,,,,,UNRESOLVED_NO_COORDINATES
01PL0340,MINNERIYA TANK,,,2025-05-01,36.6999995708466,,,,,,UNRESOLVED_NO_COORDINATES
01PL0340,MINNERIYA TANK,,,2025-07-01,0.0,,,,,,UNRESOLVED_NO_COORDINATES
01PL0340,MINNERIYA TANK,,,2025-08-01,117.800000429153,,,,,,UNRESOLVED_NO_COORDINATES
01PU256B,KALPITIYA,,,2021-01-01,139.500001430511,,,,,,UNRESOLVED_NO_COORDINATES
01PU256B,KALPITIYA,,,2021-02-01,65.9000015258789,,,,,,UNRESOLVED_NO_COORDINATES
01PU256B,KALPITIYA,,,2021-03-01,56.3000011444092,,,,,,UNRESOLVED_NO_COORDINATES
01PU256B,KALPITIYA,,,2021-04-01,34.7999992370605,,,,,,UNRESOLVED_NO_COORDINATES
01PU256B,KALPITIYA,,,2021-05-01,191.90000128746,,,,,,UNRESOLVED_NO_COORDINATES
01PU256B,KALPITIYA,,,2021-06-01,11.8999996185303,,,,,,UNRESOLVED_NO_COORDINATES
01PU256B,KALPITIYA,,,2021-07-01,0.0,,,,,,UNRESOLVED_NO_COORDINATES
01PU256B,KALPITIYA,,,2021-08-01,6.5,,,,,,UNRESOLVED_NO_COORDINATES
01PU256B,KALPITIYA,,,2021-09-01,0.0,,,,,,UNRESOLVED_NO_COORDINATES
01PU256B,KALPITIYA,,,2021-10-01,218.400000095367,,,,,,UNRESOLVED_NO_COORDINATES
01PU256B,KALPITIYA,,,2021-11-01,1015.0,,,,,,UNRESOLVED_NO_COORDINATES
01PU256B,KALPITIYA,,,2021-12-01,130.0,,,,,,UNRESOLVED_NO_COORDINATES
01PU256B,KALPITIYA,,,2022-01-01,0.0,,,,,,UNRESOLVED_NO_COORDINATES
01PU256B,KALPITIYA,,,2022-03-01,30.0,,,,,,UNRESOLVED_NO_COORDINATES
01PU256B,KALPITIYA,,,2022-05-01,120.0,,,,,,UNRESOLVED_NO_COORDINATES
01PU256B,KALPITIYA,,,2022-06-01,0.0,,,,,,UNRESOLVED_NO_COORDINATES
01PU256B,KALPITIYA,,,2022-07-01,0.0,,,,,,UNRESOLVED_NO_COORDINATES
01PU256B,KALPITIYA,,,2022-08-01,10.0,,,,,,UNRESOLVED_NO_COORDINATES
01PU256B,KALPITIYA,,,2022-09-01,0.0,,,,,,UNRESOLVED_NO_COORDINATES
01PU256B,KALPITIYA,,,2022-10-01,88.0,,,,,,UNRESOLVED_NO_COORDINATES
01PU256B,KALPITIYA,,,2022-11-01,204.0,,,,,,UNRESOLVED_NO_COORDINATES
01PU256B,KALPITIYA,,,2023-03-01,37.0,,,,,,UNRESOLVED_NO_COORDINATES
01PU256B,KALPITIYA,,,2023-05-01,120.0,,,,,,UNRESOLVED_NO_COORDINATES
01PU256B,KALPITIYA,,,2023-06-01,0.0,,,,,,UNRESOLVED_NO_COORDINATES
01PU256B,KALPITIYA,,,2023-07-01,0.0,,,,,,UNRESOLVED_NO_COORDINATES
01PU256B,KALPITIYA,,,2025-02-01,90.6000003814697,,,,,,UNRESOLVED_NO_COORDINATES
01PU256B,KALPITIYA,,,2025-03-01,94.5,,,,,,UNRESOLVED_NO_COORDINATES
01PU256B,KALPITIYA,,,2025-04-01,177.399995803833,,,,,,UNRESOLVED_NO_COORDINATES
01PU256B,KALPITIYA,,,2025-05-01,106.600000023842,,,,,,UNRESOLVED_NO_COORDINATES
01PU256B,KALPITIYA,,,2025-06-01,7.0,,,,,,UNRESOLVED_NO_COORDINATES
01PU256B,KALPITIYA,,,2025-08-01,0.0,,,,,,UNRESOLVED_NO_COORDINATES
01PU256B,KALPITIYA,,,2025-09-01,0.0,,,,,,UNRESOLVED_NO_COORDINATES
43404,JAFFNA,9.68,80.03,2021-01-01,317.499999977648,22.9,28.9,,81,Jaffna,RESOLVED
43404,JAFFNA,9.68,80.03,2021-02-01,15.3000000119209,21.5,29.6,,81,Jaffna,RESOLVED
43404,JAFFNA,9.68,80.03,2021-03-01,1.60000000149012,23.2,32.4,,81,Jaffna,RESOLVED
43404,JAFFNA,9.68,80.03,2021-04-01,110.400001361966,26.3,33.2,,81,Jaffna,RESOLVED
43404,JAFFNA,9.68,80.03,2021-05-01,95.4000015929341,27.1,33.1,,81,Jaffna,RESOLVED
43404,JAFFNA,9.68,80.03,2021-06-01,50.400001168251,27.3,32.7,,81,Jaffna,RESOLVED
43404,JAFFNA,9.68,80.03,2021-07-01,56.9999990165234,27.0,32.7,,81,Jaffna,RESOLVED
43404,JAFFNA,9.68,80.03,2021-08-01,8.30000016838312,26.9,32.7,,81,Jaffna,RESOLVED
43404,JAFFNA,9.68,80.03,2021-09-01,54.700001001358,26.9,33.0,,81,Jaffna,RESOLVED
43404,JAFFNA,9.68,80.03,2021-10-01,390.699994809926,25.6,30.6,,81,Jaffna,RESOLVED
43404,JAFFNA,9.68,80.03,2021-11-01,752.399996347725,24.5,29.3,,81,Jaffna,RESOLVED
43404,JAFFNA,9.68,80.03,2021-12-01,189.600001350045,22.6,29.6,,81,Jaffna,RESOLVED
43404,JAFFNA,9.68,80.03,2022-01-01,181.199997775257,22.6,29.8,,81,Jaffna,RESOLVED
43404,JAFFNA,9.68,80.03,2022-02-01,108.299999713898,21.7,29.8,,81,Jaffna,RESOLVED
43404,JAFFNA,9.68,80.03,2022-03-01,18.5000000298023,24.5,31.9,,81,Jaffna,RESOLVED
43404,JAFFNA,9.68,80.03,2022-04-01,185.099999859929,25.8,32.7,,81,Jaffna,RESOLVED
43404,JAFFNA,9.68,80.03,2022-05-01,10.3000001907349,28.0,,,81,Jaffna,RESOLVED
43404,JAFFNA,9.68,80.03,2022-06-01,5.30000001192093,27.3,32.8,,81,Jaffna,RESOLVED
43404,JAFFNA,9.68,80.03,2022-07-01,73.0999993532896,26.5,32.9,,81,Jaffna,RESOLVED
43404,JAFFNA,9.68,80.03,2022-08-01,94.9999982118607,26.3,32.0,,81,Jaffna,RESOLVED
43404,JAFFNA,9.68,80.03,2022-09-01,2.80000004917383,26.4,31.8,,81,Jaffna,RESOLVED
43404,JAFFNA,9.68,80.03,2022-10-01,479.399999395013,25.1,31.2,,81,Jaffna,RESOLVED
43404,JAFFNA,9.68,80.03,2022-11-01,263.200001470745,23.2,29.6,,81,Jaffna,RESOLVED
43404,JAFFNA,9.68,80.03,2022-12-01,201.799997627735,23.6,29.2,,81,Jaffna,RESOLVED
43404,JAFFNA,9.68,80.03,2023-01-01,22.8999996930361,21.4,28.8,,81,Jaffna,RESOLVED
43404,JAFFNA,9.68,80.03,2023-02-01,166.400000795722,21.0,29.8,,81,Jaffna,RESOLVED
43404,JAFFNA,9.68,80.03,2023-03-01,10.6999999284744,24.1,32.1,,81,Jaffna,RESOLVED
43404,JAFFNA,9.68,80.03,2023-04-01,6.09999994188547,25.7,34.6,,81,Jaffna,RESOLVED
43404,JAFFNA,9.68,80.03,2023-05-01,164.599996760488,27.6,32.5,,81,Jaffna,RESOLVED
43404,JAFFNA,9.68,80.03,2023-06-01,13.4999999776483,28.1,33.1,,81,Jaffna,RESOLVED
43404,JAFFNA,9.68,80.03,2023-07-01,25.0999999046326,27.4,32.7,,81,Jaffna,RESOLVED
43404,JAFFNA,9.68,80.03,2023-08-01,21.1999995708466,27.2,33.3,,81,Jaffna,RESOLVED
43404,JAFFNA,9.68,80.03,2023-09-01,67.7999982833862,27.2,32.2,,81,Jaffna,RESOLVED
43404,JAFFNA,9.68,80.03,2023-10-01,137.200002588332,25.6,31.3,,81,Jaffna,RESOLVED
43404,JAFFNA,9.68,80.03,2023-11-01,464.700001731515,24.4,30.4,,81,Jaffna,RESOLVED
43404,JAFFNA,9.68,80.03,2023-12-01,340.30000346154,24.9,29.4,,81,Jaffna,RESOLVED
43404,JAFFNA,9.68,80.03,2024-01-01,113.499999798834,22.8,29.5,,81,Jaffna,RESOLVED
43404,JAFFNA,9.68,80.03,2024-02-01,0.200000002980232,23.2,31.2,,81,Jaffna,RESOLVED
43404,JAFFNA,9.68,80.03,2024-03-01,29.200000859797,23.3,33.3,,81,Jaffna,RESOLVED
43404,JAFFNA,9.68,80.03,2024-04-01,11.6000000014901,26.4,35.2,,81,Jaffna,RESOLVED
43404,JAFFNA,9.68,80.03,2024-05-01,306.599997855723,27.5,33.5,,81,Jaffna,RESOLVED
43404,JAFFNA,9.68,80.03,2024-06-01,66.8999992609024,27.7,32.1,,81,Jaffna,RESOLVED
43404,JAFFNA,9.68,80.03,2024-07-01,9.30000038444996,27.7,32.7,,81,Jaffna,RESOLVED
43404,JAFFNA,9.68,80.03,2024-08-01,86.8999980986118,26.8,32.9,,81,Jaffna,RESOLVED
43404,JAFFNA,9.68,80.03,2024-09-01,5.60000006109476,27.6,33.6,,81,Jaffna,RESOLVED
43404,JAFFNA,9.68,80.03,2024-10-01,302.499999582767,25.5,31.6,,81,Jaffna,RESOLVED
43404,JAFFNA,9.68,80.03,2024-11-01,821.399989373982,24.4,29.5,,81,Jaffna,RESOLVED
43404,JAFFNA,9.68,80.03,2024-12-01,232.50000448525,24.1,30.0,,81,Jaffna,RESOLVED
43404,JAFFNA,9.68,80.03,2025-01-01,95.3999986872077,23.3,28.8,,81,Jaffna,RESOLVED
43404,JAFFNA,9.68,80.03,2025-02-01,86.4000007659197,21.6,30.8,,81,Jaffna,RESOLVED
43404,JAFFNA,9.68,80.03,2025-03-01,27.9000007510185,23.8,32.7,,81,Jaffna,RESOLVED
43404,JAFFNA,9.68,80.03,2025-04-01,76.8000000417233,26.3,33.8,,81,Jaffna,RESOLVED
43404,JAFFNA,9.68,80.03,2025-05-01,149.000001549721,27.6,33.1,,81,Jaffna,RESOLVED
43404,JAFFNA,9.68,80.03,2025-06-01,54.0000017285347,27.5,32.9,,81,Jaffna,RESOLVED
43404,JAFFNA,9.68,80.03,2025-07-01,5.89999981224537,27.1,33.4,,81,Jaffna,RESOLVED
43404,JAFFNA,9.68,80.03,2025-08-01,64.5000015199184,26.5,32.6,,81,Jaffna,RESOLVED
43404,JAFFNA,9.68,80.03,2025-09-01,109.50000166893,26.6,32.3,,81,Jaffna,RESOLVED
43404,JAFFNA,9.68,80.03,2025-10-01,392.800001740456,25.4,31.5,,81,Jaffna,RESOLVED
43413,MANNAR,8.98,79.92,2021-01-01,216.400000743568,24.8,29.2,,87,Mannar,RESOLVED
43413,MANNAR,8.98,79.92,2021-02-01,25.3000001907349,24.5,29.9,,87,Mannar,RESOLVED
43413,MANNAR,8.98,79.92,2021-03-01,66.5000004768372,25.3,31.9,,87,Mannar,RESOLVED
43413,MANNAR,8.98,79.92,2021-04-01,90.8999993801117,,32.3,,87,Mannar,RESOLVED
43413,MANNAR,8.98,79.92,2021-05-01,84.99999884516,27.3,32.1,,87,Mannar,RESOLVED
43413,MANNAR,8.98,79.92,2021-06-01,25.2999992370605,27.6,31.3,,87,Mannar,RESOLVED
43413,MANNAR,8.98,79.92,2021-07-01,10.3999996334314,27.4,31.2,,87,Mannar,RESOLVED
43413,MANNAR,8.98,79.92,2021-08-01,5.39999994635582,26.8,30.6,,87,Mannar,RESOLVED
43413,MANNAR,8.98,79.92,2021-09-01,135.499999910593,26.7,30.8,,87,Mannar,RESOLVED
43413,MANNAR,8.98,79.92,2021-10-01,332.000001393259,25.9,30.3,,87,Mannar,RESOLVED
43413,MANNAR,8.98,79.92,2021-11-01,664.999993659556,25.2,29.2,,87,Mannar,RESOLVED
43413,MANNAR,8.98,79.92,2021-12-01,62.5999982655048,25.0,29.8,,87,Mannar,RESOLVED
43413,MANNAR,8.98,79.92,2022-01-01,29.5000001788139,24.4,30.0,,87,Mannar,RESOLVED
43413,MANNAR,8.98,79.92,2022-02-01,15.1999999880791,24.4,30.3,,87,Mannar,RESOLVED
43413,MANNAR,8.98,79.92,2022-03-01,0.899999976158142,26.0,31.7,,87,Mannar,RESOLVED
43413,MANNAR,8.98,79.92,2022-04-01,240.20000103116,25.9,32.0,,87,Mannar,RESOLVED
43413,MANNAR,8.98,79.92,2022-06-01,0.0,27.5,31.2,,87,Mannar,RESOLVED
43413,MANNAR,8.98,79.92,2022-07-01,3.29999991506338,26.7,31.3,,87,Mannar,RESOLVED
43413,MANNAR,8.98,79.92,2022-08-01,97.1999993398786,26.3,30.4,,87,Mannar,RESOLVED
43413,MANNAR,8.98,79.92,2022-09-01,1.89999997615814,26.5,30.1,,87,Mannar,RESOLVED
43413,MANNAR,8.98,79.92,2022-10-01,194.200001403689,25.5,30.4,,87,Mannar,RESOLVED
43413,MANNAR,8.98,79.92,2022-11-01,130.799998581409,24.8,29.6,,87,Mannar,RESOLVED
43413,MANNAR,8.98,79.92,2022-12-01,205.20000115037,24.8,29.2,,87,Mannar,RESOLVED
43413,MANNAR,8.98,79.92,2023-01-01,41.3000002503395,24.2,29.0,,87,Mannar,RESOLVED
43413,MANNAR,8.98,79.92,2023-02-01,125.599998235703,24.0,29.8,,87,Mannar,RESOLVED
43413,MANNAR,8.98,79.92,2023-03-01,3.90000005066395,25.8,32.1,,87,Mannar,RESOLVED
43413,MANNAR,8.98,79.92,2023-04-01,61.300000667572,26.3,33.6,,87,Mannar,RESOLVED
43413,MANNAR,8.98,79.92,2023-05-01,163.400001481175,27.5,32.0,,87,Mannar,RESOLVED
43413,MANNAR,8.98,79.92,2023-06-01,14.3000001907349,28.4,31.9,,87,Mannar,RESOLVED
43413,MANNAR,8.98,79.92,2023-07-01,1.80000001192093,27.3,31.0,,87,Mannar,RESOLVED
43413,MANNAR,8.98,79.92,2023-08-01,0.0,27.2,31.3,,87,Mannar,RESOLVED
43413,MANNAR,8.98,79.92,2023-09-01,6.80000007152557,27.4,31.3,,87,Mannar,RESOLVED
43413,MANNAR,8.98,79.92,2023-10-01,154.199999392033,25.7,31.0,,87,Mannar,RESOLVED
43413,MANNAR,8.98,79.92,2023-11-01,359.500003695488,25.5,30.4,,87,Mannar,RESOLVED
43413,MANNAR,8.98,79.92,2023-12-01,305.599995404482,25.6,29.6,,87,Mannar,RESOLVED
43413,MANNAR,8.98,79.92,2024-01-01,33.3000004068017,25.3,29.8,,87,Mannar,RESOLVED
43413,MANNAR,8.98,79.92,2024-02-01,0.300000011920929,25.8,31.9,,87,Mannar,RESOLVED
43413,MANNAR,8.98,79.92,2024-03-01,65.0,25.2,33.2,,87,Mannar,RESOLVED
43413,MANNAR,8.98,79.92,2024-04-01,82.9000005722046,27.3,34.1,,87,Mannar,RESOLVED
43413,MANNAR,8.98,79.92,2024-05-01,115.199999980628,27.2,32.4,,87,Mannar,RESOLVED
43413,MANNAR,8.98,79.92,2024-06-01,54.3999991416931,27.8,31.3,,87,Mannar,RESOLVED
43413,MANNAR,8.98,79.92,2024-07-01,0.0,28.1,,,87,Mannar,RESOLVED
43413,MANNAR,8.98,79.92,2024-08-01,139.899999812245,26.9,31.6,,87,Mannar,RESOLVED
43413,MANNAR,8.98,79.92,2024-09-01,4.60000002384186,27.7,31.6,,87,Mannar,RESOLVED
43413,MANNAR,8.98,79.92,2024-10-01,534.499998033047,25.9,30.6,,87,Mannar,RESOLVED
43413,MANNAR,8.98,79.92,2024-11-01,653.000004321337,25.3,29.6,,87,Mannar,RESOLVED
43413,MANNAR,8.98,79.92,2024-12-01,117.999999284744,25.6,29.8,,87,Mannar,RESOLVED
43413,MANNAR,8.98,79.92,2025-01-01,263.199999153614,24.9,28.6,,87,Mannar,RESOLVED
43413,MANNAR,8.98,79.92,2025-02-01,59.9000019133091,24.6,30.6,,87,Mannar,RESOLVED
43413,MANNAR,8.98,79.92,2025-03-01,30.8000003471971,25.4,32.2,,87,Mannar,RESOLVED
43413,MANNAR,8.98,79.92,2025-04-01,29.3000005036592,26.7,33.0,,87,Mannar,RESOLVED
43413,MANNAR,8.98,79.92,2025-05-01,142.999998092651,27.8,32.4,,87,Mannar,RESOLVED
43413,MANNAR,8.98,79.92,2025-06-01,0.0,28.0,31.4,,87,Mannar,RESOLVED
43413,MANNAR,8.98,79.92,2025-07-01,0.0,27.3,31.6,,87,Mannar,RESOLVED
43413,MANNAR,8.98,79.92,2025-08-01,0.200000002980232,26.7,30.8,,87,Mannar,RESOLVED
43413,MANNAR,8.98,79.92,2025-09-01,1.0,27.4,31.4,,87,Mannar,RESOLVED
43413,MANNAR,8.98,79.92,2025-10-01,221.400001958013,26.0,31.1,,87,Mannar,RESOLVED
43418,TRINCOMALEE,8.58,81.25,2021-01-01,229.500000745058,24.0,28.8,,,,UNRESOLVED_OUTSIDE_BOUNDARY
43418,TRINCOMALEE,8.58,81.25,2021-02-01,41.4000008255243,23.9,29.4,,,,UNRESOLVED_OUTSIDE_BOUNDARY
43418,TRINCOMALEE,8.58,81.25,2021-03-01,17.9000000953674,24.6,31.8,,,,UNRESOLVED_OUTSIDE_BOUNDARY
43418,TRINCOMALEE,8.58,81.25,2021-04-01,73.199999935925,25.1,34.2,,,,UNRESOLVED_OUTSIDE_BOUNDARY
43418,TRINCOMALEE,8.58,81.25,2021-05-01,28.9000003263354,26.0,33.7,,,,UNRESOLVED_OUTSIDE_BOUNDARY
43418,TRINCOMALEE,8.58,81.25,2021-06-01,7.79999998211861,26.0,35.0,,,,UNRESOLVED_OUTSIDE_BOUNDARY
43418,TRINCOMALEE,8.58,81.25,2021-07-01,71.9000002145767,25.8,34.6,,,,UNRESOLVED_OUTSIDE_BOUNDARY
43418,TRINCOMALEE,8.58,81.25,2021-08-01,39.6999997645617,25.6,34.5,,,,UNRESOLVED_OUTSIDE_BOUNDARY
43418,TRINCOMALEE,8.58,81.25,2021-09-01,203.299999587238,25.5,34.4,,,,UNRESOLVED_OUTSIDE_BOUNDARY
43418,TRINCOMALEE,8.58,81.25,2021-10-01,298.300002463162,24.8,31.8,,,,UNRESOLVED_OUTSIDE_BOUNDARY
43418,TRINCOMALEE,8.58,81.25,2021-11-01,566.399991668761,24.0,30.0,,,,UNRESOLVED_OUTSIDE_BOUNDARY
43418,TRINCOMALEE,8.58,81.25,2021-12-01,113.199998535216,23.9,,,,,UNRESOLVED_OUTSIDE_BOUNDARY
43418,TRINCOMALEE,8.58,81.25,2022-01-01,187.100000441074,23.1,29.3,,,,UNRESOLVED_OUTSIDE_BOUNDARY
43418,TRINCOMALEE,8.58,81.25,2022-02-01,258.500004053116,23.5,29.4,,,,UNRESOLVED_OUTSIDE_BOUNDARY
43418,TRINCOMALEE,8.58,81.25,2022-03-01,110.2000015378,24.7,31.1,,,,UNRESOLVED_OUTSIDE_BOUNDARY
43418,TRINCOMALEE,8.58,81.25,2022-04-01,90.3000003993511,24.6,32.6,,,,UNRESOLVED_OUTSIDE_BOUNDARY
43418,TRINCOMALEE,8.58,81.25,2022-06-01,96.2999980002642,25.7,34.1,,,,UNRESOLVED_OUTSIDE_BOUNDARY
43418,TRINCOMALEE,8.58,81.25,2022-07-01,78.499999858439,25.3,33.6,,,,UNRESOLVED_OUTSIDE_BOUNDARY
43418,TRINCOMALEE,8.58,81.25,2022-08-01,59.4999996200204,25.0,33.4,,,,UNRESOLVED_OUTSIDE_BOUNDARY
43418,TRINCOMALEE,8.58,81.25,2022-09-01,50.0,24.7,34.1,,,,UNRESOLVED_OUTSIDE_BOUNDARY
43418,TRINCOMALEE,8.58,81.25,2022-10-01,265.699998795986,24.1,31.9,,,,UNRESOLVED_OUTSIDE_BOUNDARY
43418,TRINCOMALEE,8.58,81.25,2022-11-01,286.400002039969,23.3,29.6,,,,UNRESOLVED_OUTSIDE_BOUNDARY
43418,TRINCOMALEE,8.58,81.25,2022-12-01,334.09999666363,23.5,28.6,,,,UNRESOLVED_OUTSIDE_BOUNDARY
43418,TRINCOMALEE,8.58,81.25,2023-01-01,115.799998760223,22.9,28.4,,,,UNRESOLVED_OUTSIDE_BOUNDARY
43418,TRINCOMALEE,8.58,81.25,2023-02-01,187.200000435114,23.9,29.3,,,,UNRESOLVED_OUTSIDE_BOUNDARY
43418,TRINCOMALEE,8.58,81.25,2023-03-01,87.0000032931566,24.8,31.0,,,,UNRESOLVED_OUTSIDE_BOUNDARY
43418,TRINCOMALEE,8.58,81.25,2023-04-01,45.1999992132187,,33.7,,,,UNRESOLVED_OUTSIDE_BOUNDARY
43418,TRINCOMALEE,8.58,81.25,2023-05-01,94.9999984279275,25.4,33.9,,,,UNRESOLVED_OUTSIDE_BOUNDARY
43418,TRINCOMALEE,8.58,81.25,2023-06-01,46.7000007629395,26.7,35.4,,,,UNRESOLVED_OUTSIDE_BOUNDARY
43418,TRINCOMALEE,8.58,81.25,2023-07-01,0.400000005960464,26.5,35.3,,,,UNRESOLVED_OUTSIDE_BOUNDARY
43418,TRINCOMALEE,8.58,81.25,2023-08-01,76.9000017270446,25.6,36.7,,,,UNRESOLVED_OUTSIDE_BOUNDARY
43418,TRINCOMALEE,8.58,81.25,2023-09-01,90.8000002875924,25.5,34.4,,,,UNRESOLVED_OUTSIDE_BOUNDARY
43418,TRINCOMALEE,8.58,81.25,2023-10-01,561.399990811944,24.2,32.0,,,,UNRESOLVED_OUTSIDE_BOUNDARY
43418,TRINCOMALEE,8.58,81.25,2023-11-01,401.400002293289,24.7,30.4,,,,UNRESOLVED_OUTSIDE_BOUNDARY
43418,TRINCOMALEE,8.58,81.25,2023-12-01,553.9000037238,24.9,29.5,,,,UNRESOLVED_OUTSIDE_BOUNDARY
43418,TRINCOMALEE,8.58,81.25,2024-01-01,191.500003926456,24.6,29.3,,,,UNRESOLVED_OUTSIDE_BOUNDARY
43418,TRINCOMALEE,8.58,81.25,2024-02-01,5.79999996721745,25.7,31.3,,,,UNRESOLVED_OUTSIDE_BOUNDARY
43418,TRINCOMALEE,8.58,81.25,2024-03-01,7.30000019073486,24.8,33.1,,,,UNRESOLVED_OUTSIDE_BOUNDARY
43418,TRINCOMALEE,8.58,81.25,2024-04-01,50.3999990224838,26.2,34.7,,,,UNRESOLVED_OUTSIDE_BOUNDARY
43418,TRINCOMALEE,8.58,81.25,2024-05-01,90.2999980002642,26.4,34.2,,,,UNRESOLVED_OUTSIDE_BOUNDARY
43418,TRINCOMALEE,8.58,81.25,2024-06-01,55.0000001937151,26.4,34.4,,,,UNRESOLVED_OUTSIDE_BOUNDARY
43418,TRINCOMALEE,8.58,81.25,2024-07-01,4.0,26.8,35.9,,,,UNRESOLVED_OUTSIDE_BOUNDARY
43418,TRINCOMALEE,8.58,81.25,2024-08-01,132.700001865625,25.2,33.7,,,,UNRESOLVED_OUTSIDE_BOUNDARY
43418,TRINCOMALEE,8.58,81.25,2024-09-01,40.0999997854233,26.3,,,,,UNRESOLVED_OUTSIDE_BOUNDARY
43418,TRINCOMALEE,8.58,81.25,2024-10-01,392.900007143617,24.4,32.8,,,,UNRESOLVED_OUTSIDE_BOUNDARY
43418,TRINCOMALEE,8.58,81.25,2024-11-01,626.699994765222,23.8,29.6,,,,UNRESOLVED_OUTSIDE_BOUNDARY
43418,TRINCOMALEE,8.58,81.25,2024-12-01,143.200001835823,24.0,30.2,,,,UNRESOLVED_OUTSIDE_BOUNDARY
43418,TRINCOMALEE,8.58,81.25,2025-01-01,366.200000524521,24.0,28.6,,,,UNRESOLVED_OUTSIDE_BOUNDARY
43418,TRINCOMALEE,8.58,81.25,2025-02-01,89.2999981045723,23.6,30.6,,,,UNRESOLVED_OUTSIDE_BOUNDARY
43418,TRINCOMALEE,8.58,81.25,2025-03-01,118.399998903275,24.6,31.5,,,,UNRESOLVED_OUTSIDE_BOUNDARY
43418,TRINCOMALEE,8.58,81.25,2025-04-01,142.099998891354,24.9,34.1,,,,UNRESOLVED_OUTSIDE_BOUNDARY
43418,TRINCOMALEE,8.58,81.25,2025-05-01,28.8999994769692,25.7,34.1,,,,UNRESOLVED_OUTSIDE_BOUNDARY
43418,TRINCOMALEE,8.58,81.25,2025-06-01,12.5,26.6,35.0,,,,UNRESOLVED_OUTSIDE_BOUNDARY
43418,TRINCOMALEE,8.58,81.25,2025-07-01,0.0,26.5,35.6,,,,UNRESOLVED_OUTSIDE_BOUNDARY
43418,TRINCOMALEE,8.58,81.25,2025-08-01,63.400000013411,25.5,34.7,,,,UNRESOLVED_OUTSIDE_BOUNDARY
43418,TRINCOMALEE,8.58,81.25,2025-09-01,129.299997523427,26.0,35.1,,,,UNRESOLVED_OUTSIDE_BOUNDARY
43418,TRINCOMALEE,8.58,81.25,2025-10-01,161.699997097254,24.4,32.7,,,,UNRESOLVED_OUTSIDE_BOUNDARY
43421,ANURADHAPURA,8.35,80.38,2021-01-01,168.600000753999,22.9,29.6,,74,Anuradhapura,RESOLVED
43421,ANURADHAPURA,8.35,80.38,2021-02-01,18.8000001013279,22.4,31.3,,74,Anuradhapura,RESOLVED
43421,ANURADHAPURA,8.35,80.38,2021-03-01,40.4999993145466,23.8,33.2,,74,Anuradhapura,RESOLVED
43421,ANURADHAPURA,8.35,80.38,2021-04-01,131.000000551343,24.8,34.2,,74,Anuradhapura,RESOLVED
43421,ANURADHAPURA,8.35,80.38,2021-05-01,90.5999994203448,25.1,32.7,,74,Anuradhapura,RESOLVED
43421,ANURADHAPURA,8.35,80.38,2021-06-01,3.0000000372529,25.2,33.1,,74,Anuradhapura,RESOLVED
43421,ANURADHAPURA,8.35,80.38,2021-07-01,72.0999996215105,25.2,33.0,,74,Anuradhapura,RESOLVED
43421,ANURADHAPURA,8.35,80.38,2021-08-01,106.19999859482,25.0,33.0,,74,Anuradhapura,RESOLVED
43421,ANURADHAPURA,8.35,80.38,2021-09-01,132.600003123283,25.2,33.2,,74,Anuradhapura,RESOLVED
43421,ANURADHAPURA,8.35,80.38,2021-10-01,281.499996677041,24.2,31.7,,74,Anuradhapura,RESOLVED
43421,ANURADHAPURA,8.35,80.38,2021-11-01,413.599999547005,23.7,30.1,,74,Anuradhapura,RESOLVED
43421,ANURADHAPURA,8.35,80.38,2021-12-01,74.8999999165535,22.8,,,74,Anuradhapura,RESOLVED
43421,ANURADHAPURA,8.35,80.38,2022-01-01,73.1000012904406,22.3,30.5,,74,Anuradhapura,RESOLVED
43421,ANURADHAPURA,8.35,80.38,2022-02-01,70.8000006079674,22.1,31.0,,74,Anuradhapura,RESOLVED
43421,ANURADHAPURA,8.35,80.38,2022-03-01,90.1000000014901,23.9,33.4,,74,Anuradhapura,RESOLVED
43421,ANURADHAPURA,8.35,80.38,2022-04-01,440.999996900558,24.3,33.5,,74,Anuradhapura,RESOLVED
43421,ANURADHAPURA,8.35,80.38,2022-06-01,13.6999995708466,25.1,32.8,,74,Anuradhapura,RESOLVED
43421,ANURADHAPURA,8.35,80.38,2022-07-01,87.1000000238419,24.6,33.1,,74,Anuradhapura,RESOLVED
43421,ANURADHAPURA,8.35,80.38,2022-08-01,55.0000010728836,24.8,32.5,,74,Anuradhapura,RESOLVED
43421,ANURADHAPURA,8.35,80.38,2022-09-01,41.0999991446733,24.5,32.7,,74,Anuradhapura,RESOLVED
43421,ANURADHAPURA,8.35,80.38,2022-10-01,169.200002238154,24.1,32.2,,74,Anuradhapura,RESOLVED
43421,ANURADHAPURA,8.35,80.38,2022-11-01,207.100000917912,23.0,30.9,,74,Anuradhapura,RESOLVED
43421,ANURADHAPURA,8.35,80.38,2022-12-01,310.199996650219,22.6,29.3,,74,Anuradhapura,RESOLVED
43421,ANURADHAPURA,8.35,80.38,2023-01-01,149.300000429153,21.4,29.4,,74,Anuradhapura,RESOLVED
43421,ANURADHAPURA,8.35,80.38,2023-02-01,69.0999991893768,22.2,30.9,,74,Anuradhapura,RESOLVED
43421,ANURADHAPURA,8.35,80.38,2023-03-01,72.1999990940094,23.9,33.0,,74,Anuradhapura,RESOLVED
43421,ANURADHAPURA,8.35,80.38,2023-04-01,274.499996557832,24.8,34.3,,74,Anuradhapura,RESOLVED
43421,ANURADHAPURA,8.35,80.38,2023-05-01,121.19999974966,25.3,33.2,,74,Anuradhapura,RESOLVED
43421,ANURADHAPURA,8.35,80.38,2023-06-01,1.79999995231628,26.0,33.9,,74,Anuradhapura,RESOLVED
43421,ANURADHAPURA,8.35,80.38,2023-07-01,0.0,25.9,33.9,,74,Anuradhapura,RESOLVED
43421,ANURADHAPURA,8.35,80.38,2023-08-01,2.60000005364418,25.5,35.8,,74,Anuradhapura,RESOLVED
43421,ANURADHAPURA,8.35,80.38,2023-09-01,48.499999538064,25.0,33.3,,74,Anuradhapura,RESOLVED
43421,ANURADHAPURA,8.35,80.38,2023-10-01,257.299995981157,24.2,32.4,,74,Anuradhapura,RESOLVED
43421,ANURADHAPURA,8.35,80.38,2023-11-01,419.799996942282,24.4,31.3,,74,Anuradhapura,RESOLVED
43421,ANURADHAPURA,8.35,80.38,2023-12-01,236.600002922118,24.4,30.1,,74,Anuradhapura,RESOLVED
43421,ANURADHAPURA,8.35,80.38,2024-01-01,124.699996456504,23.4,30.4,,74,Anuradhapura,RESOLVED
43421,ANURADHAPURA,8.35,80.38,2024-02-01,34.5000007748604,24.0,32.7,,74,Anuradhapura,RESOLVED
43421,ANURADHAPURA,8.35,80.38,2024-03-01,29.0000007152557,24.6,35.0,,74,Anuradhapura,RESOLVED
43421,ANURADHAPURA,8.35,80.38,2024-04-01,28.9999997541308,26.1,35.9,,74,Anuradhapura,RESOLVED
43421,ANURADHAPURA,8.35,80.38,2024-05-01,258.599999070168,25.7,33.6,,74,Anuradhapura,RESOLVED
43421,ANURADHAPURA,8.35,80.38,2024-06-01,5.00000014901161,25.7,32.9,,74,Anuradhapura,RESOLVED
43421,ANURADHAPURA,8.35,80.38,2024-07-01,0.0,25.9,33.9,,74,Anuradhapura,RESOLVED
43421,ANURADHAPURA,8.35,80.38,2024-08-01,105.89999897778,25.1,33.2,,74,Anuradhapura,RESOLVED
43421,ANURADHAPURA,8.35,80.38,2024-09-01,3.49999994039536,25.6,34.5,,74,Anuradhapura,RESOLVED
43421,ANURADHAPURA,8.35,80.38,2024-10-01,205.899998657405,24.7,32.7,,74,Anuradhapura,RESOLVED
43421,ANURADHAPURA,8.35,80.38,2024-11-01,467.499999172986,23.8,30.1,,74,Anuradhapura,RESOLVED
43421,ANURADHAPURA,8.35,80.38,2024-12-01,295.400001347065,23.7,31.1,,74,Anuradhapura,RESOLVED
43421,ANURADHAPURA,8.35,80.38,2025-01-01,260.599999561906,23.1,29.1,,74,Anuradhapura,RESOLVED
43421,ANURADHAPURA,8.35,80.38,2025-02-01,186.900002241135,22.8,32.0,,74,Anuradhapura,RESOLVED
43421,ANURADHAPURA,8.35,80.38,2025-03-01,67.7000003010035,24.4,33.1,,74,Anuradhapura,RESOLVED
43421,ANURADHAPURA,8.35,80.38,2025-04-01,188.200000859797,25.2,34.2,,74,Anuradhapura,RESOLVED
43421,ANURADHAPURA,8.35,80.38,2025-05-01,131.199999719858,25.5,33.3,,74,Anuradhapura,RESOLVED
43421,ANURADHAPURA,8.35,80.38,2025-06-01,7.70000004768372,25.7,33.1,,74,Anuradhapura,RESOLVED
43421,ANURADHAPURA,8.35,80.38,2025-07-01,0.0,25.6,34.2,,74,Anuradhapura,RESOLVED
43421,ANURADHAPURA,8.35,80.38,2025-08-01,25.7000007629395,25.1,34.0,,74,Anuradhapura,RESOLVED
43421,ANURADHAPURA,8.35,80.38,2025-09-01,7.80000007152557,25.6,,,74,Anuradhapura,RESOLVED
43421,ANURADHAPURA,8.35,80.38,2025-10-01,296.100003808737,24.2,,,74,Anuradhapura,RESOLVED
43424,PUTTALAM,8.03,79.83,2021-01-01,96.8999986350536,22.8,30.8,,94,Puttalam,RESOLVED
43424,PUTTALAM,8.03,79.83,2021-02-01,9.89999961853027,21.9,31.7,,94,Puttalam,RESOLVED
43424,PUTTALAM,8.03,79.83,2021-03-01,70.1000011265278,23.3,33.6,,94,Puttalam,RESOLVED
43424,PUTTALAM,8.03,79.83,2021-04-01,66.2999997138977,25.2,33.0,,94,Puttalam,RESOLVED
43424,PUTTALAM,8.03,79.83,2021-05-01,303.600003018975,25.6,31.8,,94,Puttalam,RESOLVED
43424,PUTTALAM,8.03,79.83,2021-06-01,129.699998624623,26.8,31.5,,94,Puttalam,RESOLVED
43424,PUTTALAM,8.03,79.83,2021-07-01,2.89999996870756,26.6,31.8,,94,Puttalam,RESOLVED
43424,PUTTALAM,8.03,79.83,2021-08-01,6.09999995678663,26.3,31.5,,94,Puttalam,RESOLVED
43424,PUTTALAM,8.03,79.83,2021-09-01,11.3999997451901,26.8,32.2,,94,Puttalam,RESOLVED
43424,PUTTALAM,8.03,79.83,2021-10-01,333.30000218004,25.2,31.1,,94,Puttalam,RESOLVED
43424,PUTTALAM,8.03,79.83,2021-12-01,37.2999999001622,22.8,31.5,,94,Puttalam,RESOLVED
43424,PUTTALAM,8.03,79.83,2022-01-01,43.8000001907349,22.7,31.7,,94,Puttalam,RESOLVED
43424,PUTTALAM,8.03,79.83,2022-02-01,69.6999986320734,21.9,31.7,,94,Puttalam,RESOLVED
43424,PUTTALAM,8.03,79.83,2022-03-01,40.2000005245209,24.3,32.3,,94,Puttalam,RESOLVED
43424,PUTTALAM,8.03,79.83,2022-04-01,192.599996030331,24.7,32.7,,94,Puttalam,RESOLVED
43424,PUTTALAM,8.03,79.83,2022-06-01,35.9999995529652,26.7,31.2,,94,Puttalam,RESOLVED
43424,PUTTALAM,8.03,79.83,2022-07-01,29.099999114871,25.8,31.3,,94,Puttalam,RESOLVED
43424,PUTTALAM,8.03,79.83,2022-08-01,27.1999995708466,25.9,30.9,,94,Puttalam,RESOLVED
43424,PUTTALAM,8.03,79.83,2022-09-01,6.19999998807907,25.9,31.3,,94,Puttalam,RESOLVED
43424,PUTTALAM,8.03,79.83,2022-10-01,193.299999237061,24.8,30.9,,94,Puttalam,RESOLVED
43424,PUTTALAM,8.03,79.83,2022-11-01,185.400002218783,23.0,30.8,,94,Puttalam,RESOLVED
43424,PUTTALAM,8.03,79.83,2022-12-01,146.599998101592,22.9,30.3,,94,Puttalam,RESOLVED
43424,PUTTALAM,8.03,79.83,2023-01-01,119.800000265241,21.2,30.6,,94,Puttalam,RESOLVED
43424,PUTTALAM,8.03,79.83,2023-02-01,42.2000004053116,21.8,31.9,,94,Puttalam,RESOLVED
43424,PUTTALAM,8.03,79.83,2023-03-01,57.300000667572,,33.2,,94,Puttalam,RESOLVED
43424,PUTTALAM,8.03,79.83,2023-04-01,112.000002622604,24.7,34.0,,94,Puttalam,RESOLVED
43424,PUTTALAM,8.03,79.83,2023-05-01,206.69999819994,26.2,32.7,,94,Puttalam,RESOLVED
43424,PUTTALAM,8.03,79.83,2023-06-01,0.200000002980232,27.9,32.5,,94,Puttalam,RESOLVED
43424,PUTTALAM,8.03,79.83,2023-07-01,2.10000003129244,27.0,32.0,,94,Puttalam,RESOLVED
43424,PUTTALAM,8.03,79.83,2023-08-01,5.09999996423721,26.9,32.9,,94,Puttalam,RESOLVED
43424,PUTTALAM,8.03,79.83,2023-09-01,138.900000788271,25.8,31.5,,94,Puttalam,RESOLVED
43424,PUTTALAM,8.03,79.83,2023-10-01,236.200001232326,24.4,31.2,,94,Puttalam,RESOLVED
43424,PUTTALAM,8.03,79.83,2023-11-01,423.100001387298,24.2,,,94,Puttalam,RESOLVED
43424,PUTTALAM,8.03,79.83,2023-12-01,340.499997779727,24.3,31.2,,94,Puttalam,RESOLVED
43424,PUTTALAM,8.03,79.83,2024-01-01,94.8999998122454,,31.4,,94,Puttalam,RESOLVED
43424,PUTTALAM,8.03,79.83,2024-02-01,0.899999991059303,23.3,34.1,,94,Puttalam,RESOLVED
43424,PUTTALAM,8.03,79.83,2024-03-01,0.400000005960464,23.9,35.1,,94,Puttalam,RESOLVED
43424,PUTTALAM,8.03,79.83,2024-04-01,100.500000983477,25.9,35.1,,94,Puttalam,RESOLVED
43424,PUTTALAM,8.03,79.83,2024-06-01,84.3000003099442,26.7,31.8,,94,Puttalam,RESOLVED
43424,PUTTALAM,8.03,79.83,2024-07-01,,27.2,32.1,,94,Puttalam,RESOLVED
43424,PUTTALAM,8.03,79.83,2024-08-01,295.100006997585,26.2,32.2,,94,Puttalam,RESOLVED
43424,PUTTALAM,8.03,79.83,2024-09-01,23.1000004708767,27.2,32.0,,94,Puttalam,RESOLVED
43424,PUTTALAM,8.03,79.83,2024-10-01,352.499998725951,25.1,31.1,,94,Puttalam,RESOLVED
43424,PUTTALAM,8.03,79.83,2024-11-01,411.800000682473,23.9,30.7,,94,Puttalam,RESOLVED
43424,PUTTALAM,8.03,79.83,2024-12-01,44.2999998405576,23.7,31.5,,94,Puttalam,RESOLVED
43424,PUTTALAM,8.03,79.83,2025-01-01,145.300000175834,22.8,30.1,,94,Puttalam,RESOLVED
43424,PUTTALAM,8.03,79.83,2025-02-01,49.4000000953674,22.2,32.9,,94,Puttalam,RESOLVED
43424,PUTTALAM,8.03,79.83,2025-03-01,131.300000667572,,32.9,,94,Puttalam,RESOLVED
43424,PUTTALAM,8.03,79.83,2025-04-01,150.800000108778,25.4,32.9,,94,Puttalam,RESOLVED
43424,PUTTALAM,8.03,79.83,2025-05-01,134.300001375377,26.8,32.6,,94,Puttalam,RESOLVED
43424,PUTTALAM,8.03,79.83,2025-06-01,54.900001168251,27.2,31.8,,94,Puttalam,RESOLVED
43424,PUTTALAM,8.03,79.83,2025-07-01,0.100000001490116,26.5,31.9,,94,Puttalam,RESOLVED
43424,PUTTALAM,8.03,79.83,2025-08-01,0.400000005960464,26.2,31.8,,94,Puttalam,RESOLVED
43424,PUTTALAM,8.03,79.83,2025-09-01,12.2000003606081,26.8,32.3,,94,Puttalam,RESOLVED
43424,PUTTALAM,8.03,79.83,2025-10-01,,24.9,31.6,,94,Puttalam,RESOLVED
43436,BATTICALOA,7.72,81.7,2021-01-01,761.199988752604,23.9,28.7,,76,Batticaloa,RESOLVED
43436,BATTICALOA,7.72,81.7,2021-02-01,153.399997353554,24.4,29.3,,76,Batticaloa,RESOLVED
43436,BATTICALOA,7.72,81.7,2021-03-01,96.9999981969595,24.6,30.7,,76,Batticaloa,RESOLVED
43436,BATTICALOA,7.72,81.7,2021-04-01,57.4000015258789,26.0,32.3,,76,Batticaloa,RESOLVED
43436,BATTICALOA,7.72,81.7,2021-05-01,89.6999988853931,26.3,33.0,,76,Batticaloa,RESOLVED
43436,BATTICALOA,7.72,81.7,2021-06-01,53.4999998211861,25.9,34.1,,76,Batticaloa,RESOLVED
43436,BATTICALOA,7.72,81.7,2021-07-01,64.3999989628792,26.0,,,76,Batticaloa,RESOLVED
43436,BATTICALOA,7.72,81.7,2021-08-01,48.1999999657273,25.9,33.0,,76,Batticaloa,RESOLVED
43436,BATTICALOA,7.72,81.7,2021-09-01,61.9000001102686,25.9,33.2,,76,Batticaloa,RESOLVED
43436,BATTICALOA,7.72,81.7,2021-10-01,71.799999922514,25.2,31.8,,76,Batticaloa,RESOLVED
43436,BATTICALOA,7.72,81.7,2021-11-01,492.299994841218,24.8,30.6,,76,Batticaloa,RESOLVED
43436,BATTICALOA,7.72,81.7,2021-12-01,322.599995709956,24.1,,,76,Batticaloa,RESOLVED
43436,BATTICALOA,7.72,81.7,2022-01-01,351.200002528727,22.7,29.2,,76,Batticaloa,RESOLVED
43436,BATTICALOA,7.72,81.7,2022-02-01,162.90000128746,23.6,29.4,,76,Batticaloa,RESOLVED
43436,BATTICALOA,7.72,81.7,2022-03-01,132.300001382828,24.6,30.8,,76,Batticaloa,RESOLVED
43436,BATTICALOA,7.72,81.7,2022-04-01,72.7999994754791,24.9,32.2,,76,Batticaloa,RESOLVED
43436,BATTICALOA,7.72,81.7,2022-06-01,5.30000002682209,25.7,33.6,,76,Batticaloa,RESOLVED
43436,BATTICALOA,7.72,81.7,2022-07-01,41.800001502037,25.5,33.9,,76,Batticaloa,RESOLVED
43436,BATTICALOA,7.72,81.7,2022-08-01,175.099997617304,24.6,32.9,,76,Batticaloa,RESOLVED
43436,BATTICALOA,7.72,81.7,2022-09-01,22.8000004291534,24.4,32.6,,76,Batticaloa,RESOLVED
43436,BATTICALOA,7.72,81.7,2022-10-01,158.700000166893,24.2,31.7,,76,Batticaloa,RESOLVED
43436,BATTICALOA,7.72,81.7,2022-11-01,399.899998500943,23.1,29.6,,76,Batticaloa,RESOLVED
43436,BATTICALOA,7.72,81.7,2022-12-01,323.500001788139,22.9,28.5,,76,Batticaloa,RESOLVED
43436,BATTICALOA,7.72,81.7,2023-01-01,246.40000115335,22.8,28.2,,76,Batticaloa,RESOLVED
43436,BATTICALOA,7.72,81.7,2023-02-01,196.000000149012,23.8,28.7,,76,Batticaloa,RESOLVED
43436,BATTICALOA,7.72,81.7,2023-03-01,149.199999988079,25.2,30.7,,76,Batticaloa,RESOLVED
43436,BATTICALOA,7.72,81.7,2023-04-01,94.4999971464276,25.8,32.4,,76,Batticaloa,RESOLVED
43436,BATTICALOA,7.72,81.7,2023-05-01,52.1000006198883,26.2,32.8,,76,Batticaloa,RESOLVED
43436,BATTICALOA,7.72,81.7,2023-06-01,19.3000001460314,26.6,33.8,,76,Batticaloa,RESOLVED
43436,BATTICALOA,7.72,81.7,2023-07-01,2.29999995231628,26.2,34.7,,76,Batticaloa,RESOLVED
43436,BATTICALOA,7.72,81.7,2023-08-01,8.80000019073486,26.3,32.4,,76,Batticaloa,RESOLVED
43436,BATTICALOA,7.72,81.7,2023-09-01,188.899998486042,25.8,33.6,,76,Batticaloa,RESOLVED
43436,BATTICALOA,7.72,81.7,2023-10-01,216.000001788139,24.9,31.5,,76,Batticaloa,RESOLVED
43436,BATTICALOA,7.72,81.7,2023-11-01,341.800002612174,25.0,30.6,,76,Batticaloa,RESOLVED
43436,BATTICALOA,7.72,81.7,2023-12-01,481.299998119473,25.2,29.7,,76,Batticaloa,RESOLVED
43436,BATTICALOA,7.72,81.7,2024-01-01,711.800001360476,24.3,29.0,,76,Batticaloa,RESOLVED
43436,BATTICALOA,7.72,81.7,2024-02-01,62.4000006616116,25.4,30.2,,76,Batticaloa,RESOLVED
43436,BATTICALOA,7.72,81.7,2024-03-01,84.7000004798174,25.2,31.3,,76,Batticaloa,RESOLVED
43436,BATTICALOA,7.72,81.7,2024-04-01,77.3999995738268,26.6,32.7,,76,Batticaloa,RESOLVED
43436,BATTICALOA,7.72,81.7,2024-05-01,41.8000000044703,26.7,33.5,,76,Batticaloa,RESOLVED
43436,BATTICALOA,7.72,81.7,2024-06-01,3.29999998211861,26.7,34.3,,76,Batticaloa,RESOLVED
43436,BATTICALOA,7.72,81.7,2024-07-01,6.20000004768372,26.8,35.7,,76,Batticaloa,RESOLVED
43436,BATTICALOA,7.72,81.7,2024-08-01,111.299999527633,26.0,33.0,,76,Batticaloa,RESOLVED
43436,BATTICALOA,7.72,81.7,2024-09-01,40.2999991774559,26.0,35.0,,76,Batticaloa,RESOLVED
43436,BATTICALOA,7.72,81.7,2024-10-01,163.999997802079,25.5,31.5,,76,Batticaloa,RESOLVED
43436,BATTICALOA,7.72,81.7,2024-11-01,582.800005018711,24.7,30.0,,76,Batticaloa,RESOLVED
43436,BATTICALOA,7.72,81.7,2024-12-01,88.1999985575676,24.7,29.7,,76,Batticaloa,RESOLVED
43436,BATTICALOA,7.72,81.7,2025-01-01,341.099995926023,24.4,28.0,,76,Batticaloa,RESOLVED
43436,BATTICALOA,7.72,81.7,2025-02-01,217.699997581542,24.4,29.8,,76,Batticaloa,RESOLVED
43436,BATTICALOA,7.72,81.7,2025-03-01,99.2999998703599,25.1,30.8,,76,Batticaloa,RESOLVED
43436,BATTICALOA,7.72,81.7,2025-04-01,56.8000002652407,25.7,32.4,,76,Batticaloa,RESOLVED
43436,BATTICALOA,7.72,81.7,2025-05-01,24.2999995946884,26.6,34.0,,76,Batticaloa,RESOLVED
43436,BATTICALOA,7.72,81.7,2025-06-01,0.300000011920929,26.7,35.0,,76,Batticaloa,RESOLVED
43436,BATTICALOA,7.72,81.7,2025-07-01,0.800000011920929,26.7,35.7,,76,Batticaloa,RESOLVED
43436,BATTICALOA,7.72,81.7,2025-08-01,11.8999998494983,25.9,33.8,,76,Batticaloa,RESOLVED
43436,BATTICALOA,7.72,81.7,2025-09-01,54.9999992549419,25.9,34.5,,76,Batticaloa,RESOLVED
43436,BATTICALOA,7.72,81.7,2025-10-01,106.900000452995,25.3,32.6,,76,Batticaloa,RESOLVED
43444,KATUGASTOTA,7.33,80.63,2021-01-01,143.100001625717,20.4,28.6,,83,Kandy,RESOLVED
43444,KATUGASTOTA,7.33,80.63,2021-02-01,54.6000015214086,19.6,30.3,,83,Kandy,RESOLVED
43444,KATUGASTOTA,7.33,80.63,2021-03-01,86.3999999165535,20.3,31.6,,83,Kandy,RESOLVED
43444,KATUGASTOTA,7.33,80.63,2021-04-01,285.600000679493,21.2,31.6,,83,Kandy,RESOLVED
43444,KATUGASTOTA,7.33,80.63,2021-05-01,326.900001093745,22.3,29.9,,83,Kandy,RESOLVED
43444,KATUGASTOTA,7.33,80.63,2021-06-01,125.399997718632,21.4,29.5,,83,Kandy,RESOLVED
43444,KATUGASTOTA,7.33,80.63,2021-07-01,165.099999554455,22.3,29.0,,83,Kandy,RESOLVED
43444,KATUGASTOTA,7.33,80.63,2021-08-01,136.60000140965,21.9,28.5,,83,Kandy,RESOLVED
43444,KATUGASTOTA,7.33,80.63,2021-09-01,162.599998608232,,28.9,,83,Kandy,RESOLVED
43444,KATUGASTOTA,7.33,80.63,2021-10-01,438.499999478459,21.6,29.1,,83,Kandy,RESOLVED
43444,KATUGASTOTA,7.33,80.63,2021-11-01,451.600002408028,21.1,28.3,,83,Kandy,RESOLVED
43444,KATUGASTOTA,7.33,80.63,2021-12-01,46.3999995291233,20.1,30.2,,83,Kandy,RESOLVED
43444,KATUGASTOTA,7.33,80.63,2022-01-01,14.2000000178814,19.2,30.4,,83,Kandy,RESOLVED
43444,KATUGASTOTA,7.33,80.63,2022-02-01,29.4000005871058,19.4,30.6,,83,Kandy,RESOLVED
43444,KATUGASTOTA,7.33,80.63,2022-03-01,79.9999989271164,21.2,31.7,,83,Kandy,RESOLVED
43444,KATUGASTOTA,7.33,80.63,2022-04-01,250.200000137091,21.6,30.9,,83,Kandy,RESOLVED
43444,KATUGASTOTA,7.33,80.63,2022-06-01,19.4999999403954,21.8,29.1,,83,Kandy,RESOLVED
43444,KATUGASTOTA,7.33,80.63,2022-07-01,157.500000633299,22.1,28.8,,83,Kandy,RESOLVED
43444,KATUGASTOTA,7.33,80.63,2022-08-01,265.000000648201,21.9,28.0,,83,Kandy,RESOLVED
43444,KATUGASTOTA,7.33,80.63,2022-09-01,171.899998366833,20.8,28.9,,83,Kandy,RESOLVED
43444,KATUGASTOTA,7.33,80.63,2022-10-01,249.700001552701,21.1,28.3,,83,Kandy,RESOLVED
43444,KATUGASTOTA,7.33,80.63,2022-11-01,292.40000000596,20.2,29.0,,83,Kandy,RESOLVED
43444,KATUGASTOTA,7.33,80.63,2022-12-01,292.300000697374,19.7,27.6,,83,Kandy,RESOLVED
43444,KATUGASTOTA,7.33,80.63,2023-01-01,45.299999833107,18.6,28.4,,83,Kandy,RESOLVED
43444,KATUGASTOTA,7.33,80.63,2023-02-01,90.5000007748604,19.4,29.3,,83,Kandy,RESOLVED
43444,KATUGASTOTA,7.33,80.63,2023-03-01,66.5000002533197,21.0,31.4,,83,Kandy,RESOLVED
43444,KATUGASTOTA,7.33,80.63,2023-04-01,149.899999171495,21.7,32.2,,83,Kandy,RESOLVED
43444,KATUGASTOTA,7.33,80.63,2023-05-01,134.200000025332,22.2,30.9,,83,Kandy,RESOLVED
43444,KATUGASTOTA,7.33,80.63,2023-06-01,72.7999992966652,22.5,29.6,,83,Kandy,RESOLVED
43444,KATUGASTOTA,7.33,80.63,2023-07-01,64.1999998986721,22.6,29.0,,83,Kandy,RESOLVED
43444,KATUGASTOTA,7.33,80.63,2023-08-01,27.1000008136034,21.6,31.4,,83,Kandy,RESOLVED
43444,KATUGASTOTA,7.33,80.63,2023-09-01,175.10000038892,21.5,28.8,,83,Kandy,RESOLVED
43444,KATUGASTOTA,7.33,80.63,2023-10-01,505.50000192225,21.5,29.5,,83,Kandy,RESOLVED
43444,KATUGASTOTA,7.33,80.63,2023-11-01,545.499999880791,21.7,30.3,,83,Kandy,RESOLVED
43444,KATUGASTOTA,7.33,80.63,2023-12-01,388.199996873736,21.7,28.8,,83,Kandy,RESOLVED
43444,KATUGASTOTA,7.33,80.63,2024-01-01,171.900000944734,20.3,29.7,,83,Kandy,RESOLVED
43444,KATUGASTOTA,7.33,80.63,2024-02-01,56.4000007286668,20.9,30.9,,83,Kandy,RESOLVED
43444,KATUGASTOTA,7.33,80.63,2024-03-01,31.0000004768372,20.9,33.5,,83,Kandy,RESOLVED
43444,KATUGASTOTA,7.33,80.63,2024-04-01,20.4999999850988,22.7,34.1,,83,Kandy,RESOLVED
43444,KATUGASTOTA,7.33,80.63,2024-05-01,343.29999897629,23.0,30.7,,83,Kandy,RESOLVED
43444,KATUGASTOTA,7.33,80.63,2024-06-01,128.799999848008,22.3,29.5,,83,Kandy,RESOLVED
43444,KATUGASTOTA,7.33,80.63,2024-07-01,134.699999406934,22.6,29.3,,83,Kandy,RESOLVED
43444,KATUGASTOTA,7.33,80.63,2024-08-01,145.699999988079,21.8,29.9,,83,Kandy,RESOLVED
43444,KATUGASTOTA,7.33,80.63,2024-09-01,95.7999993786216,21.8,29.5,,83,Kandy,RESOLVED
43444,KATUGASTOTA,7.33,80.63,2024-10-01,142.099999263883,21.7,29.8,,83,Kandy,RESOLVED
43444,KATUGASTOTA,7.33,80.63,2024-11-01,608.099985353649,21.2,28.9,,83,Kandy,RESOLVED
43444,KATUGASTOTA,7.33,80.63,2024-12-01,150.900002352893,20.3,29.3,,83,Kandy,RESOLVED
43444,KATUGASTOTA,7.33,80.63,2025-01-01,213.799998916686,20.7,27.7,,83,Kandy,RESOLVED
43444,KATUGASTOTA,7.33,80.63,2025-02-01,35.6999992728233,19.5,,,83,Kandy,RESOLVED
43444,KATUGASTOTA,7.33,80.63,2025-03-01,158.799997717142,20.7,31.2,,83,Kandy,RESOLVED
43444,KATUGASTOTA,7.33,80.63,2025-04-01,147.70000038296,22.0,31.3,,83,Kandy,RESOLVED
43444,KATUGASTOTA,7.33,80.63,2025-05-01,246.899997405708,22.4,30.0,,83,Kandy,RESOLVED
43444,KATUGASTOTA,7.33,80.63,2025-06-01,167.10000140965,22.4,29.2,,83,Kandy,RESOLVED
43444,KATUGASTOTA,7.33,80.63,2025-07-01,91.7000015303493,22.7,29.0,,83,Kandy,RESOLVED
43444,KATUGASTOTA,7.33,80.63,2025-08-01,71.7000011578202,21.7,29.4,,83,Kandy,RESOLVED
43444,KATUGASTOTA,7.33,80.63,2025-09-01,109.799998372793,21.8,29.6,,83,Kandy,RESOLVED
43444,KATUGASTOTA,7.33,80.63,2025-10-01,257.199997603893,21.0,29.8,,83,Kandy,RESOLVED
43450,KATUNAYAKA,7.17,79.88,2021-01-01,166.400000572205,22.8,30.8,,79,Gampaha,RESOLVED
43450,KATUNAYAKA,7.17,79.88,2021-02-01,1.00000001490116,22.5,32.6,,79,Gampaha,RESOLVED
43450,KATUNAYAKA,7.17,79.88,2021-03-01,209.699995100498,22.9,32.4,,79,Gampaha,RESOLVED
43450,KATUNAYAKA,7.17,79.88,2021-04-01,201.600001491606,24.4,32.0,,79,Gampaha,RESOLVED
43450,KATUNAYAKA,7.17,79.88,2021-05-01,524.200004398823,,31.2,,79,Gampaha,RESOLVED
43450,KATUNAYAKA,7.17,79.88,2021-06-01,362.599998392165,24.1,30.7,,79,Gampaha,RESOLVED
43450,KATUNAYAKA,7.17,79.88,2021-07-01,123.000001110137,25.3,30.6,,79,Gampaha,RESOLVED
43450,KATUNAYAKA,7.17,79.88,2021-08-01,173.100003741682,25.5,,,79,Gampaha,RESOLVED
43450,KATUNAYAKA,7.17,79.88,2021-09-01,134.499999575317,25.3,,,79,Gampaha,RESOLVED
43450,KATUNAYAKA,7.17,79.88,2021-10-01,567.999996125698,24.5,30.3,,79,Gampaha,RESOLVED
43450,KATUNAYAKA,7.17,79.88,2021-11-01,467.799994975328,23.9,29.9,,79,Gampaha,RESOLVED
43450,KATUNAYAKA,7.17,79.88,2021-12-01,31.70000077039,23.0,32.0,,79,Gampaha,RESOLVED
43450,KATUNAYAKA,7.17,79.88,2022-01-01,9.40000013262033,22.7,32.5,,79,Gampaha,RESOLVED
43450,KATUNAYAKA,7.17,79.88,2022-02-01,144.799998283386,22.5,32.7,,79,Gampaha,RESOLVED
43450,KATUNAYAKA,7.17,79.88,2022-03-01,37.2999992370605,24.5,32.3,,79,Gampaha,RESOLVED
43450,KATUNAYAKA,7.17,79.88,2022-04-01,315.499999187887,24.4,31.7,,79,Gampaha,RESOLVED
43450,KATUNAYAKA,7.17,79.88,2022-06-01,66.299999974668,25.7,30.6,,79,Gampaha,RESOLVED
43450,KATUNAYAKA,7.17,79.88,2022-07-01,13.5999999716878,25.8,30.9,,79,Gampaha,RESOLVED
43450,KATUNAYAKA,7.17,79.88,2022-08-01,114.600000433624,25.7,30.2,,79,Gampaha,RESOLVED
43450,KATUNAYAKA,7.17,79.88,2022-09-01,73.1000006496906,25.2,30.3,,79,Gampaha,RESOLVED
43450,KATUNAYAKA,7.17,79.88,2022-10-01,507.600005201995,24.5,29.9,,79,Gampaha,RESOLVED
43450,KATUNAYAKA,7.17,79.88,2022-11-01,84.7000003233552,23.2,30.8,,79,Gampaha,RESOLVED
43450,KATUNAYAKA,7.17,79.88,2022-12-01,223.100004017353,22.8,30.1,,79,Gampaha,RESOLVED
43450,KATUNAYAKA,7.17,79.88,2023-01-01,76.8000001907349,22.7,32.5,,79,Gampaha,RESOLVED
43450,KATUNAYAKA,7.17,79.88,2023-02-01,113.300000339746,22.5,32.0,,79,Gampaha,RESOLVED
43450,KATUNAYAKA,7.17,79.88,2023-03-01,137.500000312924,23.7,32.5,,79,Gampaha,RESOLVED
43450,KATUNAYAKA,7.17,79.88,2023-04-01,243.999999240041,24.3,32.7,,79,Gampaha,RESOLVED
43450,KATUNAYAKA,7.17,79.88,2023-05-01,355.900006212294,25.3,31.8,,79,Gampaha,RESOLVED
43450,KATUNAYAKA,7.17,79.88,2023-06-01,146.09999871254,26.1,31.4,,79,Gampaha,RESOLVED
43450,KATUNAYAKA,7.17,79.88,2023-07-01,77.1000003218651,26.2,30.5,,79,Gampaha,RESOLVED
43450,KATUNAYAKA,7.17,79.88,2023-08-01,45.3999996930361,26.0,31.6,,79,Gampaha,RESOLVED
43450,KATUNAYAKA,7.17,79.88,2023-09-01,505.600000195205,24.4,30.1,,79,Gampaha,RESOLVED
43450,KATUNAYAKA,7.17,79.88,2023-10-01,544.299997597933,24.1,30.7,,79,Gampaha,RESOLVED
43450,KATUNAYAKA,7.17,79.88,2023-11-01,600.89999499917,24.0,31.8,,79,Gampaha,RESOLVED
43450,KATUNAYAKA,7.17,79.88,2023-12-01,192.100001826882,24.3,31.7,,79,Gampaha,RESOLVED
43450,KATUNAYAKA,7.17,79.88,2024-01-01,32.5000007003546,23.5,32.3,,79,Gampaha,RESOLVED
43450,KATUNAYAKA,7.17,79.88,2024-02-01,0.100000001490116,24.0,34.8,,79,Gampaha,RESOLVED
43450,KATUNAYAKA,7.17,79.88,2024-03-01,157.799994707108,24.4,34.2,,79,Gampaha,RESOLVED
43450,KATUNAYAKA,7.17,79.88,2024-04-01,189.299998641014,25.5,33.5,,79,Gampaha,RESOLVED
43450,KATUNAYAKA,7.17,79.88,2024-05-01,483.000000968575,25.6,32.1,,79,Gampaha,RESOLVED
43450,KATUNAYAKA,7.17,79.88,2024-06-01,303.899996846914,25.5,31.3,,79,Gampaha,RESOLVED
43450,KATUNAYAKA,7.17,79.88,2024-07-01,183.800000555813,,31.2,,79,Gampaha,RESOLVED
43450,KATUNAYAKA,7.17,79.88,2024-08-01,318.699994891882,25.4,31.1,,79,Gampaha,RESOLVED
43450,KATUNAYAKA,7.17,79.88,2024-09-01,147.399998933077,26.1,31.5,,79,Gampaha,RESOLVED
43450,KATUNAYAKA,7.17,79.88,2024-10-01,560.300007164478,24.5,30.8,,79,Gampaha,RESOLVED
43450,KATUNAYAKA,7.17,79.88,2024-11-01,375.899997748435,23.8,30.9,,79,Gampaha,RESOLVED
43450,KATUNAYAKA,7.17,79.88,2024-12-01,75.6000000610948,23.6,31.6,,79,Gampaha,RESOLVED
43450,KATUNAYAKA,7.17,79.88,2025-01-01,81.5999996811152,23.5,30.9,,79,Gampaha,RESOLVED
43450,KATUNAYAKA,7.17,79.88,2025-02-01,18.1999998092651,,33.8,,79,Gampaha,RESOLVED
43450,KATUNAYAKA,7.17,79.88,2025-03-01,219.000002101064,23.8,,,79,Gampaha,RESOLVED
43450,KATUNAYAKA,7.17,79.88,2025-04-01,322.500002115965,24.8,32.3,,79,Gampaha,RESOLVED
43450,KATUNAYAKA,7.17,79.88,2025-05-01,349.30000013113,25.5,31.7,,79,Gampaha,RESOLVED
43450,KATUNAYAKA,7.17,79.88,2025-06-01,133.399999000132,26.3,31.4,,79,Gampaha,RESOLVED
43450,KATUNAYAKA,7.17,79.88,2025-07-01,22.3999998271465,26.4,31.4,,79,Gampaha,RESOLVED
43450,KATUNAYAKA,7.17,79.88,2025-08-01,22.4000000059605,26.1,31.3,,79,Gampaha,RESOLVED
43450,KATUNAYAKA,7.17,79.88,2025-09-01,120.900000624359,26.1,31.6,,79,Gampaha,RESOLVED
43450,KATUNAYAKA,7.17,79.88,2025-10-01,444.000003233552,24.4,31.0,,79,Gampaha,RESOLVED
43466,COLOMBO,6.9,79.87,2021-01-01,132.400000818074,24.0,30.7,,77,Colombo,RESOLVED
43466,COLOMBO,6.9,79.87,2021-02-01,45.8999991938472,24.0,32.1,,77,Colombo,RESOLVED
43466,COLOMBO,6.9,79.87,2021-03-01,148.599999979138,24.4,31.6,,77,Colombo,RESOLVED
43466,COLOMBO,6.9,79.87,2021-04-01,325.600001998246,25.6,31.8,,77,Colombo,RESOLVED
43466,COLOMBO,6.9,79.87,2021-05-01,351.400000721216,25.9,31.5,,77,Colombo,RESOLVED
43466,COLOMBO,6.9,79.87,2021-06-01,317.30000654608,26.4,30.9,,77,Colombo,RESOLVED
43466,COLOMBO,6.9,79.87,2021-07-01,278.30000282079,26.2,30.4,,77,Colombo,RESOLVED
43466,COLOMBO,6.9,79.87,2021-08-01,164.000001996756,26.0,30.0,,77,Colombo,RESOLVED
43466,COLOMBO,6.9,79.87,2021-09-01,189.399999149144,25.9,30.4,,77,Colombo,RESOLVED
43466,COLOMBO,6.9,79.87,2021-10-01,324.199999004602,25.2,30.4,,77,Colombo,RESOLVED
43466,COLOMBO,6.9,79.87,2021-11-01,483.399998411536,24.3,29.8,,77,Colombo,RESOLVED
43466,COLOMBO,6.9,79.87,2021-12-01,95.6000003367662,24.1,31.6,,77,Colombo,RESOLVED
43466,COLOMBO,6.9,79.87,2022-01-01,76.299998536706,23.9,32.2,,77,Colombo,RESOLVED
43466,COLOMBO,6.9,79.87,2022-02-01,24.9000006467104,24.1,32.1,,77,Colombo,RESOLVED
43466,COLOMBO,6.9,79.87,2022-03-01,54.9000015035272,25.9,32.4,,77,Colombo,RESOLVED
43466,COLOMBO,6.9,79.87,2022-04-01,474.199997477233,25.3,31.8,,77,Colombo,RESOLVED
43466,COLOMBO,6.9,79.87,2022-05-01,351.700000554323,26.4,31.0,,77,Colombo,RESOLVED
43466,COLOMBO,6.9,79.87,2022-06-01,90.999999076128,26.6,30.7,,77,Colombo,RESOLVED
43466,COLOMBO,6.9,79.87,2022-07-01,12.5000000745058,26.3,30.5,,77,Colombo,RESOLVED
43466,COLOMBO,6.9,79.87,2022-08-01,113.1000020504,26.1,30.0,,77,Colombo,RESOLVED
43466,COLOMBO,6.9,79.87,2022-09-01,98.7000004500151,26.1,30.3,,77,Colombo,RESOLVED
43466,COLOMBO,6.9,79.87,2022-10-01,506.599999643862,25.1,29.9,,77,Colombo,RESOLVED
43466,COLOMBO,6.9,79.87,2022-11-01,276.600003242493,24.3,30.7,,77,Colombo,RESOLVED
43466,COLOMBO,6.9,79.87,2022-12-01,309.600001528859,23.7,30.4,,77,Colombo,RESOLVED
43466,COLOMBO,6.9,79.87,2023-01-01,114.899997070432,23.2,31.0,,77,Colombo,RESOLVED
43466,COLOMBO,6.9,79.87,2023-02-01,79.2999989539385,24.1,,,77,Colombo,RESOLVED
43466,COLOMBO,6.9,79.87,2023-03-01,208.000003695488,24.6,32.0,,77,Colombo,RESOLVED
43466,COLOMBO,6.9,79.87,2023-04-01,261.700003027916,25.3,32.3,,77,Colombo,RESOLVED
43466,COLOMBO,6.9,79.87,2023-05-01,322.000002726913,26.3,31.7,,77,Colombo,RESOLVED
43466,COLOMBO,6.9,79.87,2023-06-01,104.40000063926,26.7,31.3,,77,Colombo,RESOLVED
43466,COLOMBO,6.9,79.87,2023-07-01,102.399999454618,26.7,30.7,,77,Colombo,RESOLVED
43466,COLOMBO,6.9,79.87,2023-08-01,82.2999992966652,27.0,31.6,,77,Colombo,RESOLVED
43466,COLOMBO,6.9,79.87,2023-09-01,722.200007736683,24.9,30.2,,77,Colombo,RESOLVED
43466,COLOMBO,6.9,79.87,2023-10-01,636.599996805191,24.6,30.3,,77,Colombo,RESOLVED
43466,COLOMBO,6.9,79.87,2023-11-01,421.699998617172,24.6,31.3,,77,Colombo,RESOLVED
43466,COLOMBO,6.9,79.87,2023-12-01,337.50000166893,24.7,31.8,,77,Colombo,RESOLVED
43466,COLOMBO,6.9,79.87,2024-01-01,191.10000077635,24.4,31.9,,77,Colombo,RESOLVED
43466,COLOMBO,6.9,79.87,2024-02-01,7.39999993145466,25.3,33.5,,77,Colombo,RESOLVED
43466,COLOMBO,6.9,79.87,2024-03-01,63.5999997854233,26.3,33.2,,77,Colombo,RESOLVED
43466,COLOMBO,6.9,79.87,2024-04-01,362.999996960163,26.4,33.4,,77,Colombo,RESOLVED
43466,COLOMBO,6.9,79.87,2024-05-01,533.899996653199,,31.9,,77,Colombo,RESOLVED
43466,COLOMBO,6.9,79.87,2024-06-01,353.400000669062,26.4,31.2,,77,Colombo,RESOLVED
43466,COLOMBO,6.9,79.87,2024-07-01,277.99999897927,26.3,31.1,,77,Colombo,RESOLVED
43466,COLOMBO,6.9,79.87,2024-08-01,341.000006325543,26.5,31.0,,77,Colombo,RESOLVED
43466,COLOMBO,6.9,79.87,2024-09-01,216.00000013411,26.7,31.4,,77,Colombo,RESOLVED
43466,COLOMBO,6.9,79.87,2024-10-01,714.49999755621,25.3,30.6,,77,Colombo,RESOLVED
43466,COLOMBO,6.9,79.87,2024-11-01,302.099999047816,24.6,30.9,,77,Colombo,RESOLVED
43466,COLOMBO,6.9,79.87,2024-12-01,78.3000001013279,24.8,31.6,,77,Colombo,RESOLVED
43466,COLOMBO,6.9,79.87,2025-01-01,71.3999993130565,24.3,30.8,,77,Colombo,RESOLVED
43466,COLOMBO,6.9,79.87,2025-02-01,18.599999666214,24.6,32.9,,77,Colombo,RESOLVED
43466,COLOMBO,6.9,79.87,2025-03-01,254.80000115931,25.1,32.1,,77,Colombo,RESOLVED
43466,COLOMBO,6.9,79.87,2025-04-01,293.799999386072,25.8,32.3,,77,Colombo,RESOLVED
43466,COLOMBO,6.9,79.87,2025-05-01,273.900003299117,26.3,31.9,,77,Colombo,RESOLVED
43466,COLOMBO,6.9,79.87,2025-06-01,183.399997107685,26.8,31.5,,77,Colombo,RESOLVED
43466,COLOMBO,6.9,79.87,2025-07-01,59.6999996751547,26.7,31.1,,77,Colombo,RESOLVED
43466,COLOMBO,6.9,79.87,2025-08-01,60.0999995172024,26.4,30.6,,77,Colombo,RESOLVED
43466,COLOMBO,6.9,79.87,2025-09-01,100.399997808039,26.8,31.4,,77,Colombo,RESOLVED
43466,COLOMBO,6.9,79.87,2025-10-01,591.100004114211,25.2,30.7,,77,Colombo,RESOLVED
43473,NUWARA ELIYA,6.97,80.77,2021-01-01,91.4000005573034,11.7,19.4,,92,Nuwara Eliya,RESOLVED
43473,NUWARA ELIYA,6.97,80.77,2021-02-01,59.1999998018146,9.6,21.2,,92,Nuwara Eliya,RESOLVED
43473,NUWARA ELIYA,6.97,80.77,2021-03-01,108.700003221631,11.3,21.0,,92,Nuwara Eliya,RESOLVED
43473,NUWARA ELIYA,6.97,80.77,2021-04-01,107.200000107288,10.7,22.5,,92,Nuwara Eliya,RESOLVED
43473,NUWARA ELIYA,6.97,80.77,2021-05-01,273.19999871403,13.5,20.9,,92,Nuwara Eliya,RESOLVED
43473,NUWARA ELIYA,6.97,80.77,2021-06-01,111.300000734627,13.2,20.4,,92,Nuwara Eliya,RESOLVED
43473,NUWARA ELIYA,6.97,80.77,2021-07-01,199.600002124906,13.6,19.5,,92,Nuwara Eliya,RESOLVED
43473,NUWARA ELIYA,6.97,80.77,2021-08-01,119.199998803437,13.7,19.0,,92,Nuwara Eliya,RESOLVED
43473,NUWARA ELIYA,6.97,80.77,2021-09-01,158.500002063811,13.4,19.5,,92,Nuwara Eliya,RESOLVED
43473,NUWARA ELIYA,6.97,80.77,2021-10-01,387.500000685453,13.3,19.8,,92,Nuwara Eliya,RESOLVED
43473,NUWARA ELIYA,6.97,80.77,2021-11-01,241.399998754263,13.2,19.2,,92,Nuwara Eliya,RESOLVED
43473,NUWARA ELIYA,6.97,80.77,2021-12-01,78.600000038743,10.5,20.4,,92,Nuwara Eliya,RESOLVED
43473,NUWARA ELIYA,6.97,80.77,2022-01-01,36.8000003993511,10.3,20.4,,92,Nuwara Eliya,RESOLVED
43473,NUWARA ELIYA,6.97,80.77,2022-02-01,35.8999998345971,10.3,21.3,,92,Nuwara Eliya,RESOLVED
43473,NUWARA ELIYA,6.97,80.77,2022-03-01,47.2999996840954,11.8,21.7,,92,Nuwara Eliya,RESOLVED
43473,NUWARA ELIYA,6.97,80.77,2022-04-01,242.800000533462,12.4,21.9,,92,Nuwara Eliya,RESOLVED
43473,NUWARA ELIYA,6.97,80.77,2022-05-01,243.199999012053,14.3,19.7,,92,Nuwara Eliya,RESOLVED
43473,NUWARA ELIYA,6.97,80.77,2022-06-01,47.3000006303191,14.2,19.8,,92,Nuwara Eliya,RESOLVED
43473,NUWARA ELIYA,6.97,80.77,2022-07-01,193.800000578165,13.8,19.2,,92,Nuwara Eliya,RESOLVED
43473,NUWARA ELIYA,6.97,80.77,2022-08-01,293.39999756217,13.4,18.9,,92,Nuwara Eliya,RESOLVED
43473,NUWARA ELIYA,6.97,80.77,2022-09-01,70.9999983385205,12.7,19.6,,92,Nuwara Eliya,RESOLVED
43473,NUWARA ELIYA,6.97,80.77,2022-10-01,385.299996294081,13.0,19.2,,92,Nuwara Eliya,RESOLVED
43473,NUWARA ELIYA,6.97,80.77,2022-11-01,89.5999995917082,12.3,20.2,,92,Nuwara Eliya,RESOLVED
43473,NUWARA ELIYA,6.97,80.77,2022-12-01,141.400001466274,11.4,18.6,,92,Nuwara Eliya,RESOLVED
43473,NUWARA ELIYA,6.97,80.77,2023-01-01,60.5000005736947,10.2,19.4,,92,Nuwara Eliya,RESOLVED
43473,NUWARA ELIYA,6.97,80.77,2023-02-01,57.8000003248453,11.0,20.3,,92,Nuwara Eliya,RESOLVED
43473,NUWARA ELIYA,6.97,80.77,2023-03-01,70.6000013276935,12.0,21.3,,92,Nuwara Eliya,RESOLVED
43473,NUWARA ELIYA,6.97,80.77,2023-04-01,112.299999549985,11.9,22.4,,92,Nuwara Eliya,RESOLVED
43473,NUWARA ELIYA,6.97,80.77,2023-05-01,121.000000827014,13.5,22.2,,92,Nuwara Eliya,RESOLVED
43473,NUWARA ELIYA,6.97,80.77,2023-06-01,57.8999997675419,14.7,20.7,,92,Nuwara Eliya,RESOLVED
43473,NUWARA ELIYA,6.97,80.77,2023-07-01,167.700000599027,14.3,19.5,,92,Nuwara Eliya,RESOLVED
43473,NUWARA ELIYA,6.97,80.77,2023-08-01,58.6999996677041,13.3,21.7,,92,Nuwara Eliya,RESOLVED
43473,NUWARA ELIYA,6.97,80.77,2023-09-01,242.700000941753,14.2,19.0,,92,Nuwara Eliya,RESOLVED
43473,NUWARA ELIYA,6.97,80.77,2023-10-01,377.400002777576,13.5,20.5,,92,Nuwara Eliya,RESOLVED
43473,NUWARA ELIYA,6.97,80.77,2023-11-01,453.299996443093,13.4,21.0,,92,Nuwara Eliya,RESOLVED
43473,NUWARA ELIYA,6.97,80.77,2023-12-01,382.800004608929,13.9,19.5,,92,Nuwara Eliya,RESOLVED
43473,NUWARA ELIYA,6.97,80.77,2024-01-01,167.000001311302,11.5,20.5,,92,Nuwara Eliya,RESOLVED
43473,NUWARA ELIYA,6.97,80.77,2024-02-01,15.8000003620982,12.4,20.7,,92,Nuwara Eliya,RESOLVED
43473,NUWARA ELIYA,6.97,80.77,2024-03-01,19.9000005722046,11.0,23.3,,92,Nuwara Eliya,RESOLVED
43473,NUWARA ELIYA,6.97,80.77,2024-04-01,21.7999998703599,12.9,24.0,,92,Nuwara Eliya,RESOLVED
43473,NUWARA ELIYA,6.97,80.77,2024-05-01,417.800000190735,14.0,21.6,,92,Nuwara Eliya,RESOLVED
43473,NUWARA ELIYA,6.97,80.77,2024-06-01,92.3000006079674,14.7,20.7,,92,Nuwara Eliya,RESOLVED
43473,NUWARA ELIYA,6.97,80.77,2024-07-01,170.700002335012,14.7,19.4,,92,Nuwara Eliya,RESOLVED
43473,NUWARA ELIYA,6.97,80.77,2024-08-01,68.6000009849668,14.5,21.2,,92,Nuwara Eliya,RESOLVED
43473,NUWARA ELIYA,6.97,80.77,2024-09-01,69.3999991416931,14.3,19.6,,92,Nuwara Eliya,RESOLVED
43473,NUWARA ELIYA,6.97,80.77,2024-10-01,139.900000035763,13.8,20.6,,92,Nuwara Eliya,RESOLVED
43473,NUWARA ELIYA,6.97,80.77,2024-11-01,507.800000846386,13.1,20.1,,92,Nuwara Eliya,RESOLVED
43473,NUWARA ELIYA,6.97,80.77,2024-12-01,106.200001895428,12.5,20.7,,92,Nuwara Eliya,RESOLVED
43473,NUWARA ELIYA,6.97,80.77,2025-01-01,326.800002880394,13.3,18.3,,92,Nuwara Eliya,RESOLVED
43473,NUWARA ELIYA,6.97,80.77,2025-02-01,121.100001573563,10.3,21.1,,92,Nuwara Eliya,RESOLVED
43473,NUWARA ELIYA,6.97,80.77,2025-03-01,103.300000086427,11.9,21.4,,92,Nuwara Eliya,RESOLVED
43473,NUWARA ELIYA,6.97,80.77,2025-04-01,327.5999975577,13.2,21.6,,92,Nuwara Eliya,RESOLVED
43473,NUWARA ELIYA,6.97,80.77,2025-05-01,203.800001218915,14.2,20.6,,92,Nuwara Eliya,RESOLVED
43473,NUWARA ELIYA,6.97,80.77,2025-06-01,187.30000115931,14.5,19.3,,92,Nuwara Eliya,RESOLVED
43473,NUWARA ELIYA,6.97,80.77,2025-07-01,213.300000667572,14.2,18.9,,92,Nuwara Eliya,RESOLVED
43473,NUWARA ELIYA,6.97,80.77,2025-08-01,149.300000660121,13.5,19.4,,92,Nuwara Eliya,RESOLVED
43473,NUWARA ELIYA,6.97,80.77,2025-09-01,152.799999147654,14.0,19.3,,92,Nuwara Eliya,RESOLVED
43473,NUWARA ELIYA,6.97,80.77,2025-10-01,237.899995900691,13.1,20.1,,92,Nuwara Eliya,RESOLVED
43486,RATNAPURA,6.68,80.4,2021-01-01,183.799998931587,22.8,31.7,,95,Ratnapura,RESOLVED
43486,RATNAPURA,6.68,80.4,2021-02-01,72.0000004842877,22.4,33.7,,95,Ratnapura,RESOLVED
43486,RATNAPURA,6.68,80.4,2021-03-01,308.799995340407,22.5,33.6,,95,Ratnapura,RESOLVED
43486,RATNAPURA,6.68,80.4,2021-04-01,212.600000195205,23.4,33.8,,95,Ratnapura,RESOLVED
43486,RATNAPURA,6.68,80.4,2021-05-01,742.400002479553,23.7,32.0,,95,Ratnapura,RESOLVED
43486,RATNAPURA,6.68,80.4,2021-06-01,548.499999441206,23.6,31.5,,95,Ratnapura,RESOLVED
43486,RATNAPURA,6.68,80.4,2021-07-01,368.500000245869,23.9,30.7,,95,Ratnapura,RESOLVED
43486,RATNAPURA,6.68,80.4,2021-08-01,377.099996335804,23.7,30.5,,95,Ratnapura,RESOLVED
43486,RATNAPURA,6.68,80.4,2021-09-01,407.699999988079,23.5,30.8,,95,Ratnapura,RESOLVED
43486,RATNAPURA,6.68,80.4,2021-10-01,507.99999973923,23.3,30.9,,95,Ratnapura,RESOLVED
43486,RATNAPURA,6.68,80.4,2021-11-01,487.400003910065,22.9,30.3,,95,Ratnapura,RESOLVED
43486,RATNAPURA,6.68,80.4,2021-12-01,193.700001001358,22.6,32.7,,95,Ratnapura,RESOLVED
43486,RATNAPURA,6.68,80.4,2022-01-01,204.199998013675,22.0,33.3,,95,Ratnapura,RESOLVED
43486,RATNAPURA,6.68,80.4,2022-02-01,150.900003023446,22.4,33.5,,95,Ratnapura,RESOLVED
43486,RATNAPURA,6.68,80.4,2022-03-01,299.499994188547,23.3,33.6,,95,Ratnapura,RESOLVED
43486,RATNAPURA,6.68,80.4,2022-04-01,432.000005364418,23.3,33.4,,95,Ratnapura,RESOLVED
43486,RATNAPURA,6.68,80.4,2022-05-01,794.100012160838,24.2,31.1,,95,Ratnapura,RESOLVED
43486,RATNAPURA,6.68,80.4,2022-06-01,232.499999299645,23.8,31.3,,95,Ratnapura,RESOLVED
43486,RATNAPURA,6.68,80.4,2022-07-01,259.899998821318,24.1,31.2,,95,Ratnapura,RESOLVED
43486,RATNAPURA,6.68,80.4,2022-08-01,529.80000372231,23.7,30.5,,95,Ratnapura,RESOLVED
43486,RATNAPURA,6.68,80.4,2022-09-01,212.100001603365,23.1,31.7,,95,Ratnapura,RESOLVED
43486,RATNAPURA,6.68,80.4,2022-10-01,685.499997809529,23.1,30.2,,95,Ratnapura,RESOLVED
43486,RATNAPURA,6.68,80.4,2022-11-01,341.999992072582,22.4,32.0,,95,Ratnapura,RESOLVED
43486,RATNAPURA,6.68,80.4,2022-12-01,234.900001630187,22.1,31.2,,95,Ratnapura,RESOLVED
43486,RATNAPURA,6.68,80.4,2023-01-01,75.2000004425645,21.6,32.0,,95,Ratnapura,RESOLVED
43486,RATNAPURA,6.68,80.4,2023-02-01,163.900000840425,22.6,32.9,,95,Ratnapura,RESOLVED
43486,RATNAPURA,6.68,80.4,2023-03-01,350.399997144938,22.7,33.6,,95,Ratnapura,RESOLVED
43486,RATNAPURA,6.68,80.4,2023-04-01,313.899999834597,23.2,34.1,,95,Ratnapura,RESOLVED
43486,RATNAPURA,6.68,80.4,2023-05-01,434.299995988607,24.1,32.8,,95,Ratnapura,RESOLVED
43486,RATNAPURA,6.68,80.4,2023-06-01,618.499990284443,24.2,31.5,,95,Ratnapura,RESOLVED
43486,RATNAPURA,6.68,80.4,2023-07-01,237.500000022352,24.3,31.2,,95,Ratnapura,RESOLVED
43486,RATNAPURA,6.68,80.4,2023-08-01,207.700003437698,24.0,33.8,,95,Ratnapura,RESOLVED
43486,RATNAPURA,6.68,80.4,2023-09-01,798.999998569489,22.9,30.4,,95,Ratnapura,RESOLVED
43486,RATNAPURA,6.68,80.4,2023-10-01,681.499999582767,22.9,31.7,,95,Ratnapura,RESOLVED
43486,RATNAPURA,6.68,80.4,2023-11-01,535.199997022748,23.0,33.0,,95,Ratnapura,RESOLVED
43486,RATNAPURA,6.68,80.4,2023-12-01,364.000001050532,23.0,32.0,,95,Ratnapura,RESOLVED
43486,RATNAPURA,6.68,80.4,2024-01-01,274.999997437,22.3,33.0,,95,Ratnapura,RESOLVED
43486,RATNAPURA,6.68,80.4,2024-02-01,137.100001074374,22.3,34.7,,95,Ratnapura,RESOLVED
43486,RATNAPURA,6.68,80.4,2024-03-01,155.200001016259,23.9,35.8,,95,Ratnapura,RESOLVED
43486,RATNAPURA,6.68,80.4,2024-04-01,435.80000180006,24.6,35.1,,95,Ratnapura,RESOLVED
43486,RATNAPURA,6.68,80.4,2024-05-01,641.100005932152,24.9,32.9,,95,Ratnapura,RESOLVED
43486,RATNAPURA,6.68,80.4,2024-06-01,724.39998922497,24.3,31.6,,95,Ratnapura,RESOLVED
43486,RATNAPURA,6.68,80.4,2024-07-01,405.800003089011,24.4,32.2,,95,Ratnapura,RESOLVED
43486,RATNAPURA,6.68,80.4,2024-08-01,452.800008311868,24.0,32.2,,95,Ratnapura,RESOLVED
43486,RATNAPURA,6.68,80.4,2024-09-01,368.600001446903,24.2,32.0,,95,Ratnapura,RESOLVED
43486,RATNAPURA,6.68,80.4,2024-10-01,454.700002126396,23.7,32.0,,95,Ratnapura,RESOLVED
43486,RATNAPURA,6.68,80.4,2024-11-01,610.100000530481,23.2,31.7,,95,Ratnapura,RESOLVED
43486,RATNAPURA,6.68,80.4,2024-12-01,191.400000870228,23.2,32.7,,95,Ratnapura,RESOLVED
43486,RATNAPURA,6.68,80.4,2025-01-01,157.200001560152,23.3,30.9,,95,Ratnapura,RESOLVED
43486,RATNAPURA,6.68,80.4,2025-02-01,54.9999992102385,22.7,35.1,,95,Ratnapura,RESOLVED
43486,RATNAPURA,6.68,80.4,2025-03-01,367.69999551028,23.2,33.7,,95,Ratnapura,RESOLVED
43486,RATNAPURA,6.68,80.4,2025-04-01,258.499998480082,24.1,33.5,,95,Ratnapura,RESOLVED
43486,RATNAPURA,6.68,80.4,2025-05-01,433.099999129772,24.3,32.1,,95,Ratnapura,RESOLVED
43486,RATNAPURA,6.68,80.4,2025-06-01,364.900003507733,24.3,31.9,,95,Ratnapura,RESOLVED
43486,RATNAPURA,6.68,80.4,2025-07-01,164.299999505281,24.4,31.6,,95,Ratnapura,RESOLVED
43486,RATNAPURA,6.68,80.4,2025-08-01,192.099997974932,24.1,32.0,,95,Ratnapura,RESOLVED
43486,RATNAPURA,6.68,80.4,2025-09-01,345.899999849498,23.9,32.2,,95,Ratnapura,RESOLVED
43486,RATNAPURA,6.68,80.4,2025-10-01,450.29999769479,23.3,32.3,,95,Ratnapura,RESOLVED
43495,GALLE,6.03,80.22,2021-01-01,195.800001583993,24.2,29.3,,,,UNRESOLVED_OUTSIDE_BOUNDARY
43495,GALLE,6.03,80.22,2021-02-01,15.4000001698732,24.3,30.2,,,,UNRESOLVED_OUTSIDE_BOUNDARY
43495,GALLE,6.03,80.22,2021-03-01,122.400001615286,24.5,31.1,,,,UNRESOLVED_OUTSIDE_BOUNDARY
43495,GALLE,6.03,80.22,2021-04-01,407.500001646578,25.9,30.7,,,,UNRESOLVED_OUTSIDE_BOUNDARY
43495,GALLE,6.03,80.22,2021-05-01,294.800003424287,26.0,30.4,,,,UNRESOLVED_OUTSIDE_BOUNDARY
43495,GALLE,6.03,80.22,2021-06-01,215.399998530746,26.3,29.7,,,,UNRESOLVED_OUTSIDE_BOUNDARY
43495,GALLE,6.03,80.22,2021-07-01,202.100001871586,25.8,29.2,,,,UNRESOLVED_OUTSIDE_BOUNDARY
43495,GALLE,6.03,80.22,2021-08-01,139.999998025596,25.5,28.6,,,,UNRESOLVED_OUTSIDE_BOUNDARY
43495,GALLE,6.03,80.22,2021-09-01,140.799999840558,25.9,29.3,,,,UNRESOLVED_OUTSIDE_BOUNDARY
43495,GALLE,6.03,80.22,2021-10-01,216.19999922812,25.6,29.2,,,,UNRESOLVED_OUTSIDE_BOUNDARY
43495,GALLE,6.03,80.22,2021-11-01,473.700005784631,24.8,29.0,,,,UNRESOLVED_OUTSIDE_BOUNDARY
43495,GALLE,6.03,80.22,2021-12-01,210.599998176098,24.5,30.3,,,,UNRESOLVED_OUTSIDE_BOUNDARY
43495,GALLE,6.03,80.22,2022-01-01,72.8999985232949,24.4,30.0,,,,UNRESOLVED_OUTSIDE_BOUNDARY
43495,GALLE,6.03,80.22,2022-02-01,118.099999003112,24.6,30.1,,,,UNRESOLVED_OUTSIDE_BOUNDARY
43495,GALLE,6.03,80.22,2022-03-01,144.19999948144,25.7,30.3,,,,UNRESOLVED_OUTSIDE_BOUNDARY
43495,GALLE,6.03,80.22,2022-04-01,256.999998293817,25.6,30.4,,,,UNRESOLVED_OUTSIDE_BOUNDARY
43495,GALLE,6.03,80.22,2022-05-01,505.800005726516,,,,,,UNRESOLVED_OUTSIDE_BOUNDARY
43495,GALLE,6.03,80.22,2022-06-01,192.699999399483,26.1,29.5,,,,UNRESOLVED_OUTSIDE_BOUNDARY
43495,GALLE,6.03,80.22,2022-07-01,61.4999993219972,26.1,28.8,,,,UNRESOLVED_OUTSIDE_BOUNDARY
43495,GALLE,6.03,80.22,2022-08-01,184.400003306568,25.5,28.3,,,,UNRESOLVED_OUTSIDE_BOUNDARY
43495,GALLE,6.03,80.22,2022-09-01,74.6000006347895,25.9,28.9,,,,UNRESOLVED_OUTSIDE_BOUNDARY
43495,GALLE,6.03,80.22,2022-10-01,749.900006890297,24.9,28.7,,,,UNRESOLVED_OUTSIDE_BOUNDARY
43495,GALLE,6.03,80.22,2022-11-01,162.300001978874,24.6,29.7,,,,UNRESOLVED_OUTSIDE_BOUNDARY
43495,GALLE,6.03,80.22,2022-12-01,190.399999529123,24.0,29.3,,,,UNRESOLVED_OUTSIDE_BOUNDARY
43495,GALLE,6.03,80.22,2023-01-01,91.1000009477139,23.5,29.0,,,,UNRESOLVED_OUTSIDE_BOUNDARY
43495,GALLE,6.03,80.22,2023-02-01,277.600002169609,24.0,29.9,,,,UNRESOLVED_OUTSIDE_BOUNDARY
43495,GALLE,6.03,80.22,2023-03-01,230.30000461638,24.8,31.1,,,,UNRESOLVED_OUTSIDE_BOUNDARY
43495,GALLE,6.03,80.22,2023-04-01,134.200001195073,25.5,31.3,,,,UNRESOLVED_OUTSIDE_BOUNDARY
43495,GALLE,6.03,80.22,2023-05-01,320.599998533726,26.6,30.3,,,,UNRESOLVED_OUTSIDE_BOUNDARY
43495,GALLE,6.03,80.22,2023-06-01,240.59999858588,26.5,29.8,,,,UNRESOLVED_OUTSIDE_BOUNDARY
43495,GALLE,6.03,80.22,2023-07-01,129.400000631809,26.1,29.1,,,,UNRESOLVED_OUTSIDE_BOUNDARY
43495,GALLE,6.03,80.22,2023-08-01,187.000000946224,26.9,29.8,,,,UNRESOLVED_OUTSIDE_BOUNDARY
43495,GALLE,6.03,80.22,2023-09-01,695.199999094009,24.8,29.0,,,,UNRESOLVED_OUTSIDE_BOUNDARY
43495,GALLE,6.03,80.22,2023-10-01,833.700000882149,24.6,29.2,,,,UNRESOLVED_OUTSIDE_BOUNDARY
43495,GALLE,6.03,80.22,2023-11-01,394.300000667572,25.0,30.3,,,,UNRESOLVED_OUTSIDE_BOUNDARY
43495,GALLE,6.03,80.22,2023-12-01,408.199994541705,25.2,30.4,,,,UNRESOLVED_OUTSIDE_BOUNDARY
43495,GALLE,6.03,80.22,2024-01-01,275.200000092387,24.5,30.1,,,,UNRESOLVED_OUTSIDE_BOUNDARY
43495,GALLE,6.03,80.22,2024-02-01,30.6999996304512,25.1,32.1,,,,UNRESOLVED_OUTSIDE_BOUNDARY
43495,GALLE,6.03,80.22,2024-03-01,64.6999989897013,25.8,31.8,,,,UNRESOLVED_OUTSIDE_BOUNDARY
43495,GALLE,6.03,80.22,2024-04-01,171.699999891222,26.5,32.3,,,,UNRESOLVED_OUTSIDE_BOUNDARY
43495,GALLE,6.03,80.22,2024-05-01,454.999998629093,26.2,30.7,,,,UNRESOLVED_OUTSIDE_BOUNDARY
43495,GALLE,6.03,80.22,2024-06-01,178.90000077337,26.5,29.8,,,,UNRESOLVED_OUTSIDE_BOUNDARY
43495,GALLE,6.03,80.22,2024-07-01,362.300003387034,26.2,29.9,,,,UNRESOLVED_OUTSIDE_BOUNDARY
43495,GALLE,6.03,80.22,2024-08-01,341.999998413026,26.1,29.6,,,,UNRESOLVED_OUTSIDE_BOUNDARY
43495,GALLE,6.03,80.22,2024-09-01,145.100000828505,26.5,30.2,,,,UNRESOLVED_OUTSIDE_BOUNDARY
43495,GALLE,6.03,80.22,2024-10-01,550.400003731251,25.6,29.5,,,,UNRESOLVED_OUTSIDE_BOUNDARY
43495,GALLE,6.03,80.22,2024-11-01,317.50000076741,24.8,30.0,,,,UNRESOLVED_OUTSIDE_BOUNDARY
43495,GALLE,6.03,80.22,2024-12-01,176.099998451769,25.0,30.1,,,,UNRESOLVED_OUTSIDE_BOUNDARY
43495,GALLE,6.03,80.22,2025-01-01,95.5999999940395,24.4,28.7,,,,UNRESOLVED_OUTSIDE_BOUNDARY
43495,GALLE,6.03,80.22,2025-02-01,50.7999993488193,24.7,31.0,,,,UNRESOLVED_OUTSIDE_BOUNDARY
43495,GALLE,6.03,80.22,2025-03-01,153.20000063628,25.1,31.4,,,,UNRESOLVED_OUTSIDE_BOUNDARY
43495,GALLE,6.03,80.22,2025-04-01,180.20000167191,26.3,31.1,,,,UNRESOLVED_OUTSIDE_BOUNDARY
43495,GALLE,6.03,80.22,2025-05-01,397.300004020333,26.2,30.4,,,,UNRESOLVED_OUTSIDE_BOUNDARY
43495,GALLE,6.03,80.22,2025-06-01,148.69999833405,26.2,29.7,,,,UNRESOLVED_OUTSIDE_BOUNDARY
43495,GALLE,6.03,80.22,2025-07-01,99.4999994859099,26.1,28.8,,,,UNRESOLVED_OUTSIDE_BOUNDARY
43495,GALLE,6.03,80.22,2025-08-01,60.3000010251999,26.2,29.1,,,,UNRESOLVED_OUTSIDE_BOUNDARY
43495,GALLE,6.03,80.22,2025-09-01,209.899998493493,26.8,29.8,,,,UNRESOLVED_OUTSIDE_BOUNDARY
43495,GALLE,6.03,80.22,2025-10-01,422.900005556643,25.3,29.5,,,,UNRESOLVED_OUTSIDE_BOUNDARY
43497,HAMBANTOTA,6.12,81.13,2021-01-01,75.4999996572733,23.9,30.3,,,,UNRESOLVED_OUTSIDE_BOUNDARY
43497,HAMBANTOTA,6.12,81.13,2021-02-01,2.29999995231628,24.1,32.4,,,,UNRESOLVED_OUTSIDE_BOUNDARY
43497,HAMBANTOTA,6.12,81.13,2021-03-01,111.700002029538,24.2,31.8,,,,UNRESOLVED_OUTSIDE_BOUNDARY
43497,HAMBANTOTA,6.12,81.13,2021-04-01,29.7000002115965,25.6,32.4,,,,UNRESOLVED_OUTSIDE_BOUNDARY
43497,HAMBANTOTA,6.12,81.13,2021-05-01,122.000001259148,25.9,32.4,,,,UNRESOLVED_OUTSIDE_BOUNDARY
43497,HAMBANTOTA,6.12,81.13,2021-06-01,23.1999995112419,26.0,32.0,,,,UNRESOLVED_OUTSIDE_BOUNDARY
43497,HAMBANTOTA,6.12,81.13,2021-07-01,111.999999701977,25.6,31.6,,,,UNRESOLVED_OUTSIDE_BOUNDARY
43497,HAMBANTOTA,6.12,81.13,2021-08-01,54.4999994412065,25.5,31.3,,,,UNRESOLVED_OUTSIDE_BOUNDARY
43497,HAMBANTOTA,6.12,81.13,2021-09-01,81.2999997809529,25.6,30.9,,,,UNRESOLVED_OUTSIDE_BOUNDARY
43497,HAMBANTOTA,6.12,81.13,2021-10-01,160.69999922812,25.1,31.0,,,,UNRESOLVED_OUTSIDE_BOUNDARY
43497,HAMBANTOTA,6.12,81.13,2021-11-01,229.200003199279,24.7,31.0,,,,UNRESOLVED_OUTSIDE_BOUNDARY
43497,HAMBANTOTA,6.12,81.13,2021-12-01,205.000003345311,23.9,30.9,,,,UNRESOLVED_OUTSIDE_BOUNDARY
43497,HAMBANTOTA,6.12,81.13,2022-01-01,21.2999999672174,23.9,31.1,,,,UNRESOLVED_OUTSIDE_BOUNDARY
43497,HAMBANTOTA,6.12,81.13,2022-02-01,15.8000001460314,24.3,32.2,,,,UNRESOLVED_OUTSIDE_BOUNDARY
43497,HAMBANTOTA,6.12,81.13,2022-03-01,99.299999833107,25.3,32.2,,,,UNRESOLVED_OUTSIDE_BOUNDARY
43497,HAMBANTOTA,6.12,81.13,2022-04-01,108.700000151992,25.6,31.6,,,,UNRESOLVED_OUTSIDE_BOUNDARY
43497,HAMBANTOTA,6.12,81.13,2022-06-01,41.7000005021691,25.7,31.5,,,,UNRESOLVED_OUTSIDE_BOUNDARY
43497,HAMBANTOTA,6.12,81.13,2022-07-01,85.5000006780028,25.7,32.9,,,,UNRESOLVED_OUTSIDE_BOUNDARY
43497,HAMBANTOTA,6.12,81.13,2022-08-01,20.3000000938773,24.8,31.1,,,,UNRESOLVED_OUTSIDE_BOUNDARY
43497,HAMBANTOTA,6.12,81.13,2022-09-01,5.49999995529652,25.2,31.5,,,,UNRESOLVED_OUTSIDE_BOUNDARY
43497,HAMBANTOTA,6.12,81.13,2022-10-01,42.599999204278,25.2,32.5,,,,UNRESOLVED_OUTSIDE_BOUNDARY
43497,HAMBANTOTA,6.12,81.13,2022-11-01,144.10000115633,24.2,31.6,,,,UNRESOLVED_OUTSIDE_BOUNDARY
43497,HAMBANTOTA,6.12,81.13,2022-12-01,80.9000000208616,23.8,30.4,,,,UNRESOLVED_OUTSIDE_BOUNDARY
43497,HAMBANTOTA,6.12,81.13,2023-01-01,72.3999989628792,22.9,30.8,,,,UNRESOLVED_OUTSIDE_BOUNDARY
43497,HAMBANTOTA,6.12,81.13,2023-02-01,138.399998821318,23.6,30.7,,,,UNRESOLVED_OUTSIDE_BOUNDARY
43497,HAMBANTOTA,6.12,81.13,2023-03-01,23.3000005483627,24.9,31.4,,,,UNRESOLVED_OUTSIDE_BOUNDARY
43497,HAMBANTOTA,6.12,81.13,2023-04-01,40.4000006988645,25.8,33.1,,,,UNRESOLVED_OUTSIDE_BOUNDARY
43497,HAMBANTOTA,6.12,81.13,2023-05-01,104.799998492002,26.3,31.3,,,,UNRESOLVED_OUTSIDE_BOUNDARY
43497,HAMBANTOTA,6.12,81.13,2023-06-01,3.70000003278255,26.5,32.1,,,,UNRESOLVED_OUTSIDE_BOUNDARY
43497,HAMBANTOTA,6.12,81.13,2023-07-01,10.2000002264977,25.9,32.7,,,,UNRESOLVED_OUTSIDE_BOUNDARY
43497,HAMBANTOTA,6.12,81.13,2023-08-01,30.1000009551644,26.1,32.0,,,,UNRESOLVED_OUTSIDE_BOUNDARY
43497,HAMBANTOTA,6.12,81.13,2023-09-01,468.000004000962,24.6,29.8,,,,UNRESOLVED_OUTSIDE_BOUNDARY
43497,HAMBANTOTA,6.12,81.13,2023-10-01,508.599995210767,24.6,29.9,,,,UNRESOLVED_OUTSIDE_BOUNDARY
43497,HAMBANTOTA,6.12,81.13,2023-11-01,238.100001700222,24.9,30.9,,,,UNRESOLVED_OUTSIDE_BOUNDARY
43497,HAMBANTOTA,6.12,81.13,2023-12-01,403.899997487664,24.9,30.3,,,,UNRESOLVED_OUTSIDE_BOUNDARY
43497,HAMBANTOTA,6.12,81.13,2024-01-01,187.700003147125,24.1,30.6,,,,UNRESOLVED_OUTSIDE_BOUNDARY
43497,HAMBANTOTA,6.12,81.13,2024-02-01,8.10000011324883,25.0,32.5,,,,UNRESOLVED_OUTSIDE_BOUNDARY
43497,HAMBANTOTA,6.12,81.13,2024-03-01,43.2000003829598,25.1,33.1,,,,UNRESOLVED_OUTSIDE_BOUNDARY
43497,HAMBANTOTA,6.12,81.13,2024-04-01,26.7000002413988,26.6,33.6,,,,UNRESOLVED_OUTSIDE_BOUNDARY
43497,HAMBANTOTA,6.12,81.13,2024-05-01,96.5999989584088,26.5,32.2,,,,UNRESOLVED_OUTSIDE_BOUNDARY
43497,HAMBANTOTA,6.12,81.13,2024-06-01,79.2999999597669,26.1,30.8,,,,UNRESOLVED_OUTSIDE_BOUNDARY
43497,HAMBANTOTA,6.12,81.13,2024-07-01,32.2000000625849,25.7,31.3,,,,UNRESOLVED_OUTSIDE_BOUNDARY
43497,HAMBANTOTA,6.12,81.13,2024-08-01,106.599998667836,25.4,30.8,,,,UNRESOLVED_OUTSIDE_BOUNDARY
43497,HAMBANTOTA,6.12,81.13,2024-09-01,66.5000009536743,25.9,31.2,,,,UNRESOLVED_OUTSIDE_BOUNDARY
43497,HAMBANTOTA,6.12,81.13,2024-10-01,154.39999897033,25.4,31.1,,,,UNRESOLVED_OUTSIDE_BOUNDARY
43497,HAMBANTOTA,6.12,81.13,2024-11-01,194.999997608364,24.7,31.3,,,,UNRESOLVED_OUTSIDE_BOUNDARY
43497,HAMBANTOTA,6.12,81.13,2024-12-01,165.900001943111,24.7,31.5,,,,UNRESOLVED_OUTSIDE_BOUNDARY
43497,HAMBANTOTA,6.12,81.13,2025-01-01,159.00000038743,23.9,29.8,,,,UNRESOLVED_OUTSIDE_BOUNDARY
43497,HAMBANTOTA,6.12,81.13,2025-02-01,85.7999978065491,23.7,32.8,,,,UNRESOLVED_OUTSIDE_BOUNDARY
43497,HAMBANTOTA,6.12,81.13,2025-03-01,142.000001400709,24.7,31.5,,,,UNRESOLVED_OUTSIDE_BOUNDARY
43497,HAMBANTOTA,6.12,81.13,2025-04-01,140.599999859929,25.6,31.4,,,,UNRESOLVED_OUTSIDE_BOUNDARY
43497,HAMBANTOTA,6.12,81.13,2025-05-01,106.899999126792,26.2,31.4,,,,UNRESOLVED_OUTSIDE_BOUNDARY
43497,HAMBANTOTA,6.12,81.13,2025-06-01,37.8000009730458,26.0,31.0,,,,UNRESOLVED_OUTSIDE_BOUNDARY
43497,HAMBANTOTA,6.12,81.13,2025-07-01,11.5999999791384,25.8,32.7,,,,UNRESOLVED_OUTSIDE_BOUNDARY
43497,HAMBANTOTA,6.12,81.13,2025-08-01,14.2999995276332,25.5,31.9,,,,UNRESOLVED_OUTSIDE_BOUNDARY
43497,HAMBANTOTA,6.12,81.13,2025-09-01,21.2999999523163,26.0,32.4,,,,UNRESOLVED_OUTSIDE_BOUNDARY
43497,HAMBANTOTA,6.12,81.13,2025-10-01,127.800001770258,25.4,31.8,,,,UNRESOLVED_OUTSIDE_BOUNDARY
43PPP,POLONNARUWA,7.87,81.05,2021-01-01,453.5999982059,22.7,29.6,,93,Polonnaruwa,RESOLVED
43PPP,POLONNARUWA,7.87,81.05,2021-02-01,34.4999998807907,22.2,31.5,,93,Polonnaruwa,RESOLVED
43PPP,POLONNARUWA,7.87,81.05,2021-03-01,78.0999986752868,22.7,32.6,,93,Polonnaruwa,RESOLVED
43PPP,POLONNARUWA,7.87,81.05,2021-04-01,112.80000076443,24.3,35.1,,93,Polonnaruwa,RESOLVED
43PPP,POLONNARUWA,7.87,81.05,2021-05-01,35.4000004082918,25.5,34.1,,93,Polonnaruwa,RESOLVED
43PPP,POLONNARUWA,7.87,81.05,2021-06-01,14.1000003814697,25.8,35.3,,93,Polonnaruwa,RESOLVED
43PPP,POLONNARUWA,7.87,81.05,2021-07-01,28.8999992385507,26.1,35.2,,93,Polonnaruwa,RESOLVED
43PPP,POLONNARUWA,7.87,81.05,2021-08-01,84.1999984756112,26.1,35.0,,93,Polonnaruwa,RESOLVED
43PPP,POLONNARUWA,7.87,81.05,2021-09-01,169.600000627339,25.7,35.1,,93,Polonnaruwa,RESOLVED
43PPP,POLONNARUWA,7.87,81.05,2021-10-01,201.700004115701,24.4,33.1,,93,Polonnaruwa,RESOLVED
43PPP,POLONNARUWA,7.87,81.05,2021-11-01,272.000003516674,23.6,31.2,,93,Polonnaruwa,RESOLVED
43PPP,POLONNARUWA,7.87,81.05,2021-12-01,213.399997964501,22.7,31.0,,93,Polonnaruwa,RESOLVED
43PPP,POLONNARUWA,7.87,81.05,2022-01-01,248.600001960993,22.0,30.7,,93,Polonnaruwa,RESOLVED
43PPP,POLONNARUWA,7.87,81.05,2022-02-01,250.500005699694,21.8,30.7,,93,Polonnaruwa,RESOLVED
43PPP,POLONNARUWA,7.87,81.05,2022-03-01,67.9000012874603,23.5,33.3,,93,Polonnaruwa,RESOLVED
43PPP,POLONNARUWA,7.87,81.05,2022-04-01,265.300000928342,24.1,34.5,,93,Polonnaruwa,RESOLVED
43PPP,POLONNARUWA,7.87,81.05,2022-06-01,78.3000003993511,25.9,34.5,,93,Polonnaruwa,RESOLVED
43PPP,POLONNARUWA,7.87,81.05,2022-07-01,137.400000408292,25.7,34.5,,93,Polonnaruwa,RESOLVED
43PPP,POLONNARUWA,7.87,81.05,2022-08-01,117.400000095367,25.4,33.9,,93,Polonnaruwa,RESOLVED
43PPP,POLONNARUWA,7.87,81.05,2022-09-01,15.9999996423721,24.9,34.5,,93,Polonnaruwa,RESOLVED
43PPP,POLONNARUWA,7.87,81.05,2022-10-01,144.199999600649,24.2,33.1,,93,Polonnaruwa,RESOLVED
43PPP,POLONNARUWA,7.87,81.05,2022-11-01,202.000003881752,22.9,31.3,,93,Polonnaruwa,RESOLVED
43PPP,POLONNARUWA,7.87,81.05,2022-12-01,297.79999910295,22.5,29.3,,93,Polonnaruwa,RESOLVED
43PPP,POLONNARUWA,7.87,81.05,2023-01-01,101.100000701845,21.1,29.3,,93,Polonnaruwa,RESOLVED
43PPP,POLONNARUWA,7.87,81.05,2023-02-01,290.399998128414,21.8,30.2,,93,Polonnaruwa,RESOLVED
43PPP,POLONNARUWA,7.87,81.05,2023-03-01,161.49999909848,23.3,32.7,,93,Polonnaruwa,RESOLVED
43PPP,POLONNARUWA,7.87,81.05,2023-04-01,70.3000009208918,24.1,35.1,,93,Polonnaruwa,RESOLVED
43PPP,POLONNARUWA,7.87,81.05,2023-05-01,144.500001460314,25.0,34.5,,93,Polonnaruwa,RESOLVED
43PPP,POLONNARUWA,7.87,81.05,2023-06-01,0.600000023841858,26.8,35.5,,93,Polonnaruwa,RESOLVED
43PPP,POLONNARUWA,7.87,81.05,2023-07-01,0.0,27.0,35.5,,93,Polonnaruwa,RESOLVED
43PPP,POLONNARUWA,7.87,81.05,2023-08-01,36.7999994307756,25.9,37.2,,93,Polonnaruwa,RESOLVED
43PPP,POLONNARUWA,7.87,81.05,2023-09-01,14.300000153482,25.9,35.5,,93,Polonnaruwa,RESOLVED
43PPP,POLONNARUWA,7.87,81.05,2023-10-01,318.099999308586,24.1,33.2,,93,Polonnaruwa,RESOLVED
43PPP,POLONNARUWA,7.87,81.05,2023-11-01,498.999998159707,24.1,31.7,,93,Polonnaruwa,RESOLVED
43PPP,POLONNARUWA,7.87,81.05,2023-12-01,445.600001640618,24.0,30.3,,93,Polonnaruwa,RESOLVED
43PPP,POLONNARUWA,7.87,81.05,2024-01-01,321.799998544157,22.9,30.0,,93,Polonnaruwa,RESOLVED
43PPP,POLONNARUWA,7.87,81.05,2024-02-01,19.0999999195337,23.0,32.0,,93,Polonnaruwa,RESOLVED
43PPP,POLONNARUWA,7.87,81.05,2024-03-01,35.1999992132187,23.2,34.1,,93,Polonnaruwa,RESOLVED
43PPP,POLONNARUWA,7.87,81.05,2024-04-01,65.1999999061227,25.3,35.6,,93,Polonnaruwa,RESOLVED
43PPP,POLONNARUWA,7.87,81.05,2024-05-01,148.099997289479,26.0,34.5,,93,Polonnaruwa,RESOLVED
43PPP,POLONNARUWA,7.87,81.05,2024-06-01,35.9000008702278,26.1,34.8,,93,Polonnaruwa,RESOLVED
43PPP,POLONNARUWA,7.87,81.05,2024-07-01,0.0,27.0,36.0,,93,Polonnaruwa,RESOLVED
43PPP,POLONNARUWA,7.87,81.05,2024-08-01,174.900002658367,25.3,,,93,Polonnaruwa,RESOLVED
43PPP,POLONNARUWA,7.87,81.05,2024-09-01,7.40000005066395,26.9,36.0,,93,Polonnaruwa,RESOLVED
43PPP,POLONNARUWA,7.87,81.05,2024-10-01,265.300002023578,,33.8,,93,Polonnaruwa,RESOLVED
43PPP,POLONNARUWA,7.87,81.05,2024-11-01,547.700008705258,23.6,30.9,,93,Polonnaruwa,RESOLVED
43PPP,POLONNARUWA,7.87,81.05,2024-12-01,247.800001695752,23.6,31.5,,93,Polonnaruwa,RESOLVED
43PPP,POLONNARUWA,7.87,81.05,2025-01-01,348.19999948889,23.0,29.1,,93,Polonnaruwa,RESOLVED
43PPP,POLONNARUWA,7.87,81.05,2025-02-01,185.7000015378,22.0,31.7,,93,Polonnaruwa,RESOLVED
43PPP,POLONNARUWA,7.87,81.05,2025-03-01,158.20000320673,23.4,33.0,,93,Polonnaruwa,RESOLVED
43PPP,POLONNARUWA,7.87,81.05,2025-04-01,327.100003406405,24.4,34.4,,93,Polonnaruwa,RESOLVED
43PPP,POLONNARUWA,7.87,81.05,2025-05-01,87.9999989643693,25.4,34.3,,93,Polonnaruwa,RESOLVED
43PPP,POLONNARUWA,7.87,81.05,2025-06-01,0.0,26.6,35.2,,93,Polonnaruwa,RESOLVED
43PPP,POLONNARUWA,7.87,81.05,2025-07-01,0.0,26.8,35.9,,93,Polonnaruwa,RESOLVED
43PPP,POLONNARUWA,7.87,81.05,2025-08-01,87.7000005245209,25.2,35.3,,93,Polonnaruwa,RESOLVED
43PPP,POLONNARUWA,7.87,81.05,2025-09-01,1.00000001490116,26.3,36.4,,93,Polonnaruwa,RESOLVED
43PPP,POLONNARUWA,7.87,81.05,2025-10-01,194.200000099838,23.9,34.0,,93,Polonnaruwa,RESOLVED
