station_id,station_name,latitude,longitude,district_id,district_name,resolution_status,has_rainfall,has_temperature
WST-001,ANURADHAPURA,8.35,80.38,74,Anuradhapura,RESOLVED,True,True
WST-002,BATTICALOA,7.72,81.7,76,Batticaloa,RESOLVED,True,True
WST-003,BENTOTA ESTATE,6.35,80.17,78,Galle,RESOLVED,True,False
WST-004,COLOMBO,6.9,79.87,77,Colombo,RESOLVED,True,True
WST-005,GALLE,6.03,80.22,78,Galle,RESOLVED_NEAR_BOUNDARY,True,True
WST-006,HAMBANTOTA,6.12,81.13,80,Hambantota,RESOLVED_NEAR_BOUNDARY,True,True
WST-007,JAFFNA,9.68,80.03,81,Jaffna,RESOLVED,True,True
WST-008,KALPITIYA,8.23,79.75,94,Puttalam,RESOLVED,True,False
WST-009,KANDALAMA,7.87,80.68,88,Matale,RESOLVED,True,False
WST-010,KATUGASTOTA,7.33,80.63,83,Kandy,RESOLVED,True,True
WST-011,KATUNAYAKA,7.17,79.88,79,Gampaha,RESOLVED,True,True
WST-012,MANNAR,8.98,79.92,87,Mannar,RESOLVED,True,True
WST-013,MINNERIYA TANK,8.05,80.9,93,Polonnaruwa,RESOLVED,True,False
WST-014,NEGOMBO,7.22,79.84,79,Gampaha,RESOLVED,True,False
WST-015,NUWARA ELIYA,6.97,80.77,92,Nuwara Eliya,RESOLVED,True,True
WST-016,PANAWALA WOODEND,6.75,81.77,73,Ampara,RESOLVED,True,False
WST-017,PASSIKUDA,7.93,81.55,76,Batticaloa,RESOLVED,True,False
WST-018,POLONNARUWA,7.87,81.05,93,Polonnaruwa,RESOLVED,True,True
WST-019,PUTTALAM,8.03,79.83,94,Puttalam,RESOLVED,True,True
WST-020,RATNAPURA,6.68,80.4,95,Ratnapura,RESOLVED,True,True
WST-021,THIRUKKOVIL,7.12,81.85,73,Ampara,RESOLVED,True,False
WST-022,TRINCOMALEE,8.58,81.25,96,Trincomalee,RESOLVED_NEAR_BOUNDARY,True,True
WST-023,YALA,6.37,81.53,80,Hambantota,RESOLVED,True,False
