name,latitude,longitude,category,description,website,source,type,address,district
Rawana Ella Falls,6.8408548,81.0545278,Tourist Attraction,,,OpenStreetMap,,,
Devon Falls,6.9515033,80.6301127,Tourist Attraction,,,OpenStreetMap,,,
Sri Paadaya Peak,6.8094211,80.4993876,Mountain / Peak,,,OpenStreetMap,,,
Lotus Pond,7.9748478,81.0039995,Tourist Attraction,,,OpenStreetMap,,,
Lipton's seat,6.7806643,81.0155075,Viewpoint,,,OpenStreetMap,,,
World's End (Plate 1),6.780405,80.7944245,Viewpoint,,,OpenStreetMap,,,
Mini World's End,6.7853177,80.8003087,Viewpoint,,,OpenStreetMap,,,
Hummanaya Blow Hole,5.9776154,80.7387267,Tourist Attraction,,,OpenStreetMap,,,
Little Adam's Peak,6.86505,81.0630167,Mountain / Peak,,,OpenStreetMap,,,
Knuckles,7.4002482,80.8107259,Mountain / Peak,,,OpenStreetMap,,,
Aradhana Gala,8.3510324,80.5182896,Mountain / Peak,,,OpenStreetMap,,,
Point Pedro,9.835611,80.2121949,Viewpoint,,,OpenStreetMap,,,
Casuarina Beach,9.7623085,79.8858088,Viewpoint,,,OpenStreetMap,,,
Temple Wele pansala,6.4463338,79.9946203,Tourist Attraction,,,OpenStreetMap,,,
Ellepola Ella,6.6307993,80.6860466,Viewpoint,,,OpenStreetMap,,,
Diyaluma Falls,6.7332925,81.0314914,Viewpoint,,,OpenStreetMap,,,
Kanniya Hot Water Wells,8.6044881,81.1713144,Tourist Attraction,,,OpenStreetMap,,,
World's End (Plate 2),6.7799838,80.7940585,Viewpoint,,,OpenStreetMap,,,
Sunrise viewpoint,6.8560235,81.0530765,Viewpoint,,,OpenStreetMap,,,
Kushtarajagala Statue,5.9694792,80.4199094,Tourist Attraction,,,OpenStreetMap,,,
Manal Kadu Beach,9.7727564,80.2764737,Viewpoint,,,OpenStreetMap,,,
Daha Ata Wanguwa,7.3565682,80.9149753,Viewpoint,,,OpenStreetMap,,,
Ramboda Falls,7.0558715,80.6990648,Viewpoint,,,OpenStreetMap,,,
Chithithavisuddi Cave,7.3045022,80.6434106,Cave,,,OpenStreetMap,,,
Audience Hall,7.9560209,80.7585222,Tourist Attraction,,,OpenStreetMap,,,
Cave Inscriptions,7.9680888,80.7610523,Cave,,,OpenStreetMap,,,
Cobra Hood Cave,7.9562783,80.7582684,Cave,,,OpenStreetMap,,,
Pidurangala Vihara,7.9658517,80.7623997,Tourist Attraction,,,OpenStreetMap,,,
Sunrise viewpoint,7.9666513,80.7623515,Viewpoint,,,OpenStreetMap,,,
Pidurutalagala,7.0009508,80.7736523,Mountain / Peak,,,OpenStreetMap,,,
Thummodara Ranmudu Ella,6.8647276,80.1708905,Tourist Attraction,,,OpenStreetMap,,,
Ella Uda Ella,6.8899887,80.1766836,Tourist Attraction,,,OpenStreetMap,,,
Wangu 10,6.4655993,80.6287085,Viewpoint,,,OpenStreetMap,,,
Hathmale Ella,6.3319645,80.5061691,Viewpoint,,,OpenStreetMap,,,
Thudugala Ella,6.570697,80.0584269,Tourist Attraction,,,OpenStreetMap,,,
Devanagala Temple,7.2202077,80.4688983,Viewpoint,,,OpenStreetMap,,,
Bible Rock,7.1895698,80.434277,Viewpoint,,,OpenStreetMap,,,
Kanneliya Rainforest Reserve,6.2510037,80.3379577,Viewpoint,,,OpenStreetMap,,,
Bopath Falls,6.8006004,80.3666596,Tourist Attraction,,,OpenStreetMap,,,
Mulawella,6.4241104,80.4271476,Mountain / Peak,,,OpenStreetMap,,,
Popham's Arboretum,7.8608104,80.6758588,Tourist Attraction,,,OpenStreetMap,,,
Rawana Ella Cave,6.8643793,81.0485407,Cave,,,OpenStreetMap,,,
Pidurangala Rock Viewpoint,7.957308,80.7600766,Viewpoint,,,OpenStreetMap,,,
Kosgoda Sea Turtle Conservation Project,6.3274734,80.0318424,Tourist Attraction,,,OpenStreetMap,,,
Dambadeniya Anciant Kingdom Rock,7.3628689,80.1551696,Tourist Attraction,,,OpenStreetMap,,,
Thimmagama Kanda,7.5807185,80.2568826,Mountain / Peak,,,OpenStreetMap,,,
Cruel elephant rides,7.9518339,80.7575474,Tourist Attraction,,,OpenStreetMap,,,
Puna Ella Falls,7.0470584,80.6956007,Tourist Attraction,,,OpenStreetMap,,,
Lover's Leap Waterfall,6.9784844,80.7867203,Tourist Attraction,,,OpenStreetMap,,,
Eagle Rock,6.7625011,80.9806723,Viewpoint,,,OpenStreetMap,,,
Dunhinda Falls,7.0169435,81.063492,Tourist Attraction,,,OpenStreetMap,,,
Kadugannawa Ambalama,7.2528577,80.4973119,Tourist Attraction,,,OpenStreetMap,,,
Kengalla Ambalama,7.291799,80.721326,Tourist Attraction,,,OpenStreetMap,,,
Hunnasgiri Ella,7.4017036,80.6897795,Tourist Attraction,,,OpenStreetMap,,,
Kodimale Peak,7.2986617,80.6444121,Mountain / Peak,,,OpenStreetMap,,,
Charty Beach,9.6331561,79.9198682,Viewpoint,,,OpenStreetMap,,,
Kananke Bridge,6.041543,80.4082151,Tourist Attraction,,,OpenStreetMap,,,
Elephant bathing place,7.3005836,80.3841891,Tourist Attraction,,,OpenStreetMap,,,
Ella Spice Garden,6.8740364,81.0494507,Tourist Attraction,,,OpenStreetMap,,,
Bopath Ella,6.8017623,80.3692116,Viewpoint,,,OpenStreetMap,,,
Dooli Ella Waterfall,6.3919677,80.392724,Tourist Attraction,,,OpenStreetMap,,,
Mountain Peak Kalubovitiyana,6.330639,80.4089888,Mountain / Peak,,,OpenStreetMap,,,
Makeliya Water Fall,6.6057951,80.2816914,Tourist Attraction,,,OpenStreetMap,,,
Jaya Sri Maha Bodhi,8.3447103,80.3972255,Tourist Attraction,,,OpenStreetMap,,,
Ritigala,8.1090191,80.6568395,Mountain / Peak,,,OpenStreetMap,,,
Duli ella,6.4005822,80.7142063,Tourist Attraction,,,OpenStreetMap,,,
Belum Gala,6.9534372,80.2432033,Mountain / Peak,,,OpenStreetMap,,,
Duwili Ella,6.4393538,80.4081589,Tourist Attraction,,,OpenStreetMap,,,
Bomburu Ella Waterfall,6.9470599,80.8307743,Tourist Attraction,,,OpenStreetMap,,,
Hunnasgiriya,7.388718,80.6992441,Mountain / Peak,,,OpenStreetMap,,,
Bogoda Wooden Bridge,7.0079106,80.9963053,Viewpoint,,,OpenStreetMap,,,
Sorabora Wewa,7.3614175,81.0058211,Viewpoint,,,OpenStreetMap,,,
Union of two rivers,6.9158121,80.9546795,Tourist Attraction,,,OpenStreetMap,,,
Haththikuchchi Ruins,8.0614923,80.2459605,Tourist Attraction,,,OpenStreetMap,,,
Sigiriya viewpoint,7.9656168,80.7618517,Viewpoint,,,OpenStreetMap,,,
Wawulgala Kanda,6.0115949,80.7059334,Mountain / Peak,,,OpenStreetMap,,,
Public Beach,7.2243994,81.8620623,Beach,,,OpenStreetMap,,,
Public Beach,7.2497306,81.8640579,Beach,,,OpenStreetMap,,,
Public Beach,7.290928,81.8673946,Beach,,,OpenStreetMap,,,
Sigiriya Reservoir Viewpoint,7.9560027,80.7597243,Viewpoint,,,OpenStreetMap,,,
Gen. Kobbekaduwa Memorial. Arali,9.6715993,79.925188,Viewpoint,,,OpenStreetMap,,,
Govinda Hela,7.0353252,81.5463087,Mountain / Peak,,,OpenStreetMap,,,
Maragala Kanda,6.8685474,81.388639,Mountain / Peak,,,OpenStreetMap,,,
Terrrorist Bulldozer,9.5019865,80.4063655,Viewpoint,,,OpenStreetMap,,,
Kondadeniya Rajamaha Viharaya,7.8040061,80.3042266,Viewpoint,,,OpenStreetMap,,,
Ancient Stone Bridge,8.3985706,80.4058616,Tourist Attraction,,,OpenStreetMap,,,
Palace of King Parakramabahu II,7.3631276,80.1550468,Tourist Attraction,,,OpenStreetMap,,,
Waterfall,6.8329061,81.0501314,Tourist Attraction,,,OpenStreetMap,,,
railway station,6.9284655,79.8648826,Viewpoint,,,OpenStreetMap,,,
Riverston,7.5245225,80.7338588,Viewpoint,,,OpenStreetMap,,,
'Soda Bottle' Curve,6.9598313,80.6604328,Viewpoint,,,OpenStreetMap,,,
Demodera Railway Spiral,6.9023894,81.061171,Tourist Attraction,,,OpenStreetMap,,,
Rozella 'Double Curve',6.9356302,80.5554459,Viewpoint,,,OpenStreetMap,,,
Kavisanan complex ,8.7632016,80.4841019,Viewpoint,,,OpenStreetMap,,,
Jathusana Home ,8.7639679,80.4679096,Viewpoint,,,OpenStreetMap,,,
Budugala Ruins,6.6332233,80.875522,Tourist Attraction,,,OpenStreetMap,,,
Kuragala Ruins,6.6237482,80.8692218,Tourist Attraction,,,OpenStreetMap,,,
Kuragala Ancient Buddhist Monastry,6.6281037,80.8649816,Tourist Attraction,,,OpenStreetMap,,,
Galtemyaya Ruins,6.6347703,80.8625859,Tourist Attraction,,,OpenStreetMap,,,
Kalthota Doowili Ella (Water fall),6.6625117,80.8657403,Tourist Attraction,,,OpenStreetMap,,,
Kalthota Doowili Ella 2 (Water Fall),6.6634939,80.8655644,Tourist Attraction,,,OpenStreetMap,,,
Hulan Ella (Walawe Ganga West Falls),6.6740663,80.8283787,Tourist Attraction,,,OpenStreetMap,,,
Rajagala Ancient Temple & Ruins,7.4915221,81.6159773,Tourist Attraction,,,OpenStreetMap,,,
Arthur’s Seat,7.2890117,80.6399363,Viewpoint,,,OpenStreetMap,,,
Ravana's Cut,8.5819557,81.245422,Viewpoint,,,OpenStreetMap,,,
Lover's Leap,8.5830009,81.2455805,Viewpoint,,,OpenStreetMap,,,
Mannar Dutch Fort,8.9758832,79.9170635,Tourist Attraction,,,OpenStreetMap,,,
Mukzith Lake View Point,7.2460409,81.7256778,Viewpoint,,,OpenStreetMap,,,
St. Lucia Church,6.9481148,79.8645241,Tourist Attraction,,,OpenStreetMap,,,
Marawila beach,7.4112037,79.8167273,Tourist Attraction,,,OpenStreetMap,,,
Bogahagoda,6.0376032,80.3044583,Viewpoint,,,OpenStreetMap,,,
Victoria Dam Observation Center,7.2419686,80.7880494,Tourist Attraction,,,OpenStreetMap,,,
Pidurangala,7.9662102,80.7616977,Mountain / Peak,,,OpenStreetMap,,,
Sigiriya,7.9566634,80.7599301,Mountain / Peak,,,OpenStreetMap,,,
Riverston,7.5303944,80.7330583,Tourist Attraction,,,OpenStreetMap,,,
Nalangana Falls,7.1002359,80.3868688,Viewpoint,,,OpenStreetMap,,,
Gal Palama,8.3985821,80.4058578,Tourist Attraction,,,OpenStreetMap,,,
Midigama Right,5.9647634,80.3836015,Viewpoint,,,OpenStreetMap,,,
Marakolliya Beach,6.0429891,80.8301175,Beach,,,OpenStreetMap,,,
Kadiyallana Falls,7.0119444,80.5869842,Tourist Attraction,,,OpenStreetMap,,,
Blue Fields Tea Factory,7.0453761,80.6964776,Tourist Attraction,,,OpenStreetMap,,,
Kothmale Panorama,7.0569144,80.6956009,Viewpoint,,,OpenStreetMap,,,
Luckgrove Spice Garden,7.528939,80.6261935,Tourist Attraction,,,OpenStreetMap,,,
Kothmale Hanging Bridge,7.0639133,80.5870478,Viewpoint,,,OpenStreetMap,,,
Kothmale Reservoir Observation Point,7.0638951,80.6002325,Viewpoint,,,OpenStreetMap,,,
Bambarakiri Ella,7.4955285,80.6990816,Viewpoint,,,OpenStreetMap,,,
Pallegama Old Village,7.5462573,80.8221257,Viewpoint,,,OpenStreetMap,,,
Hotel Ella Mount Heaven Viewpoint,6.8568623,81.058553,Viewpoint,,,OpenStreetMap,,,
Brandigala,7.4897604,80.5884005,Mountain / Peak,,,OpenStreetMap,,,
Moon Plains,6.9430772,80.820152,Viewpoint,,,OpenStreetMap,,,
Kirindi Ella Waterfall Pelmadulla,6.6422499,80.5646175,Tourist Attraction,,,OpenStreetMap,,,
Mayakkai Well,9.8143717,80.2166694,Viewpoint,,,OpenStreetMap,,,
Mayakkai Cave,9.8121018,80.2157173,Viewpoint,,,OpenStreetMap,,,
Kadurugoda Viharaya Archaeological Site - Kantharodai,9.7468646,80.0066385,Viewpoint,,,OpenStreetMap,,,
Hikkaduwa Coral Reaf,6.1349229,80.0995487,Tourist Attraction,,,OpenStreetMap,,,
Galboda Falls,6.9754081,80.5428804,Tourist Attraction,,,OpenStreetMap,,,
Glenloch Tea Plantation,7.0771149,80.6759844,Tourist Attraction,,,OpenStreetMap,,,
Udawalawa Fisheries Bungalow,6.4097927,80.8264548,Tourist Attraction,,,OpenStreetMap,,,
Mini World's End,7.1101824,81.1591676,Viewpoint,,,OpenStreetMap,,,
Castlereigh Reservoir Viewpoint,6.8497798,80.597307,Viewpoint,,,OpenStreetMap,,,
Dutch Fort Elephantpass Ruins,9.5234785,80.4085374,Viewpoint,,,OpenStreetMap,,,
Dutch Fort Beschutter Ruins,9.5609346,80.4154064,Viewpoint,,,OpenStreetMap,,,
Induruwa sea turtle farm,6.3730312,80.0108163,Tourist Attraction,,,OpenStreetMap,,,
Sigiriya and Pidurangala rocks view point,7.9680532,80.7580508,Viewpoint,,,OpenStreetMap,,,
Ella Rock,6.8550355,81.0523841,Mountain / Peak,,,OpenStreetMap,,,
Nine Arch Bridge Viewpoint,6.8768254,81.0627926,Viewpoint,Viewpoint plus cold drinks,,OpenStreetMap,,,
Jathika Namal Uyana,7.9148217,80.5787538,Tourist Attraction,,,OpenStreetMap,,,
Blowhole,6.0066746,80.2424645,Viewpoint,,,OpenStreetMap,,,
Haputale Forest Reserve Trailhead,6.7703136,80.9616022,Tourist Attraction,,,OpenStreetMap,,,
Godavaya wildlife sanctuary viewpoint,6.1067418,81.05071,Viewpoint,,,OpenStreetMap,,,
Rukmal Ella Waterfall,7.1011722,80.3971139,Viewpoint,,,OpenStreetMap,,,
Highforest,7.0554141,80.8365697,Mountain / Peak,,,OpenStreetMap,,,
Waterfall,6.3710518,80.4864491,Viewpoint,,,OpenStreetMap,,,
Conical Hill,6.9120779,80.7756516,Mountain / Peak,,,OpenStreetMap,,,
Hakgala Peak,6.9170615,80.812374,Mountain / Peak,,,OpenStreetMap,,,
Thotupola Kanda,6.8331199,80.8197979,Mountain / Peak,,,OpenStreetMap,,,
Dikthalawa,6.7836838,80.8368852,Mountain / Peak,,,OpenStreetMap,,,
Meeriyathenna,6.7885955,80.8634335,Mountain / Peak,,,OpenStreetMap,,,
Huge Stone Viewpoint,6.7901117,80.8622658,Viewpoint,,,OpenStreetMap,,,
Mini World's End,7.3356897,80.8674161,Viewpoint,,,OpenStreetMap,,,
Maningala,7.5242407,80.7747338,Mountain / Peak,,,OpenStreetMap,,,
Lankabarana Kanda,6.6426147,80.7252304,Mountain / Peak,,,OpenStreetMap,,,
Buddangala Peak,7.3314198,81.7044592,Mountain / Peak,,,OpenStreetMap,,,
Dambagasthalawa,6.9115324,80.7212443,Mountain / Peak,,,OpenStreetMap,,,
Great Western Peak,6.9668163,80.693872,Mountain / Peak,,,OpenStreetMap,,,
Hunuketiyagala,6.9684244,80.6469688,Mountain / Peak,,,OpenStreetMap,,,
Agra Kanda,6.8891307,80.6879617,Mountain / Peak,,,OpenStreetMap,,,
Kikiliyamana,6.9844681,80.7462138,Mountain / Peak,,,OpenStreetMap,,,
Single Tree,6.9569212,80.762138,Mountain / Peak,,,OpenStreetMap,,,
Haddon Hill,6.9672984,80.7535302,Mountain / Peak,,,OpenStreetMap,,,
Ahumulu Kanda,6.9390795,80.8254933,Mountain / Peak,,,OpenStreetMap,,,
Textile Hill,6.9481641,80.7868481,Mountain / Peak,,,OpenStreetMap,,,
Nikaratagoda,6.9290522,80.8961588,Mountain / Peak,,,OpenStreetMap,,,
Kuraththa,6.9789311,80.854547,Mountain / Peak,,,OpenStreetMap,,,
Kadawaththa,6.9777383,80.8624863,Mountain / Peak,,,OpenStreetMap,,,
Dathaniyagala,6.9718173,80.8592462,Mountain / Peak,,,OpenStreetMap,,,
Kotakithula Kanda,6.9576958,80.8376384,Mountain / Peak,,,OpenStreetMap,,,
Galaedanda Kanda,6.9488031,80.8341944,Mountain / Peak,,,OpenStreetMap,,,
Rahugala,6.9536914,80.8462214,Mountain / Peak,,,OpenStreetMap,,,
Welibissa,6.9752464,80.8437753,Mountain / Peak,,,OpenStreetMap,,,
Dabaragala,6.9645329,80.8978057,Mountain / Peak,,,OpenStreetMap,,,
Sthreepura,6.9657683,80.90729,Mountain / Peak,,,OpenStreetMap,,,
Buwalpola Kanda,6.974863,80.8816051,Mountain / Peak,,,OpenStreetMap,,,
Singappulikanda,6.6393499,80.473736,Mountain / Peak,,,OpenStreetMap,,,
Kiribathgala,6.6137636,80.515902,Mountain / Peak,,,OpenStreetMap,,,
Kuttapitiya Mountain,6.6661422,80.5903815,Mountain / Peak,,,OpenStreetMap,,,
Thoppikanda,6.6660142,80.546565,Mountain / Peak,,,OpenStreetMap,,,
Horakagoda Kanda,6.6910347,81.166048,Mountain / Peak,,,OpenStreetMap,,,
Thunkumahela,6.7209551,81.1591815,Mountain / Peak,,,OpenStreetMap,,,
Madunagala,6.2472328,81.0031307,Mountain / Peak,,,OpenStreetMap,,,
Kinihiri Kanda,8.0558728,80.6299495,Mountain / Peak,,,OpenStreetMap,,,
Wedda Kanda,8.5994376,80.5787515,Mountain / Peak,,,OpenStreetMap,,,
Etha Kanda,8.6401285,80.5905103,Mountain / Peak,,,OpenStreetMap,,,
Thoniyagala,8.0898648,80.5780327,Mountain / Peak,,,OpenStreetMap,,,
Dahaiya Kanda,8.0277741,80.5351496,Mountain / Peak,,,OpenStreetMap,,,
Ulgala,6.7329099,81.3193202,Mountain / Peak,,,OpenStreetMap,,,
Laggala Old Town,7.5418324,80.8303696,Viewpoint,,,OpenStreetMap,,,
Holuwagoda,7.2211344,80.7101792,Tourist Attraction,,,OpenStreetMap,,,
St. Catharine's Seat,6.7984754,81.0167241,Viewpoint,,,OpenStreetMap,,,
Royal Spice Garden,7.5759353,80.6253839,Tourist Attraction,,,OpenStreetMap,,,
New Paradise Spice Garden,7.5763917,80.6259149,Tourist Attraction,,,OpenStreetMap,,,
Sirilak Spice and Herbal Botanical Garden,7.5829487,80.6265083,Tourist Attraction,,,OpenStreetMap,,,
Safari Palace Wasgamuwa,7.6319921,80.9362697,Tourist Attraction,,,OpenStreetMap,,,
Wadakahadeniya,6.4338975,80.7114565,Mountain / Peak,,,OpenStreetMap,,,
Sooriya Kanda,6.4397479,80.6199476,Mountain / Peak,,,OpenStreetMap,,,
Palamcotta Peak,6.4547186,80.659368,Mountain / Peak,,,OpenStreetMap,,,
Kurulugala Peak,6.4611577,80.6422877,Mountain / Peak,,,OpenStreetMap,,,
Kudagoda,6.4142485,80.5503844,Mountain / Peak,,,OpenStreetMap,,,
Ilumbakanda,6.4140779,80.5679797,Mountain / Peak,,,OpenStreetMap,,,
Kella,6.3806844,80.6984853,Mountain / Peak,,,OpenStreetMap,,,
Naigala,6.3824117,80.6735623,Mountain / Peak,,,OpenStreetMap,,,
Dolaaramba,6.13776,80.2607489,Mountain / Peak,,,OpenStreetMap,,,
Ethumale,6.217311,80.2867985,Mountain / Peak,,,OpenStreetMap,,,
Sera Ella Water Fall,7.588254,80.7552087,Viewpoint,,,OpenStreetMap,,,
Mahakudugala,7.0430787,80.8442927,Mountain / Peak,,,OpenStreetMap,,,
Agrabopath,6.812823,80.7828425,Mountain / Peak,,,OpenStreetMap,,,
Gommolli Kanda,6.7666928,80.8090256,Mountain / Peak,,,OpenStreetMap,,,
Namunukula,6.9322823,81.1139,Mountain / Peak,,,OpenStreetMap,,,
Kotagala,6.8945165,80.6188154,Mountain / Peak,,,OpenStreetMap,,,
Hagala,6.7220774,80.743798,Mountain / Peak,,,OpenStreetMap,,,
Gongala,6.3852835,80.649706,Mountain / Peak,,,OpenStreetMap,,,
Rajagala,7.4890231,81.6212169,Mountain / Peak,,,OpenStreetMap,,,
Kalugala,7.8102812,80.4104483,Mountain / Peak,,,OpenStreetMap,,,
Huluganga Ella Waterfall,7.4010665,80.7421521,Tourist Attraction,waterfall,,OpenStreetMap,,,
bathing place,7.4011222,80.7720165,Tourist Attraction,,,OpenStreetMap,,,
bathing place,7.4006038,80.7713226,Tourist Attraction,,,OpenStreetMap,,,
Upper Hunnasfall,7.4029293,80.692668,Tourist Attraction,,,OpenStreetMap,,,
Algama Water fall,7.1532359,80.1745665,Tourist Attraction,,,OpenStreetMap,,,
Uduwaka ella,7.1478186,80.2019743,Tourist Attraction,,,OpenStreetMap,,,
Thaliya Wetuna Ella,7.4190606,80.7401511,Tourist Attraction,,,OpenStreetMap,,,
Olu Ella water fall,7.0650461,80.3797779,Tourist Attraction,,,OpenStreetMap,,,
Rikili ella water fall,7.1041472,80.3724705,Tourist Attraction,,,OpenStreetMap,,,
Weladha Ella Waterfall,7.0967106,80.3618275,Viewpoint,,,OpenStreetMap,,,
Roehampton,6.7813136,80.9720267,Mountain / Peak,,,OpenStreetMap,,,
Millangoda Elephant Village,7.2538003,80.3846791,Tourist Attraction,,,OpenStreetMap,,,
Boltumbe,6.7271083,80.6570774,Mountain / Peak,,,OpenStreetMap,,,
Walaboda Pathana,6.722167,80.6506696,Mountain / Peak,,,OpenStreetMap,,,
Punchuwaththa,6.726794,80.6184697,Mountain / Peak,,,OpenStreetMap,,,
Pethiyagala,6.7336664,80.7240307,Mountain / Peak,,,OpenStreetMap,,,
Waterfall,6.724045,80.6984398,Tourist Attraction,,,OpenStreetMap,,,
Iharakanda,6.5281673,80.4945224,Mountain / Peak,,,OpenStreetMap,,,
Wedda peni ella,7.5173714,80.7559526,Tourist Attraction,,,OpenStreetMap,,,
Rathninda Ella,7.5231896,80.749642,Tourist Attraction,,,OpenStreetMap,,,
Hantana 1,7.2280536,80.6380399,Mountain / Peak,,,OpenStreetMap,,,
Hantana 2,7.2535386,80.6279647,Mountain / Peak,,,OpenStreetMap,,,
Snorkling Place,6.1377427,80.0986889,Tourist Attraction,,,OpenStreetMap,,,
Siyabalagala,7.9286984,80.7439194,Mountain / Peak,,,OpenStreetMap,,,
Duwannagala,7.9433198,80.7420526,Mountain / Peak,,,OpenStreetMap,,,
Kuda gala,7.4434059,80.5531941,Mountain / Peak,,,OpenStreetMap,,,
Brampton Falls,6.7330899,80.8180383,Tourist Attraction,,,OpenStreetMap,,,
Ruwanwella Suspension Bridge,7.0444734,80.2510833,Viewpoint,The Longest Suspension Bridge in Sri lanka,,OpenStreetMap,,,
Lankagama Sangili Palama,6.3688789,80.4569311,Viewpoint,,,OpenStreetMap,,,
Fool’s Bridge,7.0956325,80.5596838,Viewpoint,,,OpenStreetMap,,,
Kosgulana Sangili Palama,6.6219283,80.2630373,Viewpoint,,,OpenStreetMap,,,
Maskeliya Ravana Gala,6.865249,80.5497349,Viewpoint,,,OpenStreetMap,,,
Abarana Ella,6.1875733,80.9702458,Viewpoint,,,OpenStreetMap,,,
Adi Hate Wala Waterfall,6.9764577,81.1862758,Viewpoint,,,OpenStreetMap,,,
Kapara Mulaya,8.3723656,80.4010745,Viewpoint,,,OpenStreetMap,,,
Abhayagiriya Museum,8.3664324,80.394995,Viewpoint,,,OpenStreetMap,,,
World War I Memorial,7.2928685,80.6356115,Tourist Attraction,,,OpenStreetMap,,,
Akurukaduwa Limestone Cave and the Cascade,7.1225382,81.0577484,Viewpoint,,,OpenStreetMap,,,
Primrose Hill,7.2775911,80.6094199,Mountain / Peak,,,OpenStreetMap,,,
Asgiriya,7.3005905,80.6275001,Mountain / Peak,,,OpenStreetMap,,,
Manawela,6.9559599,80.9312206,Mountain / Peak,,,OpenStreetMap,,,
Thunkadulla,6.6017738,80.1962793,Mountain / Peak,,,OpenStreetMap,,,
Norton,6.9122827,80.5295062,Mountain / Peak,,,OpenStreetMap,,,
Benachie,6.9269807,80.5225324,Mountain / Peak,,,OpenStreetMap,,,
Trafalgar,6.9543304,80.5213737,Mountain / Peak,,,OpenStreetMap,,,
Weligambay Villas Parking Space,5.946629,80.4470643,Viewpoint,Great view over the ocean.,,OpenStreetMap,,,
Pink quartz Mountain View point,7.908643,80.5753212,Viewpoint,,,OpenStreetMap,,,
Ambuluwaawa,7.1610736,80.5473402,Mountain / Peak,,,OpenStreetMap,,,
Meellakela,6.8111754,80.4923804,Viewpoint,,,OpenStreetMap,,,
Heramitipana,6.8102819,80.4870549,Viewpoint,,,OpenStreetMap,,,
Seethagangula,6.8222505,80.4576659,Viewpoint,,,OpenStreetMap,,,
Nine Arches Bridge Viewpoint,6.8760426,81.061567,Viewpoint,,,OpenStreetMap,,,
Uva Halpewatte Tea Factory,6.8895645,81.0347674,Tourist Attraction,,https://www.halpetea.com/,OpenStreetMap,,,
Little Adam's Peak,6.8650918,81.0630331,Viewpoint,,,OpenStreetMap,,,
Welimada Valley Panorama Viewpoint,6.9228436,80.8280138,Viewpoint,,,OpenStreetMap,,,
Castlereigh Reservoir Viewpoint,6.8484699,80.584723,Viewpoint,,,OpenStreetMap,,,
Maratenne Estate Viewpoint,6.7447834,80.7074999,Viewpoint,,,OpenStreetMap,,,
Moragahakanda Reservoir Viewpoint,7.6991061,80.7589715,Tourist Attraction,,,OpenStreetMap,,,
View Point,6.7671174,80.9578912,Viewpoint,,,OpenStreetMap,,,
Aberdeen Waterfall,6.9493501,80.5021871,Viewpoint,,,OpenStreetMap,,,
Dimbulagala Temple Viewpoint,7.8609613,81.1174947,Viewpoint,,,OpenStreetMap,,,
tea factory,6.2186047,80.3627056,Tourist Attraction,,,OpenStreetMap,,,
Danigala Rock,7.6809344,81.2135768,Viewpoint,,,OpenStreetMap,,,
Danigala,7.679531,81.2098217,Mountain / Peak,,,OpenStreetMap,,,
Sea turtle hatchery mahamodara,6.0407815,80.1985862,Tourist Attraction,,,OpenStreetMap,,,
reef,8.5651714,81.2418312,Tourist Attraction,,,OpenStreetMap,,,
Tea Rosette,6.9427645,81.0538512,Mountain / Peak,,,OpenStreetMap,,,
Ataseta Cave,8.3517035,80.5130813,Cave,,,OpenStreetMap,,,
Dambana Wedi Gammanaya,7.4135081,81.1083854,Tourist Attraction,,,OpenStreetMap,,,
Katuwana Dutch Fort,6.2675009,80.6952354,Tourist Attraction,,,OpenStreetMap,,,
Kayts Fort,9.7007306,79.8519663,Tourist Attraction,,,OpenStreetMap,,,
Uthuwankanda,7.2619944,80.4191601,Mountain / Peak,,,OpenStreetMap,,,
Peessa Ella,6.9758321,81.2190002,Viewpoint,,,OpenStreetMap,,,
Lakegala,7.4660876,80.8393578,Mountain / Peak,,,OpenStreetMap,,,
Coconut Tree Hill,5.9392522,80.4682756,Viewpoint,,,OpenStreetMap,,,
Usine de thé  Embilmeegama,7.2640755,80.5594977,Tourist Attraction,,,OpenStreetMap,,,
St. Clair Falls,6.9513704,80.6481451,Tourist Attraction,,,OpenStreetMap,,,
Elephant stables,7.2957825,80.6410471,Tourist Attraction,,,OpenStreetMap,,,
Silver Beach,7.5791383,79.7874746,Beach,,,OpenStreetMap,,,
New Regent Spice & Herbal Garden,7.2527184,80.4276718,Tourist Attraction,,,OpenStreetMap,,,
Alugolla,7.6759913,80.6352823,Tourist Attraction,,,OpenStreetMap,,,
Wilpothuwewa Bridge,7.6975714,79.9983886,Viewpoint,,,OpenStreetMap,,,
Panama Wewa Viewpoint,6.7538932,81.7736302,Tourist Attraction,,,OpenStreetMap,,,
Senanayaka Samudraya Spilling Point,7.2230621,81.5330477,Viewpoint,,,OpenStreetMap,,,
Halgolla Forest Reserve,7.3061909,80.5216554,Nature Reserve,,,OpenStreetMap,,,
Dorric Fort,8.7809448,79.9343729,Tourist Attraction,,,OpenStreetMap,,,
Nayabedde Peak,6.8044998,81.0167724,Mountain / Peak,,,OpenStreetMap,,,
Golumale Stream,7.0921695,80.9410933,Tourist Attraction,,,OpenStreetMap,,,
Singimale Tunnel,6.9022828,80.607352,Viewpoint,,,OpenStreetMap,,,
Singimale Tunnel,6.8980942,80.604592,Viewpoint,,,OpenStreetMap,,,
Kabaragala Peak Viewpoint,7.0722251,80.5136336,Viewpoint,,,OpenStreetMap,,,
Birds Information Center,6.5291643,81.7058887,Viewpoint,,,OpenStreetMap,,,
Kirigalpotta,6.7989937,80.7664235,Mountain / Peak,,,OpenStreetMap,,,
Palm rope swing.,6.0013739,80.2600697,Tourist Attraction,,,OpenStreetMap,,,
Ship Rock,6.0001929,80.2620853,Tourist Attraction,,,OpenStreetMap,,,
Demodara Train Viewing Point,6.9036287,81.0518427,Viewpoint,,,OpenStreetMap,,,
Narangala,7.0355129,81.0103941,Mountain / Peak,,,OpenStreetMap,,,
Narangala Mountain Viewpoint,7.0369557,81.0086238,Viewpoint,,,OpenStreetMap,,,
Sri Pada Falls Viewpoint,6.799745,80.5518171,Viewpoint,,,OpenStreetMap,,,
Kokagala,7.0899852,81.1440593,Viewpoint,,,OpenStreetMap,,,
Surf Control - Surf School & Stuff,6.1276002,80.1044062,Tourist Attraction,,,OpenStreetMap,,,
Pahan Gala Viewpoint,7.5297338,80.490877,Viewpoint,,,OpenStreetMap,,,
Dell Hill,6.8872739,80.6447982,Mountain / Peak,,,OpenStreetMap,,,
Preston Hill,6.8675257,80.6526518,Mountain / Peak,,,OpenStreetMap,,,
Elbedda,6.847159,80.665183,Mountain / Peak,,,OpenStreetMap,,,
Saptha Kanya 6,6.8866561,80.4976201,Mountain / Peak,,,OpenStreetMap,,,
Saptha Kanya 1,6.8951985,80.4876637,Mountain / Peak,,,OpenStreetMap,,,
Saptha Kanya 7,6.8838548,80.498693,Mountain / Peak,,,OpenStreetMap,,,
Saptha Kanya 5,6.8885094,80.4956782,Mountain / Peak,,,OpenStreetMap,,,
Saptha Kanya 4,6.8913533,80.4929691,Mountain / Peak,,,OpenStreetMap,,,
Saptha Kanya 3,6.892051,80.4922074,Mountain / Peak,,,OpenStreetMap,,,
Saptha Kanya 2,6.8936647,80.4896378,Mountain / Peak,,,OpenStreetMap,,,
Mawaralagala,7.3937485,81.1042285,Mountain / Peak,,,OpenStreetMap,,,
Waulpane Cave,6.4249508,80.7328816,Viewpoint,,,OpenStreetMap,,,
Kalupahana,7.4415776,80.8084003,Viewpoint,Knuckles Forest - Ududumbara,,OpenStreetMap,,,
Meemure Lakegala Hiking Area,7.4595359,80.842701,Tourist Attraction,,,OpenStreetMap,,,
Heen Gaga Natural Pool,7.420077,80.8463495,Tourist Attraction,,,OpenStreetMap,,,
Confluence Waterfall And Natural Pool,7.4201408,80.84735,Tourist Attraction,,,OpenStreetMap,,,
Sliding Rock,7.4361229,80.8581517,Tourist Attraction,,,OpenStreetMap,,,
Kondagala,6.6943503,80.560158,Mountain / Peak,,,OpenStreetMap,,,
Belipola Arboretum,6.8598843,80.9494456,Tourist Attraction,,https://www.belipolaarboretum.earth/,OpenStreetMap,,,
Ruins Main Residential Complex,8.3677261,80.3930744,Tourist Attraction,,,OpenStreetMap,,,
Mahinda cave,8.3522427,80.5197119,Tourist Attraction,,,OpenStreetMap,,,
Ruins,8.3479334,80.4131871,Tourist Attraction,,,OpenStreetMap,,,
Ruins,8.3551703,80.4279432,Tourist Attraction,,,OpenStreetMap,,,
Dutch Fort,6.9912024,81.0540106,Tourist Attraction,,,OpenStreetMap,,,
Udaweriya,6.7946732,80.8656034,Mountain / Peak,,,OpenStreetMap,,,
Narangala,7.2921762,80.3334002,Mountain / Peak,,,OpenStreetMap,,,
Managala,7.2789202,80.3473243,Mountain / Peak,,,OpenStreetMap,,,
Potani,7.9373361,80.7148794,Tourist Attraction,,,OpenStreetMap,,,
Eth Vehara,8.347538,80.5126963,Mountain / Peak,,,OpenStreetMap,,,
Stilt Fishermen,5.9585884,80.4060051,Tourist Attraction,,,OpenStreetMap,,,
Dothalugala,7.3334344,80.848163,Mountain / Peak,,,OpenStreetMap,,,
Koboneelagala,7.353465,80.8357233,Mountain / Peak,,,OpenStreetMap,,,
Dumbaanagala,7.3831672,80.8557379,Mountain / Peak,,,OpenStreetMap,,,
Aliyawetunaela,7.371277,80.822736,Mountain / Peak,,,OpenStreetMap,,,
Knuckles-Kirigalpotta,7.4766978,80.729996,Mountain / Peak,,,OpenStreetMap,,,
Gombaniya,7.4551115,80.7482898,Mountain / Peak,,,OpenStreetMap,,,
Ruwanweli Maha Seya,8.350051,80.3963636,Tourist Attraction,,,OpenStreetMap,,,
Leopard rock,7.3889981,80.8105895,Viewpoint,,,OpenStreetMap,,,
Stick Fishermen,5.9699302,80.3680142,Tourist Attraction,,,OpenStreetMap,,,
Preaching Rock,7.9584831,80.7586264,Tourist Attraction,,,OpenStreetMap,,,
Viewpoint Hurulu Eco Park,8.1214385,80.8036939,Viewpoint,,,OpenStreetMap,,,
Growing Stone,9.5203414,79.7211376,Tourist Attraction,,,OpenStreetMap,,,
Kalugala,7.1524131,81.118666,Mountain / Peak,,,OpenStreetMap,,,
Rathmalkanda,8.0142419,80.6495029,Mountain / Peak,,,OpenStreetMap,,,
Shark view point,6.1314908,80.0997773,Viewpoint,,,OpenStreetMap,,,
Peacock Hill,7.0852774,80.6327218,Mountain / Peak,,,OpenStreetMap,,,
Handapan Ella Falls,6.444556,80.5835822,Tourist Attraction,,,OpenStreetMap,,,
Arisimalai Fishing Point,8.9354345,81.0048956,Tourist Attraction,,,OpenStreetMap,,,
Arisimale Beach,8.9364573,81.0072988,Viewpoint,,,OpenStreetMap,,,
Rammale Mountain,6.2197856,80.6235568,Mountain / Peak,,,OpenStreetMap,,,
Hatale Patana World's End,7.3826592,80.7226065,Viewpoint,,,OpenStreetMap,,,
Kellebokka State Viewpoint,7.4342524,80.7121697,Viewpoint,,,OpenStreetMap,,,
Ingurugala,7.307591,80.4575694,Mountain / Peak,,,OpenStreetMap,,,
Alagalla,7.2979754,80.4715679,Mountain / Peak,,,OpenStreetMap,,,
Rathna Ella Waterfall,7.3754749,80.9241449,Viewpoint,,,OpenStreetMap,,,
Stentry Box,7.0732641,80.4894501,Mountain / Peak,,,OpenStreetMap,,,
Kabaragala,7.0706661,80.5031508,Mountain / Peak,,,OpenStreetMap,,,
Sapumalgaskada Ancient Temple,8.8963125,80.6555209,Viewpoint,,,OpenStreetMap,,,
Devil's Starcase,6.8003302,80.8414023,Viewpoint,,,OpenStreetMap,,,
Baker's Bend,6.7608756,80.7836272,Viewpoint,,,OpenStreetMap,,,
Kabaragala,6.920946,81.1285682,Mountain / Peak,,,OpenStreetMap,,,
Eladaluwa,6.9735744,81.053009,Mountain / Peak,,,OpenStreetMap,,,
Green Mount,6.8200659,80.6912329,Mountain / Peak,,,OpenStreetMap,,,
Halamba Iron Bridge,6.9970403,80.9853827,Viewpoint,,,OpenStreetMap,,,
Buddama Kanda,7.0454634,81.491164,Mountain / Peak,,,OpenStreetMap,,,
Monaragala,6.9021996,81.3478376,Mountain / Peak,,,OpenStreetMap,,,
Panama Beach,6.7665075,81.8256521,Beach,,,OpenStreetMap,,,
Kirawanagama Falls,6.7333028,80.9317772,Tourist Attraction,,,OpenStreetMap,,,
Labunoruwa Kanda,8.1654349,80.638915,Mountain / Peak,,,OpenStreetMap,,,
Karagahatenna Transmission Station,7.5900283,80.7137648,Viewpoint,,,OpenStreetMap,,,
Opalgala Transmission Station,7.5886683,80.7046115,Viewpoint,,,OpenStreetMap,,,
Opalgala,7.5897916,80.7053919,Mountain / Peak,,,OpenStreetMap,,,
Karagahatenna,7.5894418,80.7136586,Mountain / Peak,,,OpenStreetMap,,,
Patanagala,7.5496196,80.7298554,Mountain / Peak,,,OpenStreetMap,,,
LTTE Leadership Bunker,9.2986714,80.6855451,Tourist Attraction,,,OpenStreetMap,,,
James Taylor's Site,7.1481167,80.7011912,Viewpoint,,,OpenStreetMap,,,
Dikkande Mansion,7.067806,80.0968967,Tourist Attraction,,,OpenStreetMap,,,
Miunu Ella Waterfall,6.6428272,80.2653931,Tourist Attraction,,,OpenStreetMap,,,
Kondagala,7.1467025,80.6992552,Mountain / Peak,,,OpenStreetMap,,,
Bathalegala,7.1900861,80.4338935,Viewpoint,,,OpenStreetMap,,,
Dolukanda,7.611748,80.4096758,Mountain / Peak,,,OpenStreetMap,,,
Yakdessagala,7.5834598,80.3219891,Mountain / Peak,,,OpenStreetMap,,,
Kurullangala,6.8107639,81.0640222,Viewpoint,,,OpenStreetMap,,,
Yahangala,7.4079947,80.9054768,Mountain / Peak,,,OpenStreetMap,,,
Paraviyangala,6.7412979,80.795348,Viewpoint,,,OpenStreetMap,,,
Monaragala,7.084896,80.632385,Viewpoint,,,OpenStreetMap,,,
වල්පොලමුල්ල,7.4934698,80.7687593,Tourist Attraction,,,OpenStreetMap,,,
Galkadawala Lake,8.0313636,80.6930609,Viewpoint,,,OpenStreetMap,,,
Galkadawala Lake,8.0304517,80.6922117,Viewpoint,,,OpenStreetMap,,,
Katusu Konda,7.2263125,80.6400359,Viewpoint,,,OpenStreetMap,,,
Gira Hote Cave,7.2259162,80.6401787,Cave,,,OpenStreetMap,,,
Dolukanda Cave,7.6253621,80.406309,Cave,,,OpenStreetMap,,,
Dolukanda Sunset,7.6228617,80.4069394,Viewpoint,,,OpenStreetMap,,,
Dolukanda Cave 2,7.6219792,80.4106071,Cave,,,OpenStreetMap,,,
Monkey View,6.0106677,80.2469573,Tourist Attraction,,,OpenStreetMap,,,
Amundara Udaha,6.4488078,80.2190616,Mountain / Peak,,,OpenStreetMap,,,
Andahelena Ella,6.2586051,80.197338,Tourist Attraction,,,OpenStreetMap,,,
Raja Wetunu Ella,6.374451,80.5445628,Tourist Attraction,,,OpenStreetMap,,,
Pareiyan Ella Falls,6.8499267,81.2373371,Tourist Attraction,,,OpenStreetMap,,,
Limestone Pools,6.6555574,80.8554492,Tourist Attraction,,,OpenStreetMap,,,
Kalu Dola Ella,6.3745281,80.2370436,Tourist Attraction,,,OpenStreetMap,,,
Rangala Natural Pool,7.3694319,80.7821916,Tourist Attraction,,,OpenStreetMap,,,
Pettigala,7.286341,80.7598155,Mountain / Peak,,,OpenStreetMap,,,
Pettigala 2nd View Point,7.2865278,80.7589161,Viewpoint,,,OpenStreetMap,,,
Pettigala View Point,7.2862977,80.7598718,Viewpoint,,,OpenStreetMap,,,
Ambalammana Peak,7.222967,80.6642552,Mountain / Peak,,,OpenStreetMap,,,
Walankanda,6.4923264,80.4811049,Mountain / Peak,,,OpenStreetMap,,,
The Cocoons viewpoint,7.6084826,80.4607682,Viewpoint,,,OpenStreetMap,,,
Nagrak Mountain,6.7574897,80.7754026,Mountain / Peak,"Balangoda Plantations , Nagrak Estate Peak",,OpenStreetMap,,,
Galgiriya Mountain,7.9295561,80.3845269,Mountain / Peak,,,OpenStreetMap,,,
Nelligala,7.3027793,80.559935,Mountain / Peak,,,OpenStreetMap,,,
Gal Goa,6.9013991,80.4986165,Cave,,,OpenStreetMap,,,
Elephant Rock,6.8981543,81.847449,Tourist Attraction,,,OpenStreetMap,,,
walakadahena peak,6.1193885,80.7376843,Mountain / Peak,,,OpenStreetMap,,,
thorana,6.8257088,80.5215046,Cave,,,OpenStreetMap,,,
dolamaite Excavtion site,7.5738695,80.6264443,Cliff,,,OpenStreetMap,,,
Sathutu Uyana,6.9603056,79.8649125,Tourist Attraction,,,OpenStreetMap,,,
Ahungalla Sea Turtles Conservation Project,6.3000371,80.0378652,Tourist Attraction,,,OpenStreetMap,,,
Red Bridge Lower Fall,6.5656829,80.4754141,Tourist Attraction,,,OpenStreetMap,,,
Red Bridge Upper  Fall,6.5660506,80.4777128,Tourist Attraction,,,OpenStreetMap,,,
450101,8.7157875,80.350127,Viewpoint,,,OpenStreetMap,,,
45012,8.7160156,80.3603526,Viewpoint,,,OpenStreetMap,,,
45012,8.7168379,80.3617971,Viewpoint,,,OpenStreetMap,,,
Kitulana Tank View,6.8886092,81.7197349,Viewpoint,,,OpenStreetMap,,,
Makara Kata (Dragon's Mouth),7.1913042,81.4239628,Tourist Attraction,,,OpenStreetMap,,,
Nilgala Summit,7.1749998,81.3703193,Mountain / Peak,,,OpenStreetMap,,,
Bulupitihela Summit,7.1839792,81.3637486,Mountain / Peak,,,OpenStreetMap,,,
Kalu Diya Wala,6.8228084,80.2441648,Tourist Attraction,,,OpenStreetMap,,,
Patna Viewpoint,6.3784533,80.6011202,Viewpoint,,,OpenStreetMap,,,
Tea plantations view,6.9563336,80.7670901,Viewpoint,,,OpenStreetMap,,,
Balumgala,6.7110142,80.7907279,Mountain / Peak,,,OpenStreetMap,,,
Eco Tourism Center Urani,6.9195136,81.8376765,Tourist Attraction,,,OpenStreetMap,,,
Glenanore View Point,6.7756248,80.9327181,Viewpoint,,,OpenStreetMap,,,
Samanalawewa Reservoir,6.6967399,80.7635782,Tourist Attraction,,,OpenStreetMap,,,
Octagonal ruin,8.3401821,80.3895262,Tourist Attraction,,,OpenStreetMap,,,
Rock cave with stone doorway,8.3265829,80.3895948,Tourist Attraction,,,OpenStreetMap,,,
Arangala,7.698132,80.6385301,Mountain / Peak,,,OpenStreetMap,,,
Elephant Rock,6.8098391,81.8241626,Mountain / Peak,,,OpenStreetMap,,,
Flower,6.4264508,79.9980317,Tourist Attraction,,,OpenStreetMap,,,
Athugala,7.4888911,80.371912,Cliff,,,OpenStreetMap,,,
Sri Rama's Bridge Viewpoint,9.0814516,79.6987268,Viewpoint,,,OpenStreetMap,,,
Giragama Walawwa,7.2942985,80.6359662,Tourist Attraction,,,OpenStreetMap,,,
Puss-wel (Giant liana),7.301254,80.6432612,Tourist Attraction,,,OpenStreetMap,,,
Viewpoint of Asgiri Maha Vihara Pirivena,7.2956008,80.6337295,Viewpoint,,,OpenStreetMap,,,
Henewala Wadigala,7.2495962,81.4122686,Viewpoint,,,OpenStreetMap,,,
Henewala Cave,7.2512886,81.4085372,Cave,,,OpenStreetMap,,,
Pattiyathalawa Cave,7.2596543,81.3898962,Cave,,,OpenStreetMap,,,
Belumgala,7.2652376,81.3835638,Viewpoint,,,OpenStreetMap,,,
Kahatapitiya Cave,7.2798437,81.4203883,Cave,,,OpenStreetMap,,,
Galoya Forest View,7.2641499,81.3729115,Viewpoint,,,OpenStreetMap,,,
Bulupitiya Bend Ganadewi Temple,7.2624865,81.3741163,Viewpoint,,,OpenStreetMap,,,
Inginiyagala Summit,7.2200248,81.536128,Mountain / Peak,,,OpenStreetMap,,,
Crocodile Ponds,6.7591941,81.7851014,Tourist Attraction,,,OpenStreetMap,,,
Giant Hearth-Stone,6.6274201,81.7571301,Tourist Attraction,,,OpenStreetMap,,,
Kiththul Malai Hill,7.6419785,81.445833,Mountain / Peak,,,OpenStreetMap,,,
Slide & swing ella,6.8768528,81.0630019,Tourist Attraction,,,OpenStreetMap,,,
Eagle's Viewpoint,6.9762642,80.7539875,Viewpoint,,,OpenStreetMap,,,
Jodu Ella Water Falls,7.4004888,80.775762,Tourist Attraction,,,OpenStreetMap,,,
Summit level,6.848736,80.833256,Tourist Attraction,,,OpenStreetMap,,,
Pigeon Island Tours,8.6924728,81.18921,Tourist Attraction,Snorkeling Diving Whale Dolphin Watching Fishing Trips Lagoon Safari Day and Round Trips Airport Transfer Car van TukTuk all tourist information's and Bookings proved,https://pigeonislandtours.com,OpenStreetMap,,,
Maha Gal Amuna,6.7537203,81.6973474,Tourist Attraction,,,OpenStreetMap,,,
Mapagala Rock,7.9500924,80.7574137,Viewpoint,,,OpenStreetMap,,,
Gorikana Mountain,7.4654996,81.4065997,Mountain / Peak,,,OpenStreetMap,,,
Yaka Netu Hela,7.4112143,81.4218574,Mountain / Peak,,,OpenStreetMap,,,
Maha Seethala Wanniya,7.4819458,81.4579961,Mountain / Peak,,,OpenStreetMap,,,
Kuda Seethala Wanniya,7.4672253,81.4424862,Mountain / Peak,,,OpenStreetMap,,,
Moragala Kanda,7.2985214,81.5342755,Mountain / Peak,,,OpenStreetMap,,,
Namal Oya Kanda,7.3186717,81.5011417,Mountain / Peak,,,OpenStreetMap,,,
Balakaduwa Ella,7.4275761,80.6114595,Viewpoint,,,OpenStreetMap,,,
plantation de thé escalier,7.1118844,80.6365621,Viewpoint,,,OpenStreetMap,,,
Kokagala,6.8823404,81.7211032,Viewpoint,,,OpenStreetMap,,,
Sengamuwa Tank Viewpoint 1,6.890873,81.7568206,Viewpoint,,,OpenStreetMap,,,
Sengamuwa Tank Viewpoint 2,6.8964927,81.7552084,Viewpoint,,,OpenStreetMap,,,
Kokkatumulla,6.9049816,81.7012061,Viewpoint,,,OpenStreetMap,,,
Buruthagaha Viewpoint,6.9010229,81.7052987,Viewpoint,,,OpenStreetMap,,,
Sulupatumulla,6.8902639,81.7170659,Viewpoint,,,OpenStreetMap,,,
Endagala Summit,7.1718745,81.4143685,Mountain / Peak,,,OpenStreetMap,,,
Kahataththahela Summit,7.1985107,81.3700573,Mountain / Peak,,,OpenStreetMap,,,
Yakunnehela Summit,7.2046031,81.3313249,Mountain / Peak,,,OpenStreetMap,,,
Walasgala Summit,7.1446253,81.5390741,Mountain / Peak,,,OpenStreetMap,,,
Pallanhela Summit,7.1856401,81.5618397,Mountain / Peak,,,OpenStreetMap,,,
Wadinagala Summit,7.0999131,81.5178793,Mountain / Peak,,,OpenStreetMap,,,
Guruhela Summit,7.1168958,81.3964992,Mountain / Peak,,,OpenStreetMap,,,
Kadirampila,7.0964118,81.3866045,Mountain / Peak,,,OpenStreetMap,,,
Kirikekumangoda,7.1452915,81.3254149,Mountain / Peak,,,OpenStreetMap,,,
Dorapuruwagoda,7.1865092,81.453179,Mountain / Peak,,,OpenStreetMap,,,
Medahelawala Kanda,7.1469148,81.4292095,Mountain / Peak,,,OpenStreetMap,,,
Danigala,7.2517975,81.3795243,Mountain / Peak,,,OpenStreetMap,,,
Udaperuwahela,7.2641165,81.4069767,Mountain / Peak,,,OpenStreetMap,,,
Ambaththehela,7.2823174,81.4334924,Mountain / Peak,,,OpenStreetMap,,,
Kulaletagala,7.3083985,81.4205136,Mountain / Peak,,,OpenStreetMap,,,
Degalwalagoda,7.3370315,81.4380364,Mountain / Peak,,,OpenStreetMap,,,
Mahabaliaula,7.3468839,81.479442,Mountain / Peak,,,OpenStreetMap,,,
Weerawinnahela,7.3481053,81.4758811,Mountain / Peak,,,OpenStreetMap,,,
Ballawala,7.3500762,81.4822368,Mountain / Peak,,,OpenStreetMap,,,
Wawinnegoda,7.3546479,81.4736557,Mountain / Peak,,,OpenStreetMap,,,
Ritagala,7.3455601,81.4917755,Mountain / Peak,,,OpenStreetMap,,,
Mulagama Cave,7.2579871,81.4806789,Cave,,,OpenStreetMap,,,
Buddha,7.3043239,80.6431704,Tourist Attraction,,,OpenStreetMap,,,
Two Oceans Gateway,5.9613659,80.718916,Tourist Attraction,,,OpenStreetMap,,,
Secret Viewpoint,6.7881097,81.0039914,Viewpoint,,,OpenStreetMap,,,
Duwannagala Rock,7.942375,80.7419599,Viewpoint,,,OpenStreetMap,,,
Sunset Point,7.9431196,80.7420397,Viewpoint,,,OpenStreetMap,,,
Deer Park,8.5759103,81.2380818,Tourist Attraction,,,OpenStreetMap,,,
Lagoon,8.6828167,81.1838639,Viewpoint,,,OpenStreetMap,,,
Kumara Pokuna,7.9421856,81.0024224,Tourist Attraction,,,OpenStreetMap,,,
Peak,7.6616354,80.3911581,Tourist Attraction,,,OpenStreetMap,,,
Adam's Peak View,6.8235276,80.8055421,Tourist Attraction,,,OpenStreetMap,,,
Mahaveli River Source Stream,6.817415,80.7930821,Tourist Attraction,,,OpenStreetMap,,,
Awesome Beach and Dunes,8.2316679,79.7332496,Beach,,,OpenStreetMap,,,
Muthupanthiya beach,7.7100696,79.7962265,Beach,,,OpenStreetMap,,,
Donkey Clinic and education centre,9.0535636,79.8477027,Tourist Attraction,,,OpenStreetMap,,,
Black Bridge,6.8226545,80.8334106,Tourist Attraction,,,OpenStreetMap,,,
Dehiwala Beach,6.8607018,79.859617,Beach,,,OpenStreetMap,,,
Comunity Based Tourism Office,8.0401961,80.750841,Tourist Attraction,,,OpenStreetMap,,,
Pekoe Trail Start Stage 9,6.7970076,80.6778261,Tourist Attraction,,,OpenStreetMap,,,
Pekoe Trail Start Stage 8,6.8368799,80.6140831,Tourist Attraction,,,OpenStreetMap,,,
Pekoe Trail Stage 6 Start Point,6.9269317,80.6175576,Tourist Attraction,,,OpenStreetMap,,,
Hanging bridge,8.7510717,80.1638348,Tourist Attraction,,,OpenStreetMap,,,
Amazing view of waterfall  and tea plantations,7.0564054,80.7059241,Viewpoint,,,OpenStreetMap,,,
Incredible view of waterfall and tea plantations,7.056769,80.7052686,Viewpoint,,,OpenStreetMap,,,
Beautyful view point over tea plantations,6.7848669,81.0143378,Viewpoint,,,OpenStreetMap,,,
Mawella beach,5.9954466,80.7461264,Viewpoint,,,OpenStreetMap,,,
Paramount Spice Garden,7.5808782,80.626484,Tourist Attraction,,,OpenStreetMap,,,
Stilt fishermen,5.9754302,80.3544967,Tourist Attraction,,,OpenStreetMap,,,
Stilt fishermen,5.9610609,80.397726,Tourist Attraction,,,OpenStreetMap,,,
Mailavillu Viewpoint,8.5086146,79.898995,Viewpoint,,,OpenStreetMap,,,
Crocodile Watching,8.4718466,79.883527,Viewpoint,,,OpenStreetMap,,,
Bat Watching,8.5652761,79.9244528,Viewpoint,,,OpenStreetMap,,,
Kala Oya Suspension Bridge,8.2917466,79.8854399,Tourist Attraction,,,OpenStreetMap,,,
Bathing Place,8.2913183,79.8841371,Tourist Attraction,,,OpenStreetMap,,,
Good Market fair trade and organic market,6.9061323,79.8644793,Tourist Attraction,,,OpenStreetMap,,,
Elephant cruelty,7.9513664,80.7537721,Tourist Attraction,,,OpenStreetMap,,,
Wedasitikanda,6.3868474,81.3359285,Mountain / Peak,,,OpenStreetMap,,,
Vallikanda,6.3879743,81.3415647,Mountain / Peak,,,OpenStreetMap,,,
Nice Viewpoint,7.0425266,80.7078815,Viewpoint,,,OpenStreetMap,,,
Thomas Seat,6.7666726,80.9390668,Viewpoint,,,OpenStreetMap,,,
Paltania Rock,6.7716614,80.830548,Cliff,,,OpenStreetMap,,,
Infinity Pool,7.464449,80.7979849,Tourist Attraction,,,OpenStreetMap,,,
Dumbara Ella Falls and Pool,7.4701126,80.791555,Tourist Attraction,,,OpenStreetMap,,,
Madu River Safari No 07,6.2736394,80.0382751,Tourist Attraction,,,OpenStreetMap,,,
Train Viewpoint,6.928196,79.8599153,Viewpoint,,,OpenStreetMap,,,
Waterfall,6.8658202,81.0443542,Viewpoint,,,OpenStreetMap,,,
Giants Footprint,9.5180455,79.6581539,Tourist Attraction,,,OpenStreetMap,,,
Katupotha Kanda,8.3284962,80.5185503,Mountain / Peak,,,OpenStreetMap,,,
Gatalagama Kanda,8.2703415,80.5168306,Mountain / Peak,,,OpenStreetMap,,,
Kirinde Beach,6.2172007,81.3378188,Beach,,,OpenStreetMap,,,
Wild Beach,5.9648428,80.3845712,Beach,,,OpenStreetMap,,,
Midigama Beach,5.9648291,80.3907672,Beach,,,OpenStreetMap,,,
Ahangama Secret Beach,5.9676066,80.3713103,Beach,,,OpenStreetMap,,,
Ahangama Beach,5.9669042,80.374696,Beach,,,OpenStreetMap,,,
Thuduvila,7.644489,81.3691558,Mountain / Peak,,,OpenStreetMap,,,
Devon water fall view point,6.9521318,80.6364087,Viewpoint,,,OpenStreetMap,,,
Devon Falls Top Viewpoint,6.9513224,80.629628,Viewpoint,,,OpenStreetMap,,,
Sigiriya,7.9568222,80.7598528,Tourist Attraction,1860 marches à monter afin d'atteindre le sommet (~1h30),,OpenStreetMap,,,
Ambatale Water Treatment Plant,6.9319475,79.9444876,Protected Area,,,OpenStreetMap,,,
Gangodawila Magistrate Court,6.8657701,79.8964889,Protected Area,,,OpenStreetMap,,,
Gendawana Gala,6.2362426,80.0453841,Protected Area,,,OpenStreetMap,,,
Bentota,6.4291026,79.9918717,Beach,,,OpenStreetMap,,,
Bentota,6.4065511,79.9998753,Beach,,,OpenStreetMap,,,
UNESCO's 38th World Heritage Protected Site,6.0303134,80.2171764,Protected Area,,,OpenStreetMap,,,
Attidiya Bird Sanctuary,6.8345523,79.8912641,Protected Area,,,OpenStreetMap,,,
Polhena Beach,5.9361884,80.525886,Beach,,,OpenStreetMap,,,
Bogambara,7.2906798,80.635435,Tourist Attraction,,,OpenStreetMap,,,
Police Training School,7.2263164,79.8778064,Protected Area,,,OpenStreetMap,,,
Arugam Bay,6.8618103,81.8379235,Beach,,,OpenStreetMap,,,
Pottuvil Fishing Point,6.8457455,81.8338443,Beach,,,OpenStreetMap,,,
Nilaveli Beach,8.6994023,81.1942909,Beach,,,OpenStreetMap,,,
Pasikudah Beach,7.9293976,81.5690037,Beach,,,OpenStreetMap,,,
Kiralawalla Beach,5.9255996,80.5946417,Beach,Kiralawalla Beach ( කිරලවැල්ල ) located on Devinuwara Kiralawalla area.This is a fishery beach.,,OpenStreetMap,,,
Uppuveli Beach,8.598839,81.229188,Beach,,,OpenStreetMap,,,
St. Paul's Church,7.2945301,80.6397335,Tourist Attraction,,,OpenStreetMap,,,
Queen's Bath,7.2929338,80.6411342,Tourist Attraction,,,OpenStreetMap,,,
Hikkaduwa Beach,6.1347151,80.0997352,Beach,,,OpenStreetMap,,,
Negombo Water Treatment Plant,7.272949,79.8847008,Protected Area,,,OpenStreetMap,,,
Medavasala,7.2936127,80.6418612,Tourist Attraction,,,OpenStreetMap,,,
Mirissa Beach,5.943154,80.459959,Beach,,,OpenStreetMap,,,
roda,8.6846008,81.1587811,Protected Area,,,OpenStreetMap,,,
புனித மரியன்னை பேராலயம்,7.712446,81.696032,Tourist Attraction,,https://battidiocese.org/,OpenStreetMap,,,
Dambatenne Tea Factory,6.7833603,81.0034808,Tourist Attraction,,,OpenStreetMap,,,
Koggala Beach Park,5.9857609,80.3282366,Beach,,,OpenStreetMap,,,
Panadura Beach,6.7117224,79.9016779,Beach,,,OpenStreetMap,,,
Kiri Vehera,7.9632806,81.0036212,Tourist Attraction,,,OpenStreetMap,,,
Council Chamber,7.9427429,81.001874,Tourist Attraction,,,OpenStreetMap,,,
Bathing Pond,7.942164,81.0024434,Tourist Attraction,,,OpenStreetMap,,,
Negombo Beach Park,7.2349757,79.8399473,Beach,,,OpenStreetMap,,,
Negombo Beach Park,7.2422755,79.8407254,Beach,,,OpenStreetMap,,,
Ambalangoda Beach,6.2499881,80.0431756,Beach,,,OpenStreetMap,,,
Unawatuna,6.0081986,80.2478088,Beach,,,OpenStreetMap,,,
Pettah Floating Market,6.9327253,79.8555267,Tourist Attraction,,,OpenStreetMap,,,
Lunuwila Coconut Research Institute.,7.6928238,79.8916988,Protected Area,,,OpenStreetMap,,,
Marble Beach,8.5122837,81.2111719,Beach,,,OpenStreetMap,,,
Dikwella Beach,5.9612746,80.6889634,Beach,,,OpenStreetMap,,,
Bathigama Beach,5.9594965,80.6822966,Beach,,,OpenStreetMap,,,
Nature Volunteers,6.4465934,79.9978008,Tourist Attraction,,,OpenStreetMap,,,
Deeghavapi Rajamaha Viharaya,7.2848714,81.7857398,Tourist Attraction,,,OpenStreetMap,,,
Tivańka Piļimage,7.9786914,81.006039,Tourist Attraction,,,OpenStreetMap,,,
Demala Maha Seya,7.9699088,81.0054547,Tourist Attraction,,,OpenStreetMap,,,
Royal Palace of King Parakramabahu,7.9423768,81.0006368,Tourist Attraction,,,OpenStreetMap,,,
Demodara Nine Arch Bridge,6.8768932,81.0609072,Tourist Attraction,,,OpenStreetMap,,,
Sea Turtle Habitats Area,5.9663612,80.3730743,Protected Area,,,OpenStreetMap,,,
Casuarina Beach,9.7630746,79.8866048,Beach,,,OpenStreetMap,,,
Akurala Beach,6.1906307,80.0639227,Beach,,,OpenStreetMap,,,
Lloyds Building,6.9365847,79.8443745,Tourist Attraction,,,OpenStreetMap,,,
Nunna wella,5.9327517,80.6131767,Beach,,,OpenStreetMap,,,
Gandara Wella,5.9367658,80.6174947,Beach,,,OpenStreetMap,,,
Weligama Beach,5.968958,80.4278713,Beach,,,OpenStreetMap,,,
Segu Issadeen Vaadi,7.2315519,81.7201313,Tourist Attraction,,,OpenStreetMap,,,
Public Beach,6.8377338,81.8380431,Beach,,,OpenStreetMap,,,
Upper Terrace,7.9570616,80.7597957,Viewpoint,,,OpenStreetMap,,,
Nilavarai (Bottomless well),9.7543374,80.0882996,Tourist Attraction,,,OpenStreetMap,,,
St. Anthony's Church,9.7698257,80.2728532,Tourist Attraction,,,OpenStreetMap,,,
kapparawella beach,5.9458462,80.6396812,Beach,,,OpenStreetMap,,,
edanda wella beach,5.9466179,80.6375024,Beach,this beach is very like a sand fan and sands are rather large not smooth becourse this beach is coral mixing.,,OpenStreetMap,,,
Arisimale Beach,8.9366737,81.007479,Beach,,,OpenStreetMap,,,
World's End Drop,6.7780685,80.7942191,Cliff,,,OpenStreetMap,,,
The Golden Temple,7.8553922,80.6519045,Tourist Attraction,,,OpenStreetMap,,,
Dambulla Cave Temple,7.8565898,80.6484169,Tourist Attraction,,,OpenStreetMap,,,
Pigeon Island Beach,8.7220841,81.2041742,Beach,,,OpenStreetMap,,,
Trincomalee Naval Headworks,8.5036219,81.0528639,Protected Area,,,OpenStreetMap,,,
Flag Rock Bastion,6.0237028,80.2175508,Viewpoint,,,OpenStreetMap,,,
Flamingos,6.8566664,79.8727396,Nature Reserve,,,OpenStreetMap,,,
Natural Forest Patch,6.8565865,79.8736677,Nature Reserve,,,OpenStreetMap,,,
Arayampathy Beach,7.6678551,81.7518367,Beach,,,OpenStreetMap,,,
Wijaya Beach,5.999905,80.2636054,Beach,,,OpenStreetMap,,,
Delawella Beach,6.0017242,80.2589612,Beach,,,OpenStreetMap,,,
Mahiyangana Raja Maha Viharaya,7.3207241,80.9908975,Tourist Attraction,,,OpenStreetMap,,,
Madiha Beach,5.935968,80.5172118,Beach,,,OpenStreetMap,,,
Pallekele Reserved Forest,7.8469714,80.4768216,Nature Reserve,,,OpenStreetMap,,,
Ranmasu Uyana,8.3379845,80.3894212,Nature Reserve,,,OpenStreetMap,,,
Attidiya Bird Sanctuary,6.8438633,79.8857452,Nature Reserve,,,OpenStreetMap,,,
Reservation,7.4960321,80.3620151,Nature Reserve,,,OpenStreetMap,,,
Reservation,7.4939356,80.366293,Nature Reserve,,,OpenStreetMap,,,
Reservation,7.4908571,80.3630446,Nature Reserve,,,OpenStreetMap,,,
Red Cross Cultural Hall,7.2921274,80.6427513,Tourist Attraction,,,OpenStreetMap,,,
Dewata beach,6.0307506,80.2390056,Beach,,,OpenStreetMap,,,
Secret Beach,5.9435475,80.450259,Beach,,,OpenStreetMap,,,
Hummana Beach Dondra,5.9218798,80.5930259,Beach,Devinuwara Lighthouse Beach (කයිස වැල්ල) located on near Dondra Head lighthouse.,,OpenStreetMap,,,
Arcade Independence Square Park,6.9028747,79.8687543,Tourist Attraction,,,OpenStreetMap,,,
Kalpitiya Fort,8.2357276,79.7663116,Tourist Attraction,,,OpenStreetMap,,,
Wawwa Beach,5.9274432,80.6016764,Beach,Wawwa Beach ( වාව්ව වැල්ල) is located on Devinuwara.This is the fishery beach.,,OpenStreetMap,,,
Nathagane Stupa,7.564469,80.2791423,Tourist Attraction,,,OpenStreetMap,,,
Balapitiya Beach,6.2873297,80.0357273,Beach,,,OpenStreetMap,,,
Ambalangoda Beach,6.2352292,80.0520407,Beach,,,OpenStreetMap,,,
Meditation Hall,8.3486001,80.3734434,Tourist Attraction,,,OpenStreetMap,,,
NewParadise Spice Garden,7.2529376,80.4371611,Tourist Attraction,,,OpenStreetMap,,,
beru beach,6.4756084,79.9813996,Beach,,,OpenStreetMap,,,
Nisala Suwa Arana,7.3987837,80.3367406,Nature Reserve,,,OpenStreetMap,,,
Narangala Mountain,7.0370116,81.008259,Cliff,,,OpenStreetMap,,,
Kokagala,7.0897962,81.1438045,Cliff,,,OpenStreetMap,,,
Club Sha Lanka,7.2398015,79.8419128,Tourist Attraction,,,OpenStreetMap,,,
Galpottha,7.0313615,80.5320852,Tourist Attraction,,,OpenStreetMap,,,
Coco Bay,6.0275277,80.2422902,Beach,,,OpenStreetMap,,,
Kattankudy Beach,7.6910209,81.737652,Beach,,,OpenStreetMap,,,
Thumpalai East Beach,9.8183018,80.2551739,Beach,,,OpenStreetMap,,,
Kadakan Kal,7.7247596,81.5849193,Tourist Attraction,,,OpenStreetMap,,,
Ridiyagama Safari Park,6.2414807,80.9763608,Tourist Attraction,,,OpenStreetMap,,,
Kabaragala Mountain,7.0717745,80.5093105,Cliff,,,OpenStreetMap,,,
Herbal Garden,7.85243,80.6527802,Tourist Attraction,,,OpenStreetMap,,,
Karumalaiyoothu Beach,8.5263901,81.2058749,Beach,,,OpenStreetMap,,,
Thousand Buddha Hall,6.9457661,79.9512825,Tourist Attraction,golden Buddha statue,,OpenStreetMap,,,
Dodanduwa Beach III,6.092648,80.1361225,Beach,,,OpenStreetMap,,,
Abandoned LTTE Submarine Yard,9.3308541,80.7596089,Tourist Attraction,,,OpenStreetMap,,,
LTTE Training Pool,9.3605264,80.6880583,Tourist Attraction,,,OpenStreetMap,,,
Katusu Konda Cliff,7.2267082,80.6395763,Cliff,,,OpenStreetMap,,,
Katusu Konda Cliff,7.2266481,80.6394531,Cliff,,,OpenStreetMap,,,
Preethipura Beach,6.998947,79.8673597,Beach,,,OpenStreetMap,,,
Calido beach Kalutara,6.5895758,79.9545135,Beach,,,OpenStreetMap,,,
G L P Bird Park,6.9178184,79.9099338,Tourist Attraction,,,OpenStreetMap,,,
Polonnaruwa Quadrangle,7.9474764,81.0013974,Tourist Attraction,,,OpenStreetMap,,,
Moorkkam beach,9.8227294,80.2537136,Beach,,,OpenStreetMap,,,
Pottuvil Point Beach,6.8916561,81.8449838,Beach,,,OpenStreetMap,,,
Wellawatte Beach,6.8739306,79.8571224,Beach,,,OpenStreetMap,,,
Kumarakanda Beach,6.1094596,80.1241257,Beach,,,OpenStreetMap,,,
Dodanduwa Beach I,6.1058455,80.1247451,Beach,,,OpenStreetMap,,,
Dodanduwa Beach II,6.1023117,80.1251041,Beach,,,OpenStreetMap,,,
Ettambura Rock,7.8196974,80.3129604,Cliff,,,OpenStreetMap,,,
Madiha Surf Beach,5.9369443,80.5104288,Beach,,,OpenStreetMap,,,
Mihiripena beach,5.9985666,80.2697247,Beach,,,OpenStreetMap,,,
The Kandy Clock Tower,7.2931472,80.6348051,Tourist Attraction,,,OpenStreetMap,,,
Pottuvil Fishing Point,6.8539679,81.8327499,Beach,,,OpenStreetMap,,,
Matale Aluvihara Raja Maha Viharaya,7.4976711,80.6218543,Tourist Attraction,,,OpenStreetMap,,,
coconut,6.3794712,80.0112462,Nature Reserve,,,OpenStreetMap,,,
Danger Road,7.4728334,80.635327,Cliff,,,OpenStreetMap,,,
costal area,7.3011876,81.8642353,Beach,,,OpenStreetMap,,,
coastal area,7.3805563,81.8487858,Beach,,,OpenStreetMap,,,
Natural Water Reserve 111,6.7649491,80.8780002,Nature Reserve,,,OpenStreetMap,,,
Kaluwankerny Beach,7.828795,81.5969969,Beach,,,OpenStreetMap,,,
Pottuvil Sand Hill Beach,6.8688859,81.8423179,Beach,,,OpenStreetMap,,,
Golden Beach,6.9291749,79.829256,Beach,,,OpenStreetMap,,,
Hithaya Puram Beach,6.8751791,81.8454091,Beach,,,OpenStreetMap,,,
Hithaya Puram Childern Park Beach,6.8803935,81.8451651,Beach,,,OpenStreetMap,,,
Nyanawella beach,5.9455362,80.4474675,Beach,,,OpenStreetMap,,,
Old Colombo Lighthouse;Chatham Street Clock Tower,6.9347262,79.8428247,Tourist Attraction,,,OpenStreetMap,,,
Old Hawker 748,5.9917485,80.315894,Tourist Attraction,,,OpenStreetMap,,,
Nature Pool,6.2590059,80.1977338,Tourist Attraction,,,OpenStreetMap,,,
Saman Gems & Moonstone Mine,6.196523,80.0965757,Tourist Attraction,,www.samangems.com,OpenStreetMap,,,
Old Dutch Hospital,6.9334999,79.8435368,Tourist Attraction,,,OpenStreetMap,,,
Star Fort Matara,5.9482947,80.5484603,Tourist Attraction,,,OpenStreetMap,,,
Minneriya National Park,8.0162361,80.8422896,Nature Reserve,,,OpenStreetMap,,,
Silent Beach,6.0057327,80.7749058,Beach,,,OpenStreetMap,,,
Goyambokka,6.009187,80.7807872,Beach,,,OpenStreetMap,,,
Paravi Wella Beach,6.0226279,80.8008776,Beach,,,OpenStreetMap,,,
Rekawa Beach,6.0354425,80.82929,Beach,,,OpenStreetMap,,,
Kudawella Beach,5.9782036,80.7269062,Beach,,,OpenStreetMap,,,
Ussangoda National Park,6.0971783,80.9812523,Nature Reserve,,,OpenStreetMap,,,
Wasgamuwa National Park,7.7436137,80.9531838,Nature Reserve,,,OpenStreetMap,,,
Royal Botanical Gardens,7.2707447,80.5957705,Protected Area,,http://www.botanicgardens.gov.lk/?page_id=4359,OpenStreetMap,,,
Buddhangala Sanctuary,7.3405091,81.6856453,Protected Area,,,OpenStreetMap,,,
White Jungle beach,6.0187191,80.2388799,Beach,,,OpenStreetMap,,,
Victoria Randenigala Rantembe Sanctuary,7.238015,80.8746555,Nature Reserve,,,OpenStreetMap,,,
MAHILOOR,7.4887441,81.7933553,Protected Area,,,OpenStreetMap,,,
Angamedilla National Park,7.9191867,80.9331004,Nature Reserve,,,OpenStreetMap,,,
Narigama Beach,6.1195703,80.1135661,Beach,,,OpenStreetMap,,,
Maduru Oya National Park,7.5377218,81.1952198,Nature Reserve,,,OpenStreetMap,,,
Flood Plains National Park,7.9581401,81.1133775,Nature Reserve,,,OpenStreetMap,,,
Kaudulla National Park,8.1755763,80.9133598,Nature Reserve,,,OpenStreetMap,,,
Jathika Namal Uyana,7.9048335,80.5775775,Protected Area,,,OpenStreetMap,,,
Gal Oya Valley North East Sanctuary,7.3020923,81.6106887,Protected Area,,,OpenStreetMap,,,
Kanneliya-Dediyagala-Nakiyadeniya Forest Reserve,6.236566,80.3890698,Nature Reserve,,,OpenStreetMap,,,
Knuckles Conservation Forest,7.4490661,80.8234466,Nature Reserve,,,OpenStreetMap,,,
Udawalawe National Park,6.5121673,80.8692616,Nature Reserve,,,OpenStreetMap,,,
Somawatiya Chaithya National Park,8.185234,81.0978261,Nature Reserve,,,OpenStreetMap,,,
Ralapanawa Nature Reserve,8.2021783,80.9695064,Nature Reserve,,,OpenStreetMap,,,
Sun Loungers (no space) Beach,5.962358,80.7074966,Beach,This beach is totally overrun. There is no space to lie sunbath except for the pricey sun loungers.,,OpenStreetMap,,,
Wilpattu National Park,8.4497148,80.042688,Nature Reserve,,,OpenStreetMap,,,
Pasarichenai Beach,6.8229404,81.8307104,Beach,,,OpenStreetMap,,,
Kudumbigala Panama Sanctuary,6.6939559,81.7545931,Protected Area,,,OpenStreetMap,,,
Okanda South Beach,6.637271,81.7739715,Beach,,,OpenStreetMap,,,
Girikula Beach,6.6219614,81.7673635,Beach,,,OpenStreetMap,,,
Kirigal Ebey North Beach,6.6115176,81.7617001,Beach,,,OpenStreetMap,,,
Kirigal Ebey South Beach,6.6051609,81.760404,Beach,,,OpenStreetMap,,,
Bagura Beach,6.5922384,81.7553586,Beach,,,OpenStreetMap,,,
Thummulla Beach,6.5794608,81.7436697,Beach,,,OpenStreetMap,,,
Andarakala North Beach,6.5675766,81.7384887,Beach,,,OpenStreetMap,,,
Andarakala South Beach,6.5633706,81.7344149,Beach,,,OpenStreetMap,,,
Itikala Beach,6.5555726,81.7303433,Beach,,,OpenStreetMap,,,
Yakala North Beach,6.5472606,81.727255,Beach,,,OpenStreetMap,,,
Kumana Beach,6.5239993,81.7159159,Beach,,,OpenStreetMap,,,
Yakala South Beach,6.539999,81.7244985,Beach,,,OpenStreetMap,,,
Moyakata Beach,6.5035563,81.7029527,Beach,,,OpenStreetMap,,,
Okanda North Beach,6.650267,81.7747955,Beach,,,OpenStreetMap,,,
Beach north of Okanda,6.6560022,81.7720494,Beach,,,OpenStreetMap,,,
Helawa South Beach,6.6624719,81.7709973,Beach,,,OpenStreetMap,,,
Helawa North Beach,6.6748131,81.7756809,Beach,,,OpenStreetMap,,,
Kunukala South Beach,6.6939866,81.7888845,Beach,,,OpenStreetMap,,,
Kunukala North Beach,6.7080034,81.7967144,Beach,,,OpenStreetMap,,,
Soalmba Beach,6.7197009,81.8017245,Beach,,,OpenStreetMap,,,
Yala Strict Nature Reserve,6.4871236,81.5857038,Protected Area,,,OpenStreetMap,,,
Great and Little Basses FMA,6.2676592,81.6512862,Nature Reserve,,,OpenStreetMap,,,
Kataragama Sanctuary,6.4124872,81.3690905,Protected Area,,,OpenStreetMap,,,
Katagamuwa Sanctuary,6.396172,81.4022145,Protected Area,,,OpenStreetMap,,,
Patanangala North Beach,6.3464674,81.5030999,Beach,,,OpenStreetMap,,,
Buthawa Beach,6.3186423,81.4842709,Beach,,,OpenStreetMap,,,
Buthawa Beach,6.3174373,81.4842654,Beach,,,OpenStreetMap,,,
Buthawa Beach,6.3157614,81.4839329,Beach,,,OpenStreetMap,,,
Buthawa Beach,6.3137579,81.483193,Beach,,,OpenStreetMap,,,
Uraniya Beach,6.3107579,81.4775181,Beach,,,OpenStreetMap,,,
Buthawa Beach,6.3256523,81.4880428,Beach,,,OpenStreetMap,,,
Yala Beach,6.3588841,81.5185386,Beach,,,OpenStreetMap,,,
Vapadeniya Beach,6.3062948,81.4637636,Beach,,,OpenStreetMap,,,
Amaduwa Beach,6.2776811,81.4238318,Beach,,,OpenStreetMap,,,
Kudaseelawa Beach,6.2821368,81.426625,Beach,,,OpenStreetMap,,,
Mahaseelawa Beach,6.2877595,81.4319508,Beach,,,OpenStreetMap,,,
Vilapalawala Beach,6.2985069,81.4452383,Beach,,,OpenStreetMap,,,
Patanangala South Beach,6.3352439,81.497618,Beach,,,OpenStreetMap,,,
Pilinnewa Beach,6.3682928,81.5483981,Beach,,,OpenStreetMap,,,
Sellakkaoya Sanctuary,7.1260571,81.544446,Protected Area,,,OpenStreetMap,,,
Peanut Farm Beach,6.7964468,81.8215709,Beach,,,OpenStreetMap,,,
Jami Ul Alfar Mosque,6.9384328,79.8518944,Tourist Attraction,,http://www.redmasjid.com,OpenStreetMap,,,
MV Farah III,9.3142167,80.7916699,Tourist Attraction,,,OpenStreetMap,,,
alawala devin penne ela,7.1227825,80.1955246,Attractions,A lake wrapped in royal legend.,http://www.srilanka.travel/attraction&attraction_id=81,NSDI,Attractions,,Gampaha
okanda devalaya ( a destination of mass pilgrim),6.6517265,81.7727691,Attractions,A temple of Lord Skanda on the Eastern coast.,http://www.srilanka.travel/attraction&attraction_id=149,NSDI,Attractions,,Ampara
Alankuda beach,8.05,79.716667,Attractions,A stretch beach recently developed in the Kalpitiya ,http://www.srilanka.travel/attraction&attraction_id=51,NSDI,Attractions,,Puttalam
Alioluwa lake,7.2390647,81.5726673,Attractions,A peculiar lake and a waterway.,http://www.srilanka.travel/attraction&attraction_id=135,NSDI,Attractions,,Ampara
Ancient deegawapiya,7.2852875,81.797839,Attractions,A monastery graced by the Buddha ,http://www.srilanka.travel/attraction&attraction_id=108,NSDI,Attractions,,Ampara
Ancient veheragala of pulukunawa,6.7039056,81.6647243,Attractions,A monastery complex of unknown origin,http://www.srilanka.travel/attraction&attraction_id=114,NSDI,Attractions,,Ampara
Angurukaramulla temple,7.2094984,79.8540072,Attractions,A portray of colors faith and history.,http://www.srilanka.travel/attraction&attraction_id=66,NSDI,Attractions,,Gampaha
Antiquities replica centre,7.0873101,80.0143656,Attractions,Replicating the legends of History,http://www.srilanka.travel/attraction&attraction_id=62,NSDI,Attractions,,Gampaha
Arcade independence square,6.902506,79.868916,Attractions,If you like to shopping then this place for you!!!,http://www.srilanka.travel/attraction&attraction_id=217,NSDI,Attractions,,Colombo
Arugam bay,6.8379771,81.8251687,Attractions,Arugam Bay is a bay situated on the Indian Ocean in the dry zone of Sri Lankas southeast coast. The bay is located 320 kilometers (200 mi) due east of Colombo.,http://www.srilanka.travel/attraction&attraction_id=49,NSDI,Attractions,,Batticaloa
Arugambay &amp; pottuvil point,6.8404078,81.8368478,Attractions,Where the shore is white and wide,http://www.srilanka.travel/attraction&attraction_id=101,NSDI,Attractions,,Ampara
Asupini ella,7.117772,80.485695,Attractions,Asupini Ella or Asupini Falls is a main waterfall of Kegalle District.,http://www.srilanka.travel/attraction&attraction_id=185,NSDI,Attractions,,Kegalle
Attanagalla raja maha viharava,7.1137748,80.135479,Attractions,Immortalizing the pious King of Lanka.,http://www.srilanka.travel/attraction&attraction_id=59,NSDI,Attractions,,Gampaha
Aukana,8.010786,80.51282,Attractions,This is the one of tallest and gorgeous buddha statue in sri lanka. ,http://www.srilanka.travel/attraction&attraction_id=176,NSDI,Attractions,,Anuradhapura
Bahirawa kanda,7.2956194,80.63054167,Attractions,Travel approximately 3 kms via Pushpadana Road in Kandy in the ascending direction passing Pushpadana Balika Vidyalaya to reach Bahirawa Kanda. ,http://www.srilanka.travel/attraction&attraction_id=3,NSDI,Attractions,,Kandy
Balla mala ella,6.7430319,80.39640427,Attractions,In honour of man’s best friend,http://www.srilanka.travel/attraction&attraction_id=20,NSDI,Attractions,,Ratnapura
Bambarakanda falls,6.773143,80.826333,Attractions,Do you like to Hiking? Then you will like to this amazing place. ,http://www.srilanka.travel/attraction&attraction_id=196,NSDI,Attractions,,Badulla
Bandaraduwa,7.428175,81.565127,Attractions,The adopted home of Sri Lankan Indigenous community.,http://www.srilanka.travel/attraction&attraction_id=145,NSDI,Attractions,,Ampara
Barons cap or thoppigala,7.83175181,81.44422531,Attractions,An ancient Buddhist monastery and a present day war memorial,http://www.srilanka.travel/attraction&attraction_id=5,NSDI,Attractions,,Batticaloa
Beira lake,6.929491,79.854159,Attractions,Beira Lake is a lake in the center of the city of Colombo Sri Lanka. ,http://www.srilanka.travel/attraction&attraction_id=172,NSDI,Attractions,,Colombo
Bellanwila temple (bellanwila rajamaha viharaya),6.845649,79.890041,Attractions,Bellanwila Rajamaha Viharaya is one of the venerated place in Colombo District.,http://www.srilanka.travel/attraction&attraction_id=209,NSDI,Attractions,,Colombo
Beruwala &amp; bentota,6.4189175,80.005979,Attractions,Major exotic beaches located on the Colombo Galle road about 65km from Colombo and separated by Bentota river.,http://www.srilanka.travel/attraction&attraction_id=52,NSDI,Attractions,,Galle
Beruwala light house,6.463329,79.96912,Attractions,If you have a dream to climb a lighthouse and enjoy the sunset from the tower this dream can true during a lighthouse tour of Sri Lanka.,http://www.srilanka.travel/attraction&attraction_id=195,NSDI,Attractions,,Kalutara
Bopagama water fall,7.0873101,80.0143656,Attractions,A waterfall amidst the shaded groves.,http://www.srilanka.travel/attraction&attraction_id=79,NSDI,Attractions,,Gampaha
Bowattegala monastery,6.5552778,81.6863889,Attractions,A monastery built by the ten Royal brothers of South.,http://www.srilanka.travel/attraction&attraction_id=111,NSDI,Attractions,,Ampara
Buddhangala monastery,7.3318375,81.7036432,Attractions,A Forest Hermitage of Ancient Tradition,http://www.srilanka.travel/attraction&attraction_id=95,NSDI,Attractions,,Ampara
Budugala,6.6325924,80.8754104,Attractions,Big  center-place considering the past and present religious background,http://www.srilanka.travel/attraction&attraction_id=21,NSDI,Attractions,,Ratnapura
Bundala national park,6.175162,81.196843,Attractions,Bundala National Park is an internationally important wintering ground for migratory water birds in Sri Lanka. ,http://www.srilanka.travel/attraction&attraction_id=168,NSDI,Attractions,,Hambantota
Camping in kumana national wildlife sanctuary,6.6493509,81.7700834,Attractions,Spending the night amidst wildlife,http://www.srilanka.travel/attraction&attraction_id=112,NSDI,Attractions,,Ampara
Colombo gold center,6.940034,79.85312,Attractions,Colombo Gold Center is best place for shopping gems and Jewelries.,http://www.srilanka.travel/attraction&attraction_id=206,NSDI,Attractions,,Colombo
Colombo racecourse,6.905514,79.863423,Attractions,This is a one of ideal Place in Colombo to spend quality Time with family and your friends.,http://www.srilanka.travel/attraction&attraction_id=213,NSDI,Attractions,,Colombo
Craft village,6.890188,79.921762,Attractions,This village is a structure of Sri Lankan Rural cultural village.,http://www.srilanka.travel/attraction&attraction_id=211,NSDI,Attractions,,Colombo
Dambakolapatuna viharaya,9.78654289,79.94768143,Attractions,A temple built in reminiscence of a great arrival.,http://www.srilanka.travel/attraction&attraction_id=8,NSDI,Attractions,,Jaffna
Dambulla cavetemple,7.855514,80.652112,Attractions,Dambulla cave temple and also known as Golden Temple of Dambulla is a world heritage site situated in central part of the Sri Lanka. This dambulla cave temple situated in 148km east of Colombo.,http://www.srilanka.travel/attraction&attraction_id=157,NSDI,Attractions,,Matale
Dehiwala zoo,6.856507,79.873314,Attractions,One of main Zoological Garden in Sri Lanka.,http://www.srilanka.travel/attraction&attraction_id=170,NSDI,Attractions,,Colombo
Delft biobab tree,9.48140277,79.71756935,Attractions,Ancient trees with hallowed trunks,http://www.srilanka.travel/attraction&attraction_id=9,NSDI,Attractions,,Jaffna
Delft dutch fort,9.48461976,79.69851494,Attractions,A ruined fort of 17th Century,http://www.srilanka.travel/attraction&attraction_id=10,NSDI,Attractions,,Jaffna
Delft growing stone,9.50205874,79.7040081,Attractions,Rocks that increase in size,http://www.srilanka.travel/attraction&attraction_id=11,NSDI,Attractions,,Jaffna
Delft island,9.516974,79.683344,Attractions,Neduntheevu or Neduntivu an island in the Palk Strait northern Sri Lanka. It is situated in 288 kilometers away from Colombo. ,http://www.srilanka.travel/attraction&attraction_id=171,NSDI,Attractions,,Jaffna
Delft temple,9.50358249,79.69302177,Attractions,The first stop of Arhat Sangamitta Their,http://www.srilanka.travel/attraction&attraction_id=12,NSDI,Attractions,,Jaffna
Delft wild horses,9.50358249,79.69302177,Attractions,Delft Wild Horses ,http://www.srilanka.travel/attraction&attraction_id=13,NSDI,Attractions,,Jaffna
Devon falls,6.951354,80.630017,Attractions,Devon one of the most spectacular waterfall in Sri Lanka.,http://www.srilanka.travel/attraction&attraction_id=186,NSDI,Attractions,,Nuwara Eliya
Diva guhawa - batatota lena,6.74916892,80.3931427,Attractions,The legendary resting place of the Buddha during his visit to the Samanalakanda. ,http://www.srilanka.travel/attraction&attraction_id=23,NSDI,Attractions,,Ratnapura
Diyaluma  falls,6.733187,81.031331,Attractions,Diyaluma Ella Fall also another beautiful and attractive waterfall in Sri Lanka.,http://www.srilanka.travel/attraction&attraction_id=197,NSDI,Attractions,,Badulla
Diyatha uyana,6.904511,79.909807,Attractions,Another gorgeous place in the city of Battaramulla. ,http://www.srilanka.travel/attraction&attraction_id=201,NSDI,Attractions,,Colombo
Dome houses,6.8752706,81.8306334,Attractions,Dome shaped dwellings constructed for tsunami displaced.,http://www.srilanka.travel/attraction&attraction_id=144,NSDI,Attractions,,Ampara
Doovili ella,6.39002454,80.39159775,Attractions,A pristine waterfall within virgin forest land,http://www.srilanka.travel/attraction&attraction_id=24,NSDI,Attractions,,Ratnapura
Dowa rock temple,6.856366,81.022152,Attractions,Dowa Rock temple is one of the key sights in Badulla Sri Lanka.,http://www.srilanka.travel/attraction&attraction_id=180,NSDI,Attractions,,Badulla
Dunhinda falls,7.017293,81.063305,Attractions,Dunhinda is the most charming falls in Sri Lanka and is near the town of Badulla. ,http://www.srilanka.travel/attraction&attraction_id=177,NSDI,Attractions,,Badulla
Dutch hospital,6.933675,79.843503,Attractions,When you are getting tired walking around Colombo and you want a break this is the best place to relax and chill.,http://www.srilanka.travel/attraction&attraction_id=200,NSDI,Attractions,,Colombo
Ella,6.866736,81.04666,Attractions,Ella is a small town in the Badulla District of Uva Province Sri Lanka governed by an Urban Council. It is approximately 200 kilometres (120 mi) east of Colombo. World heritage site.,http://www.srilanka.travel/attraction&attraction_id=154,NSDI,Attractions,,Badulla
Gal oya national park,7.258665,81.7014074,Attractions,A national park in the south-east of Sri Lanka.,http://www.srilanka.travel/attraction&attraction_id=132,NSDI,Attractions,,Ampara
Galle face green,6.924568,79.844916,Attractions,The Galle Face is a 12 acres ocean-side urban park which stretches for 500 m along the coast in the heart of the financial and business capital of Sri Lanka Colombo.,http://www.srilanka.travel/attraction&attraction_id=210,NSDI,Attractions,,Colombo
Galle fort,6.025003,80.218058,Attractions,Galle Fort in the Bay of Galle World Heritage Site on the southwest coast of Sri Lanka was built first in 1588 by the Portuguese.,http://www.srilanka.travel/attraction&attraction_id=153,NSDI,Attractions,,Galle
Gamini-thissa monastery complex in mottagala,7.154518,81.806039,Attractions,A third century BC monastery under threats of destruction.,http://www.srilanka.travel/attraction&attraction_id=100,NSDI,Attractions,,Ampara
Gampaha wickramarachchi ayurweda hospital,7.0910179,80.0370848,Attractions,Conveying the life giving secrets,http://www.srilanka.travel/attraction&attraction_id=80,NSDI,Attractions,,Gampaha
Gonagolla monastery,7.4350688,81.6285106,Attractions,A monastery with cave murals.,http://www.srilanka.travel/attraction&attraction_id=128,NSDI,Attractions,,Ampara
Govinda hela of siyambalanduwa,6.9103363,81.5591405,Attractions,A mountain trek and an ancient fortress.,http://www.srilanka.travel/attraction&attraction_id=117,NSDI,Attractions,,Ampara
Green path colombo,6.911612,79.860577,Attractions,This is Street that bright with festive and events.,http://www.srilanka.travel/attraction&attraction_id=214,NSDI,Attractions,,Colombo
Gregory lake,6.957535,80.780182,Attractions,Lake Gregory is a reservoir in heart of the tea country hill city Nuwara Eliya Sri Lanka. ,http://www.srilanka.travel/attraction&attraction_id=178,NSDI,Attractions,,Nuwara Eliya
Habuthala viharaya or tharulengala monastery,6.9284717,81.6546714,Attractions,The largest drip ledged caves in Sri Lanka and pre historic drawings.,http://www.srilanka.travel/attraction&attraction_id=122,NSDI,Attractions,,Ampara
Hamilton canal,7.0015334,79.8711974,Attractions,The canal of spice and riches,http://www.srilanka.travel/attraction&attraction_id=60,NSDI,Attractions,,Gampaha
Henanegala len viharaya,7.5702013,81.064173,Attractions,A rock temple where King Dutugamunu gathered his warriors.,http://www.srilanka.travel/attraction&attraction_id=124,NSDI,Attractions,,Ampara
Henanigala panchawasa raja maha viharaya,7.5769066,81.0892627,Attractions,A rock temple where King Dutugamunu gathered his warriors,http://www.srilanka.travel/attraction&attraction_id=107,NSDI,Attractions,,Ampara
Henarathgoda botanical garden,7.0993027,79.985708,Attractions,The cradle of rubber revolution.,http://www.srilanka.travel/attraction&attraction_id=84,NSDI,Attractions,,Gampaha
Hikkaduwa beach,6.13954,80.104979,Attractions,Hikkaduwa is a small town on the south coast of Sri Lanka located in the Southern Province about 17km north-west of Galle and 98km south of Colombo.It is a famous for board-surfing.,http://www.srilanka.travel/attraction&attraction_id=156,NSDI,Attractions,,Galle
Horton plains,6.802193,80.807244,Attractions,Horton Plains in Sri Lanka is the coldest and most windy place in the country. It consists of ecosystems such as the evergreen forests of Montane grasslands swamp lands and the aquatic ecosystem. ,http://www.srilanka.travel/attraction&attraction_id=158,NSDI,Attractions,,Nuwara Eliya
Hot water springs in wahawa,7.5311162,81.3454417,Attractions,Eighteen hot water springs scattered within a village.,http://www.srilanka.travel/attraction&attraction_id=143,NSDI,Attractions,,Ampara
Huluganga ella falls,7.4012167,80.7421,Attractions,This waterfall is located at Hulu Ganga Town on the Panwila – Bambarella Road from Kandy. ,http://www.srilanka.travel/attraction&attraction_id=2,NSDI,Attractions,,Kandy
Independence memorial hall,6.902762,79.868745,Attractions,This building made for commemorate the brave soldiers in Sri Lanka who died in wars.,http://www.srilanka.travel/attraction&attraction_id=202,NSDI,Attractions,,Colombo
Jathika namal uyana,7.90691162,80.58128357,Attractions,The largest Na-forest and pink quartz mountain in Asia&quot;,http://www.srilanka.travel/attraction&attraction_id=28,NSDI,Attractions,,Anuradhapura
Jayanthi wewa,7.1150485,81.5404443,Attractions,A reservoir bordering Gal Oya National Park.,http://www.srilanka.travel/attraction&attraction_id=96,NSDI,Attractions,,Ampara
Jungle beach,6.018866,80.239664,Attractions,Jungle Beach is one of the most remote and wildest beaches in Sri Lanka,http://www.srilanka.travel/attraction&attraction_id=190,NSDI,Attractions,,Galle
Kadurugoda temple,9.74018891,79.99780655,Attractions,The monastery of sixty stupas,http://www.srilanka.travel/attraction&attraction_id=14,NSDI,Attractions,,Jaffna
Kalpitiya beach,8.228395,79.731079,Attractions,Kalpitiya Beach is a exquisite coastal region in Kalpitiya Peninsula off the west coast of Sri Lanka.,http://www.srilanka.travel/attraction&attraction_id=191,NSDI,Attractions,,Puttalam
Kaluthara bodhiya,6.586866,79.960188,Attractions,Kaluthara Bodhiya is believed to be one of the 32 saplings of the Jaya Sri Maha Bodhi in Anuradhapura Sri Lanka.,http://www.srilanka.travel/attraction&attraction_id=181,NSDI,Attractions,,Kalutara
Kataragama,6.425921,81.324421,Attractions,Kataragama is a pilgrimage town sacred to Buddhist Hindu Muslim and indigenous Vedda people of Sri Lanka. People from South India also come there to worship. Kataragama is in the Monaragala District,http://www.srilanka.travel/attraction&attraction_id=169,NSDI,Attractions,,Moneragala
Kebiliththa devalaya,7.2317591,81.647344,Attractions,The shrine of God Kataragama in the middle of jungle.,http://www.srilanka.travel/attraction&attraction_id=131,NSDI,Attractions,,Ampara
Kelaniya raja maha viharaya,6.952082,79.918528,Attractions,In the eighth year after reaching enlightenment the Buddha visited the kingdom at Kelaniya at the invitation of King Maniakkhika of the &quot;Naga (Cobra) &quot; tribe. ,http://www.srilanka.travel/attraction&attraction_id=182,NSDI,Attractions,,Gampaha
Kirinda,6.21333,81.335336,Attractions,Kirinda is an ancient temple in Sri Lanka built on rocky mountain.   ,http://www.srilanka.travel/attraction&attraction_id=179,NSDI,Attractions,,Hambantota
Koggala beach,5.992334,80.310563,Attractions,Koggala Beach is a coastal Area located within Galle District ,http://www.srilanka.travel/attraction&attraction_id=192,NSDI,Attractions,,Galle
Koneswaram kovil,8.582766,81.245473,Attractions,Koneswaram temple also known as Dakshinakailasha is a classical-medieval Hindu temple dedicated to Lord Shiva in Trincomalee Eastern Sri Lanka.,http://www.srilanka.travel/attraction&attraction_id=167,NSDI,Attractions,,Trincomalee
Kosgoda,6.3354424,80.0339312,Attractions,Kosgoda beach is one of popular tourist destination in Southwest where can visit lots of Turtles.,http://www.srilanka.travel/attraction&attraction_id=53,NSDI,Attractions,,Galle
Kotaveheragala,6.8780816,81.7529476,Attractions,The abode of the novice monk who was reincarnated as King Dutugamunu,http://www.srilanka.travel/attraction&attraction_id=134,NSDI,Attractions,,Ampara
Kudagala forest reserve &amp; monastery,6.5441667,81.6575,Attractions,A monastery with cave murals.,http://www.srilanka.travel/attraction&attraction_id=129,NSDI,Attractions,,Ampara
Kudumbigala monastery,6.6721095,81.7443538,Attractions,The magnificent monastery of the Digamadulla  ,http://www.srilanka.travel/attraction&attraction_id=113,NSDI,Attractions,,Ampara
Kumana national park,6.569885,81.806357,Attractions,Kumana National Park in Sri Lanka is renowned for its avifauna particularly its large flocks of migratory waterfowl and wading birds. The park is 391 kilometers (243 mi) southeast of Colombo on Sri L,http://www.srilanka.travel/attraction&attraction_id=166,NSDI,Attractions,,Hambantota
Lahugala kitulana forest reserve,6.9138802,81.7568253,Attractions,Elephant feeding ground,http://www.srilanka.travel/attraction&attraction_id=141,NSDI,Attractions,,Ampara
Laxapana falls,6.899422,80.500741,Attractions,Lakshapana waterfall is the 6th highest waterfall in Sri Lanka and it takes 625th in world rank List.,http://www.srilanka.travel/attraction&attraction_id=187,NSDI,Attractions,,Nuwara Eliya
Lionel wendt art centre,6.906705,79.860545,Attractions,The Lionel Wendt Art Centre is a major art centre and theatre in Colombo.,http://www.srilanka.travel/attraction&attraction_id=203,NSDI,Attractions,,Colombo
Little adam’s peak,6.862936,81.06498,Attractions,Ella is a small town in the Badulla District of Uva Province Sri Lanka. ,http://www.srilanka.travel/attraction&attraction_id=183,NSDI,Attractions,,Gampaha
Maduru oya national wildlife park,7.5769066,81.0892627,Attractions,The home of nearly 200 elephants,http://www.srilanka.travel/attraction&attraction_id=109,NSDI,Attractions,,Ampara
Maduru oya reservoir,7.5252778,81.2563889,Attractions,An irrigation based reservoir built under the Mahaweli project,http://www.srilanka.travel/attraction&attraction_id=130,NSDI,Attractions,,Ampara
Maduwanwela walawwa,6.37671796,80.70899963,Attractions,Largest Walawwa of the country,http://www.srilanka.travel/attraction&attraction_id=26,NSDI,Attractions,,Ratnapura
Magul maha temple (magul maha viharaya),6.8673471,81.7366519,Attractions,Built to celebrate this union which was to change the face of Sri Lankan history forever,http://www.srilanka.travel/attraction&attraction_id=98,NSDI,Attractions,,Ampara
Makaraya,7.2317591,81.647344,Attractions,A whirlpool in the midst of senanayaka Samudraya and a camping site.,http://www.srilanka.travel/attraction&attraction_id=137,NSDI,Attractions,,Ampara
Maligathenna raja maha viharaya,7.1744945,80.060652,Attractions,A refuge of sacred relics and Kings,http://www.srilanka.travel/attraction&attraction_id=69,NSDI,Attractions,,Gampaha
Meemure,7.432876,80.844912,Attractions,Meemure is a tradition village in Sri Lanka It is located near the border between Kandy District and Matale District in the Knuckles Mountain Range. ,http://www.srilanka.travel/attraction&attraction_id=152,NSDI,Attractions,,Kandy
Minneriya national park,8.030731,80.827295,Attractions,Minneriya National Park is a national park in North Central Province of Sri Lanka. The park is situated 182 kilometers (113 mi) from Colombo.,http://www.srilanka.travel/attraction&attraction_id=173,NSDI,Attractions,,Polonnaruwa
Mirissa,5.944783,80.458777,Attractions,Mirissa is a small town on the south coast of Sri Lanka located in the Matara District of the Southern Province. Mirissas beach and night life make it a popular tourist destination.,http://www.srilanka.travel/attraction&attraction_id=165,NSDI,Attractions,,Matara
Muhudu maha viharaya,6.8684711,81.8405056,Attractions,The pier of a Storm tossed princess.,http://www.srilanka.travel/attraction&attraction_id=142,NSDI,Attractions,,Ampara
Mullikulamalai,7.2852875,81.797839,Attractions,The monastery where Queen Viharamadevi was living as a Bikkhuni.,http://www.srilanka.travel/attraction&attraction_id=148,NSDI,Attractions,,Ampara
Nagadeepa purana raja maha viharaya,9.60955119,79.77069855,Attractions,A site graced by Lord Buddha,http://www.srilanka.travel/attraction&attraction_id=16,NSDI,Attractions,,Jaffna
Nagapabbatha monastery,6.6358768,81.6706896,Attractions,A monastery amidst the wildlife sanctuary of Kumana.,http://www.srilanka.travel/attraction&attraction_id=105,NSDI,Attractions,,Ampara
Nara mangrove garden,7.0873101,80.0143656,Attractions,Into the secret life of mangroves.,http://www.srilanka.travel/attraction&attraction_id=85,NSDI,Attractions,,Gampaha
Neelagiri stupa,6.8995015,81.7937279,Attractions,The largest stupa of the east,http://www.srilanka.travel/attraction&attraction_id=104,NSDI,Attractions,,Ampara
Negambo beach,7.237816,79.841018,Attractions,Negambo Beach located on the west coast of the island and at the mouth of the Negombo Lagoon.,http://www.srilanka.travel/attraction&attraction_id=193,NSDI,Attractions,,Gampaha
Negombo,7.2007968,79.8736754,Attractions,Negombo is mere 07 Kms from the Bandaranaike International airport,http://www.srilanka.travel/attraction&attraction_id=50,NSDI,Attractions,,Puttalam
Nikayalannuwara historical temple,7.57828585,79.83738899,Attractions,A Buddhist learning seat in the East Western,http://www.srilanka.travel/attraction&attraction_id=33,NSDI,Attractions,,Kurunegala
Nikayalannuwara historical temple,7.4729813,80.3547286,Attractions,A Buddhist learning seat in the East Western ,http://www.srilanka.travel/attraction&attraction_id=88,NSDI,Attractions,,Kurunegala
Nilavara bottomless well,9.7527085,80.09119034,Attractions,A bottomless well with pure water ,http://www.srilanka.travel/attraction&attraction_id=17,NSDI,Attractions,,Jaffna
Nilaveli and uppaveli,8.6927331,81.1885293,Attractions,One of the natural deep water harbor in the world located 257km north east from the Colombo.,http://www.srilanka.travel/attraction&attraction_id=48,NSDI,Attractions,,Trincomalee
Nuwaragala,7.512463,81.4883097,Attractions,An ancient Fortress and monastery in Vedda country.,http://www.srilanka.travel/attraction&attraction_id=146,NSDI,Attractions,,Ampara
Okanda beach,6.6499177,81.7727772,Attractions,One of the top surfs in the Eastern coast.,http://www.srilanka.travel/attraction&attraction_id=99,NSDI,Attractions,,Ampara
Omunugala cave monastery,7.2197319,81.5626968,Attractions,A 3 rd century BC monastery complex,http://www.srilanka.travel/attraction&attraction_id=120,NSDI,Attractions,,Ampara
Owagiriya ancient monastery,7.2197319,81.5626968,Attractions,An ancient monastery of second century BC,http://www.srilanka.travel/attraction&attraction_id=121,NSDI,Attractions,,Ampara
Pallan hela mountain,7.2317591,81.647344,Attractions,A mountain fortress with a breath taking view,http://www.srilanka.travel/attraction&attraction_id=136,NSDI,Attractions,,Ampara
Panavitiya ambalama,7.40660096,80.17162442,Attractions,Famous for wood carving.,http://www.srilanka.travel/attraction&attraction_id=36,NSDI,Attractions,,Kurunegala
Panavitiya ambalama,7.4068253,80.1732731,Attractions,Famous for wood carving.,http://www.srilanka.travel/attraction&attraction_id=94,NSDI,Attractions,,Kurunegala
Pannathgoda purana raja maha viharaya,7.1469352,81.5524438,Attractions,A first Century BC temple which hosts an ancient map of Sri Lanka.,http://www.srilanka.travel/attraction&attraction_id=97,NSDI,Attractions,,Ampara
Pettah floating market,6.932938,79.855409,Attractions,The Pettah Floating Market is one of Colombo’s newer shopping place located at the Bastian street on the Beira Lake.,http://www.srilanka.travel/attraction&attraction_id=207,NSDI,Attractions,,Colombo
Pettah market,6.936218,79.850106,Attractions,Main market in Sri Lanka that can get a new experience.,http://www.srilanka.travel/attraction&attraction_id=212,NSDI,Attractions,,Colombo
Pigeon island national park,8.722112,81.204543,Attractions,Pigeon Island National Park is one of the two marine national parks of Sri Lanka. The national park is situated 1 km off the coast of Nilaveli. ,http://www.srilanka.travel/attraction&attraction_id=159,NSDI,Attractions,,Trincomalee
Pineapple in belummahara,7.0663699,80.0122449,Attractions,The Pineapple is a universal symbol for hospitality.,http://www.srilanka.travel/attraction&attraction_id=83,NSDI,Attractions,,Gampaha
Pinnawala elephant orphanage,7.300896,80.387585,Attractions,Pinnawala Elephant Orphanage is an orphanage nursery and captive breeding ground for wild Asian elephants located at Pinnawala village 13 km (8.1 mi) northeast of Kegalle town in Sabaragamuwa Provin,http://www.srilanka.travel/attraction&attraction_id=161,NSDI,Attractions,,Kegalle
Piyangala forest hermitage,7.495774,81.6315927,Attractions,A forest hermitage of ancient tradition,http://www.srilanka.travel/attraction&attraction_id=106,NSDI,Attractions,,Ampara
Point pedro,9.79415515,80.22075176,Attractions,Sri Lanka’s north most corner,http://www.srilanka.travel/attraction&attraction_id=18,NSDI,Attractions,,Jaffna
Rajagala,7.4908074,81.6172083,Attractions,A monastery in perfect form amidst the jungle,http://www.srilanka.travel/attraction&attraction_id=103,NSDI,Attractions,,Ampara
Rambakan oya,7.49841,81.3780431,Attractions,A mega irrigation project in East.,http://www.srilanka.travel/attraction&attraction_id=147,NSDI,Attractions,,Ampara
Rambodagalla buddha statue,7.5156351,80.5041841,Attractions,The world’s Largest Granite Statue of Samadhi Buddha.,http://www.srilanka.travel/attraction&attraction_id=92,NSDI,Attractions,,Kurunegala
Ratmullukanda viharaya,7.5156351,80.5041841,Attractions,The highest peak that can be reached by a vehicle,http://www.srilanka.travel/attraction&attraction_id=89,NSDI,Attractions,,Kurunegala
Rawana ella and ravana falls,6.840527,81.054634,Attractions,This is the one of most popular and elegant water fall in Sri Lanka.,http://www.srilanka.travel/attraction&attraction_id=188,NSDI,Attractions,,Badulla
Richmond castle,6.601561,79.975275,Attractions,Richmond Castle is like an amazing Royal Palace in Sri Lanka. ,http://www.srilanka.travel/attraction&attraction_id=198,NSDI,Attractions,,Kalutara
Ridee viharaya,7.5373387,80.4919767,Attractions,King Dutugemunu found a silver (ridi) ore mine which was used to finance the building of the gigantic Ruwanweli Seya .,http://www.srilanka.travel/attraction&attraction_id=90,NSDI,Attractions,,Kurunegala
Samangala forest hermitage,7.4128915,81.5712964,Attractions,A monastery with rare Brahmin inscriptions,http://www.srilanka.travel/attraction&attraction_id=115,NSDI,Attractions,,Ampara
Sangamankanda point,7.0259349,81.8783087,Attractions,The Eastern most point of the country.,http://www.srilanka.travel/attraction&attraction_id=126,NSDI,Attractions,,Ampara
Seema malakaya meditation centre,6.916832,79.854593,Attractions,This is a calm and beautiful place in the busy Colombo city.,http://www.srilanka.travel/attraction&attraction_id=204,NSDI,Attractions,,Colombo
Senanayaka samudraya of inginiyagala,7.2278803,81.5354077,Attractions,The largest manmade reservoir in the country.,http://www.srilanka.travel/attraction&attraction_id=102,NSDI,Attractions,,Ampara
Shasthrawela,6.5552778,81.6863889,Attractions,A Buddhist learning seat in the East,http://www.srilanka.travel/attraction&attraction_id=125,NSDI,Attractions,,Ampara
Sigiriya,7.956845,80.759944,Attractions,Sigiriya is located in matale district in the central province of sri lanka. It is within the cultural triangle which includes five of the seven world heritage sites in sri lanka. ,http://www.srilanka.travel/attraction&attraction_id=160,NSDI,Attractions,,Matale
Sinharaja,6.389637,80.501088,Attractions,Sinharaja Forest Reserve is a national park and a biodiversity hotspot in Sri Lanka. It is of international significance and has been designated a Biosphere Reserve and World Heritage Site by UNESCO.,http://www.srilanka.travel/attraction&attraction_id=151,NSDI,Attractions,,Ratnapura
Sri dalada maligawa (temple of the tooth),7.294373,80.641486,Attractions,Sri Dalada Maligawa or the Temple of the Sacred Tooth Relic is a Buddhist temple in the city of Kandy Sri Lanka.This a World Heritage Site mainly due to the temple.  ,http://www.srilanka.travel/attraction&attraction_id=155,NSDI,Attractions,,Kandy
Sri pada (adams peak),6.809627,80.499399,Attractions,Sri pada or samanala kanda is 2243m tall conical mountain located in central in sri lanka.  This is the fourth highest mountain in sri lanka.,http://www.srilanka.travel/attraction&attraction_id=150,NSDI,Attractions,,Ratnapura
Sri shakhyasinharamaya,6.9510702,79.8741581,Attractions,This is a One of Splendored temple in Colombo 14.,http://www.srilanka.travel/attraction&attraction_id=220,NSDI,Attractions,,Colombo
St. clairs falls,6.951754,80.648158,Attractions,This is the widest waterfall in Sri Lanka therefore St. Clair’s commonly known as Little Niagara of Sri Lanka. ,http://www.srilanka.travel/attraction&attraction_id=189,NSDI,Attractions,,Nuwara Eliya
The dagger clawed people,7.2317591,81.647344,Attractions,Pigmy size human in Sri Lanka,http://www.srilanka.travel/attraction&attraction_id=139,NSDI,Attractions,,Ampara
The japanese peace pagoda,7.2317591,81.647344,Attractions,One of the five peace pagodas in Sri Lanka.,http://www.srilanka.travel/attraction&attraction_id=116,NSDI,Attractions,,Ampara
The nagapooshani amman kovil,9.61293622,79.76966858,Attractions,One of the prominent 64 Shakti Peethams.,http://www.srilanka.travel/attraction&attraction_id=19,NSDI,Attractions,,Jaffna
The steaming hot water wells of mahaoya,7.4312864,81.3329601,Attractions,The hottest natural hot water source in the country,http://www.srilanka.travel/attraction&attraction_id=140,NSDI,Attractions,,Ampara
Thewatta besilika church - national basilica of our lady of lan,7.0367618,79.9315125,Attractions,Built to keep the promise of faith.,http://www.srilanka.travel/attraction&attraction_id=87,NSDI,Attractions,,Gampaha
Tomb of king vijay,7.4729813,80.3547286,Attractions,The place where King Vijaya wished to be buried,http://www.srilanka.travel/attraction&attraction_id=91,NSDI,Attractions,,Kurunegala
Traditional village (ape gama),6.891276,79.922249,Attractions,Ape Gama (Our Village) is a replica of the Sri Lankan old day traditional village.,http://www.srilanka.travel/attraction&attraction_id=218,NSDI,Attractions,,Colombo
Udawalawe national park,6.472865,81.063191,Attractions,Udawalawe National Park lies on the boundary of Sabaragamuwa and Uva Provinces in Sri Lanka. ,http://www.srilanka.travel/attraction&attraction_id=164,NSDI,Attractions,,Ratnapura
Unawatuna,6.009862,80.248518,Attractions,Unawatuna is a coastal town in Galle district of Sri Lanka. Unawatuna is a major tourist attraction in Sri Lanka and famous for its beautiful beach and corals.,http://www.srilanka.travel/attraction&attraction_id=162,NSDI,Attractions,,Galle
Veddagala,7.2317591,81.647344,Attractions,A ruined monastery atop a mountain,http://www.srilanka.travel/attraction&attraction_id=138,NSDI,Attractions,,Ampara
Veheragala temple,6.7039056,81.6647243,Attractions,A ruined temple and monastery.,http://www.srilanka.travel/attraction&attraction_id=133,NSDI,Attractions,,Ampara
Victoria park,6.970547,80.768247,Attractions,The Victoria Park is a public park located in Nuwara Eliya next to the Nuwara Eliya Post Office in Sri Lanka. ,http://www.srilanka.travel/attraction&attraction_id=174,NSDI,Attractions,,Nuwara Eliya
Viharamahadevi park,6.913476,79.861837,Attractions,Viharamahadevi Park is the oldest and largest park in the central of Colombo.,http://www.srilanka.travel/attraction&attraction_id=216,NSDI,Attractions,,Colombo
Wadinagala,7.133864,81.5486728,Attractions,A reservoir bordering Gal Oya National Park.,http://www.srilanka.travel/attraction&attraction_id=118,NSDI,Attractions,,Ampara
Warana,7.1028835,80.074795,Attractions,The mountain hermitage of two brothers,http://www.srilanka.travel/attraction&attraction_id=82,NSDI,Attractions,,Gampaha
Wasgamuwa national park,7.753114,80.92043,Attractions,Wasgamuwa National Park is a natural park in Sri Lanka situated in the Matale and Polonnaruwa Districts. The park is situated 225 km away from Colombo.  ,http://www.srilanka.travel/attraction&attraction_id=175,NSDI,Attractions,,Matale
Weligama  bay,5.9773782,80.4288487,Attractions,From Tangalle Bay to Weligama is a beautiful coastline with rugged rocks sandy beaches and coconut groves.,http://www.srilanka.travel/attraction&attraction_id=55,NSDI,Attractions,,Galle
Weweldeniya,7.1979285,80.1526271,Attractions,A Piece of tradition.,http://www.srilanka.travel/attraction&attraction_id=61,NSDI,Attractions,,Gampaha
Whale watching in mirissa,5.94526549,80.46180725,Attractions, Whale and dolphin watching in south sea.,http://www.srilanka.travel/attraction&attraction_id=6,NSDI,Attractions,,Galle
Wilpattu national park,8.456457,80.047982,Attractions,Wilpattu is the largest and one of the oldest National Parks in Sri Lanka.,http://www.srilanka.travel/attraction&attraction_id=219,NSDI,Attractions,,Anuradhapura
Wolvendaal church,6.9421,79.859,Attractions,This is the Oldest protestant church in Sri Lanka.,http://www.srilanka.travel/attraction&attraction_id=205,NSDI,Attractions,,Colombo
Yala national park,6.279281,81.401821,Attractions,Yala National Park is the most visited and second largest national park in Sri Lanka. The park consists of five blocks two of which are now open to the public and also adjoining parks.,http://www.srilanka.travel/attraction&attraction_id=163,NSDI,Attractions,,Hambantota
Yapahuwa rock fortress,7.816953,80.317363,Attractions,This was the fourth ancient kindom in Sri Lanka.,http://www.srilanka.travel/attraction&attraction_id=184,NSDI,Attractions,,Kurunegala
