district_id,target,model,ds,yhat,yhat_lower,yhat_upper,raw_yhat,training_cutoff,production_approved,run_id
73,rainfall_mm,seasonal_naive,2025-11-01,171.900001525879,,,171.900001525879,2025-06-01,False,d73_rainfall_mm_seasonal_naive_20261010T082615Z
73,rainfall_mm,seasonal_naive,2025-12-01,395.299998283386,,,395.299998283386,2025-06-01,False,d73_rainfall_mm_seasonal_naive_20261010T082615Z
73,rainfall_mm,seasonal_naive,2026-01-01,481.900002479553,,,481.900002479553,2025-06-01,False,d73_rainfall_mm_seasonal_naive_20261010T082615Z
74,rainfall_mm,seasonal_naive,2025-11-01,467.499999172986,,,467.499999172986,2025-10-01,False,d74_rainfall_mm_seasonal_naive_20261010T082615Z
74,rainfall_mm,seasonal_naive,2025-12-01,295.400001347065,,,295.400001347065,2025-10-01,False,d74_rainfall_mm_seasonal_naive_20261010T082615Z
74,rainfall_mm,seasonal_naive,2026-01-01,260.599999561906,,,260.599999561906,2025-10-01,False,d74_rainfall_mm_seasonal_naive_20261010T082615Z
74,temperature_max_c,prophet,2025-11-01,30.74749225999498,30.0313464172535,31.501175548179212,30.74749225999498,2025-08-01,False,d74_temperature_max_c_prophet_20261010T082615Z
74,temperature_max_c,prophet,2025-12-01,29.65115315605074,28.987356479356393,30.395135291150957,29.65115315605074,2025-08-01,False,d74_temperature_max_c_prophet_20261010T082615Z
74,temperature_max_c,prophet,2026-01-01,29.724544730883476,28.933827363844124,30.470409676709558,29.724544730883476,2025-08-01,False,d74_temperature_max_c_prophet_20261010T082615Z
74,temperature_min_c,monthly_climatology,2025-11-01,23.725,,,23.725,2025-10-01,False,d74_temperature_min_c_monthly_climatology_20261010T082615Z
74,temperature_min_c,monthly_climatology,2025-12-01,23.375,,,23.375,2025-10-01,False,d74_temperature_min_c_monthly_climatology_20261010T082615Z
74,temperature_min_c,monthly_climatology,2026-01-01,22.619999999999997,,,22.619999999999997,2025-10-01,False,d74_temperature_min_c_monthly_climatology_20261010T082615Z
76,rainfall_mm,monthly_climatology,2025-11-01,376.04999955091637,,,376.04999955091637,2025-10-01,False,d76_rainfall_mm_monthly_climatology_20261010T082616Z
76,rainfall_mm,monthly_climatology,2025-12-01,265.5374990170821,,,265.5374990170821,2025-10-01,False,d76_rainfall_mm_monthly_climatology_20261010T082616Z
76,rainfall_mm,monthly_climatology,2026-01-01,448.83999947756536,,,448.83999947756536,2025-10-01,False,d76_rainfall_mm_monthly_climatology_20261010T082616Z
76,temperature_max_c,prophet,2025-11-01,31.070750727820062,30.36562039308372,31.7519353067009,31.070750727820062,2025-10-01,False,d76_temperature_max_c_prophet_20261010T082616Z
76,temperature_max_c,prophet,2025-12-01,29.700653070965007,29.060157892146126,30.437308761673822,29.700653070965007,2025-10-01,False,d76_temperature_max_c_prophet_20261010T082616Z
76,temperature_max_c,prophet,2026-01-01,29.452767833944822,28.797146717929696,30.129298600304157,29.452767833944822,2025-10-01,False,d76_temperature_max_c_prophet_20261010T082616Z
76,temperature_min_c,seasonal_naive,2025-11-01,24.7,,,24.7,2025-10-01,False,d76_temperature_min_c_seasonal_naive_20261010T082616Z
76,temperature_min_c,seasonal_naive,2025-12-01,24.7,,,24.7,2025-10-01,False,d76_temperature_min_c_seasonal_naive_20261010T082616Z
76,temperature_min_c,seasonal_naive,2026-01-01,24.4,,,24.4,2025-10-01,False,d76_temperature_min_c_seasonal_naive_20261010T082616Z
77,rainfall_mm,monthly_climatology,2025-11-01,370.94999982975423,,,370.94999982975423,2025-10-01,False,d77_rainfall_mm_monthly_climatology_20261010T082616Z
77,rainfall_mm,monthly_climatology,2025-12-01,205.25000090897078,,,205.25000090897078,2025-10-01,False,d77_rainfall_mm_monthly_climatology_20261010T082616Z
77,rainfall_mm,monthly_climatology,2026-01-01,117.2199993029237,,,117.2199993029237,2025-10-01,False,d77_rainfall_mm_monthly_climatology_20261010T082616Z
77,temperature_max_c,monthly_climatology,2025-11-01,30.675,,,30.675,2025-10-01,False,d77_temperature_max_c_monthly_climatology_20261010T082616Z
77,temperature_max_c,monthly_climatology,2025-12-01,31.35,,,31.35,2025-10-01,False,d77_temperature_max_c_monthly_climatology_20261010T082616Z
77,temperature_max_c,monthly_climatology,2026-01-01,31.32,,,31.32,2025-10-01,False,d77_temperature_max_c_monthly_climatology_20261010T082616Z
77,temperature_min_c,prophet,2025-11-01,24.77050711479337,24.259898773102424,25.239187656820913,24.77050711479337,2025-10-01,False,d77_temperature_min_c_prophet_20261010T082617Z
77,temperature_min_c,prophet,2025-12-01,24.430201672731677,23.940919661027948,24.938759782666168,24.430201672731677,2025-10-01,False,d77_temperature_min_c_prophet_20261010T082617Z
77,temperature_min_c,prophet,2026-01-01,24.42113625705919,23.933520758502766,24.92491677610908,24.42113625705919,2025-10-01,False,d77_temperature_min_c_prophet_20261010T082617Z
78,rainfall_mm,monthly_climatology,2025-11-01,493.58750153426087,,,493.58750153426087,2025-10-01,False,d78_rainfall_mm_monthly_climatology_20261010T082617Z
78,rainfall_mm,monthly_climatology,2025-12-01,313.2499984856694,,,313.2499984856694,2025-10-01,False,d78_rainfall_mm_monthly_climatology_20261010T082617Z
78,rainfall_mm,monthly_climatology,2026-01-01,174.6800005391239,,,174.6800005391239,2025-10-01,False,d78_rainfall_mm_monthly_climatology_20261010T082617Z
78,temperature_max_c,prophet,2025-11-01,29.645787246903254,29.115288213629142,30.169241747073077,29.645787246903254,2025-10-01,False,d78_temperature_max_c_prophet_20261010T082617Z
78,temperature_max_c,prophet,2025-12-01,29.583195970324546,29.081882182990753,30.079512281259362,29.583195970324546,2025-10-01,False,d78_temperature_max_c_prophet_20261010T082617Z
78,temperature_max_c,prophet,2026-01-01,29.607699137596097,29.136083805750065,30.086195379794805,29.607699137596097,2025-10-01,False,d78_temperature_max_c_prophet_20261010T082617Z
78,temperature_min_c,prophet,2025-11-01,25.094916145350826,24.608648921898062,25.550291720822486,25.094916145350826,2025-10-01,False,d78_temperature_min_c_prophet_20261010T082618Z
78,temperature_min_c,prophet,2025-12-01,24.811631770520115,24.349599873329208,25.30680034320026,24.811631770520115,2025-10-01,False,d78_temperature_min_c_prophet_20261010T082618Z
78,temperature_min_c,prophet,2026-01-01,24.630591016829673,24.183056201822946,25.110306761467868,24.630591016829673,2025-10-01,False,d78_temperature_min_c_prophet_20261010T082618Z
79,rainfall_mm,monthly_climatology,2025-11-01,369.1874977881089,,,369.1874977881089,2025-10-01,False,d79_rainfall_mm_monthly_climatology_20261010T082618Z
79,rainfall_mm,monthly_climatology,2025-12-01,122.26250124815842,,,122.26250124815842,2025-10-01,False,d79_rainfall_mm_monthly_climatology_20261010T082618Z
79,rainfall_mm,monthly_climatology,2026-01-01,85.9900001324714,,,85.9900001324714,2025-10-01,False,d79_rainfall_mm_monthly_climatology_20261010T082618Z
79,temperature_max_c,prophet,2025-11-01,31.115378492567007,30.477579426026253,31.793181173843813,31.115378492567007,2025-10-01,False,d79_temperature_max_c_prophet_20261010T082618Z
79,temperature_max_c,prophet,2025-12-01,31.579199563862524,30.954580907070383,32.29480843843862,31.579199563862524,2025-10-01,False,d79_temperature_max_c_prophet_20261010T082618Z
79,temperature_max_c,prophet,2026-01-01,32.45492884550108,31.788390108897456,33.096574750531886,32.45492884550108,2025-10-01,False,d79_temperature_max_c_prophet_20261010T082618Z
79,temperature_min_c,prophet,2025-11-01,24.185531164374588,23.687845644434464,24.706514408736915,24.185531164374588,2025-10-01,False,d79_temperature_min_c_prophet_20261010T082618Z
79,temperature_min_c,prophet,2025-12-01,23.82788761574852,23.287588429350983,24.372185473578373,23.82788761574852,2025-10-01,False,d79_temperature_min_c_prophet_20261010T082618Z
79,temperature_min_c,prophet,2026-01-01,23.53181569491007,23.027990072642105,24.03741603131337,23.53181569491007,2025-10-01,False,d79_temperature_min_c_prophet_20261010T082618Z
80,rainfall_mm,monthly_climatology,2025-11-01,213.81250045262263,,,213.81250045262263,2025-10-01,False,d80_rainfall_mm_monthly_climatology_20261010T082619Z
80,rainfall_mm,monthly_climatology,2025-12-01,202.4750008154661,,,202.4750008154661,2025-10-01,False,d80_rainfall_mm_monthly_climatology_20261010T082619Z
80,rainfall_mm,monthly_climatology,2026-01-01,120.63000014126303,,,120.63000014126303,2025-10-01,False,d80_rainfall_mm_monthly_climatology_20261010T082619Z
80,temperature_max_c,monthly_climatology,2025-11-01,31.2,,,31.2,2025-10-01,False,d80_temperature_max_c_monthly_climatology_20261010T082619Z
80,temperature_max_c,monthly_climatology,2025-12-01,30.775,,,30.775,2025-10-01,False,d80_temperature_max_c_monthly_climatology_20261010T082619Z
80,temperature_max_c,monthly_climatology,2026-01-01,30.52,,,30.52,2025-10-01,False,d80_temperature_max_c_monthly_climatology_20261010T082619Z
80,temperature_min_c,prophet,2025-11-01,24.78693892162483,24.35209233184192,25.19844874557303,24.78693892162483,2025-10-01,False,d80_temperature_min_c_prophet_20261010T082619Z
80,temperature_min_c,prophet,2025-12-01,24.265247534962985,23.842495938821987,24.740507718101757,24.265247534962985,2025-10-01,False,d80_temperature_min_c_prophet_20261010T082619Z
80,temperature_min_c,prophet,2026-01-01,23.915250642727525,23.479939549736237,24.363990922996727,23.915250642727525,2025-10-01,False,d80_temperature_min_c_prophet_20261010T082619Z
81,rainfall_mm,prophet,2025-11-01,477.2293129242092,343.53255550641416,612.5543000666811,477.2293129242092,2025-10-01,False,d81_rainfall_mm_prophet_20261010T082619Z
81,rainfall_mm,prophet,2025-12-01,341.1585143743497,207.7437303973329,476.8758012319849,341.1585143743497,2025-10-01,False,d81_rainfall_mm_prophet_20261010T082619Z
81,rainfall_mm,prophet,2026-01-01,116.61018645251536,0.0,250.36860109075684,116.61018645251536,2025-10-01,False,d81_rainfall_mm_prophet_20261010T082619Z
81,temperature_max_c,prophet,2025-11-01,30.165610960273494,29.55633814453299,30.817468542877727,30.165610960273494,2025-10-01,False,d81_temperature_max_c_prophet_20261010T082620Z
81,temperature_max_c,prophet,2025-12-01,29.41126138181467,28.751427524700386,30.020020388693272,29.41126138181467,2025-10-01,False,d81_temperature_max_c_prophet_20261010T082620Z
81,temperature_max_c,prophet,2026-01-01,29.290972188894052,28.655698259564456,29.87767530716856,29.290972188894052,2025-10-01,False,d81_temperature_max_c_prophet_20261010T082620Z
81,temperature_min_c,monthly_climatology,2025-11-01,24.125,,,24.125,2025-10-01,False,d81_temperature_min_c_monthly_climatology_20261010T082620Z
81,temperature_min_c,monthly_climatology,2025-12-01,23.8,,,23.8,2025-10-01,False,d81_temperature_min_c_monthly_climatology_20261010T082620Z
81,temperature_min_c,monthly_climatology,2026-01-01,22.6,,,22.6,2025-10-01,False,d81_temperature_min_c_monthly_climatology_20261010T082620Z
83,rainfall_mm,monthly_climatology,2025-11-01,474.399996912107,,,474.399996912107,2025-10-01,False,d83_rainfall_mm_monthly_climatology_20261010T082620Z
83,rainfall_mm,monthly_climatology,2025-12-01,219.44999986328156,,,219.44999986328156,2025-10-01,False,d83_rainfall_mm_monthly_climatology_20261010T082620Z
83,rainfall_mm,monthly_climatology,2026-01-01,117.66000026762508,,,117.66000026762508,2025-10-01,False,d83_rainfall_mm_monthly_climatology_20261010T082620Z
83,temperature_max_c,prophet,2025-11-01,29.069206314874354,28.150270462001924,29.98321252694027,29.069206314874354,2025-10-01,False,d83_temperature_max_c_prophet_20261010T082620Z
83,temperature_max_c,prophet,2025-12-01,28.727464368541366,27.883390504917962,29.626604450814146,28.727464368541366,2025-10-01,False,d83_temperature_max_c_prophet_20261010T082620Z
83,temperature_max_c,prophet,2026-01-01,28.790450805905614,27.866593391196023,29.649241710978508,28.790450805905614,2025-10-01,False,d83_temperature_max_c_prophet_20261010T082620Z
83,temperature_min_c,monthly_climatology,2025-11-01,21.05,,,21.05,2025-10-01,False,d83_temperature_min_c_monthly_climatology_20261010T082620Z
83,temperature_min_c,monthly_climatology,2025-12-01,20.45,,,20.45,2025-10-01,False,d83_temperature_min_c_monthly_climatology_20261010T082620Z
83,temperature_min_c,monthly_climatology,2026-01-01,19.84,,,19.84,2025-10-01,False,d83_temperature_min_c_monthly_climatology_20261010T082620Z
87,rainfall_mm,monthly_climatology,2025-11-01,452.0750000644475,,,452.0750000644475,2025-10-01,False,d87_rainfall_mm_monthly_climatology_20261010T082620Z
87,rainfall_mm,monthly_climatology,2025-12-01,172.84999852627521,,,172.84999852627521,2025-10-01,False,d87_rainfall_mm_monthly_climatology_20261010T082620Z
87,rainfall_mm,monthly_climatology,2026-01-01,116.74000014662742,,,116.74000014662742,2025-10-01,False,d87_rainfall_mm_monthly_climatology_20261010T082620Z
87,temperature_max_c,prophet,2025-11-01,29.981029264675712,29.4758678837874,30.528130528897922,29.981029264675712,2025-10-01,False,d87_temperature_max_c_prophet_20261010T082621Z
87,temperature_max_c,prophet,2025-12-01,29.339967786100086,28.80631407884666,29.868479695013097,29.339967786100086,2025-10-01,False,d87_temperature_max_c_prophet_20261010T082621Z
87,temperature_max_c,prophet,2026-01-01,29.320166527509073,28.811016153063996,29.82572588917977,29.320166527509073,2025-10-01,False,d87_temperature_max_c_prophet_20261010T082621Z
87,temperature_min_c,monthly_climatology,2025-11-01,25.2,,,25.2,2025-10-01,False,d87_temperature_min_c_monthly_climatology_20261010T082621Z
87,temperature_min_c,monthly_climatology,2025-12-01,25.25,,,25.25,2025-10-01,False,d87_temperature_min_c_monthly_climatology_20261010T082621Z
87,temperature_min_c,monthly_climatology,2026-01-01,24.72,,,24.72,2025-10-01,False,d87_temperature_min_c_monthly_climatology_20261010T082621Z
92,rainfall_mm,monthly_climatology,2025-11-01,323.0249989088626,,,323.0249989088626,2025-10-01,False,d92_rainfall_mm_monthly_climatology_20261010T082621Z
92,rainfall_mm,monthly_climatology,2025-12-01,177.2500020023435,,,177.2500020023435,2025-10-01,False,d92_rainfall_mm_monthly_climatology_20261010T082621Z
92,rainfall_mm,monthly_climatology,2026-01-01,136.50000114440905,,,136.50000114440905,2025-10-01,False,d92_rainfall_mm_monthly_climatology_20261010T082621Z
92,temperature_max_c,prophet,2025-11-01,19.705410684565592,18.82370635129191,20.57526228618149,19.705410684565592,2025-10-01,False,d92_temperature_max_c_prophet_20261010T082621Z
92,temperature_max_c,prophet,2025-12-01,19.392267386596053,18.561809700798015,20.261074989840115,19.392267386596053,2025-10-01,False,d92_temperature_max_c_prophet_20261010T082621Z
92,temperature_max_c,prophet,2026-01-01,19.27406277304779,18.439408643019323,20.122880778012597,19.27406277304779,2025-10-01,False,d92_temperature_max_c_prophet_20261010T082621Z
92,temperature_min_c,prophet,2025-11-01,13.503280440516214,12.736632790743544,14.377905184073844,13.503280440516214,2025-10-01,False,d92_temperature_min_c_prophet_20261010T082622Z
92,temperature_min_c,prophet,2025-12-01,12.783645446043735,11.97888567912417,13.54799662448595,12.783645446043735,2025-10-01,False,d92_temperature_min_c_prophet_20261010T082622Z
92,temperature_min_c,prophet,2026-01-01,12.049345778963463,11.272372157299634,12.784492649474965,12.049345778963463,2025-10-01,False,d92_temperature_min_c_prophet_20261010T082622Z
93,rainfall_mm,prophet,2025-11-01,348.04883336007236,235.12350017839276,468.66200873516766,348.04883336007236,2025-10-01,False,d93_rainfall_mm_prophet_20261010T082622Z
93,rainfall_mm,prophet,2025-12-01,382.3344336933975,267.71689722485,502.0394472402457,382.3344336933975,2025-10-01,False,d93_rainfall_mm_prophet_20261010T082622Z
93,rainfall_mm,prophet,2026-01-01,288.26404102043915,162.0783584582923,406.3136355896621,288.26404102043915,2025-10-01,False,d93_rainfall_mm_prophet_20261010T082622Z
93,temperature_max_c,prophet,2025-11-01,31.877130867381393,31.125648097090302,32.6220101698598,31.877130867381393,2025-10-01,False,d93_temperature_max_c_prophet_20261010T082623Z
93,temperature_max_c,prophet,2025-12-01,30.493092215396388,29.800026045251332,31.326737382126193,30.493092215396388,2025-10-01,False,d93_temperature_max_c_prophet_20261010T082623Z
93,temperature_max_c,prophet,2026-01-01,30.216564182599463,29.400144630874134,31.017346629298693,30.216564182599463,2025-10-01,False,d93_temperature_max_c_prophet_20261010T082623Z
93,temperature_min_c,monthly_climatology,2025-11-01,23.55,,,23.55,2025-10-01,False,d93_temperature_min_c_monthly_climatology_20261010T082623Z
93,temperature_min_c,monthly_climatology,2025-12-01,23.2,,,23.2,2025-10-01,False,d93_temperature_min_c_monthly_climatology_20261010T082623Z
93,temperature_min_c,monthly_climatology,2026-01-01,22.34,,,22.34,2025-10-01,False,d93_temperature_min_c_monthly_climatology_20261010T082623Z
94,rainfall_mm,monthly_climatology,2025-11-01,511.1500007947906,,,511.1500007947906,2025-09-01,False,d94_rainfall_mm_monthly_climatology_20261010T082623Z
94,rainfall_mm,monthly_climatology,2025-12-01,153.76249891798943,,,153.76249891798943,2025-09-01,False,d94_rainfall_mm_monthly_climatology_20261010T082623Z
94,rainfall_mm,monthly_climatology,2026-01-01,100.02000007629402,,,100.02000007629402,2025-09-01,False,d94_rainfall_mm_monthly_climatology_20261010T082623Z
94,temperature_max_c,seasonal_naive,2025-11-01,30.7,,,30.7,2025-10-01,False,d94_temperature_max_c_seasonal_naive_20261010T082623Z
94,temperature_max_c,seasonal_naive,2025-12-01,31.5,,,31.5,2025-10-01,False,d94_temperature_max_c_seasonal_naive_20261010T082623Z
94,temperature_max_c,seasonal_naive,2026-01-01,30.1,,,30.1,2025-10-01,False,d94_temperature_max_c_seasonal_naive_20261010T082623Z
94,temperature_min_c,prophet,2025-11-01,24.08016787673351,23.406896104089444,24.713380159820662,24.08016787673351,2025-10-01,False,d94_temperature_min_c_prophet_20261010T082623Z
94,temperature_min_c,prophet,2025-12-01,23.31726897188844,22.683267230649395,23.935627888230236,23.31726897188844,2025-10-01,False,d94_temperature_min_c_prophet_20261010T082623Z
94,temperature_min_c,prophet,2026-01-01,22.729099287005898,22.075011643884643,23.34663302974807,22.729099287005898,2025-10-01,False,d94_temperature_min_c_prophet_20261010T082623Z
95,rainfall_mm,prophet,2025-11-01,430.7350891746137,271.1667193607055,588.621759488128,430.7350891746137,2025-10-01,False,d95_rainfall_mm_prophet_20261010T082624Z
95,rainfall_mm,prophet,2025-12-01,242.50896876897036,74.78961248898999,416.8680589655416,242.50896876897036,2025-10-01,False,d95_rainfall_mm_prophet_20261010T082624Z
95,rainfall_mm,prophet,2026-01-01,125.68204222571521,0.0,281.19715488321424,125.68204222571521,2025-10-01,False,d95_rainfall_mm_prophet_20261010T082624Z
95,temperature_max_c,prophet,2025-11-01,32.06123677468173,31.22177746404009,32.93112151178621,32.06123677468173,2025-10-01,False,d95_temperature_max_c_prophet_20261010T082624Z
95,temperature_max_c,prophet,2025-12-01,32.3347097786944,31.45094649583453,33.23768631560455,32.3347097786944,2025-10-01,False,d95_temperature_max_c_prophet_20261010T082624Z
95,temperature_max_c,prophet,2026-01-01,32.88722341582543,31.99317303970871,33.831669316724486,32.88722341582543,2025-10-01,False,d95_temperature_max_c_prophet_20261010T082624Z
95,temperature_min_c,seasonal_naive,2025-11-01,23.2,,,23.2,2025-10-01,False,d95_temperature_min_c_seasonal_naive_20261010T082624Z
95,temperature_min_c,seasonal_naive,2025-12-01,23.2,,,23.2,2025-10-01,False,d95_temperature_min_c_seasonal_naive_20261010T082624Z
95,temperature_min_c,seasonal_naive,2026-01-01,23.3,,,23.3,2025-10-01,False,d95_temperature_min_c_seasonal_naive_20261010T082624Z
96,rainfall_mm,monthly_climatology,2025-11-01,470.22499769181024,,,470.22499769181024,2025-10-01,False,d96_rainfall_mm_monthly_climatology_20261010T082624Z
96,rainfall_mm,monthly_climatology,2025-12-01,286.1000001896172,,,286.1000001896172,2025-10-01,False,d96_rainfall_mm_monthly_climatology_20261010T082624Z
96,rainfall_mm,monthly_climatology,2026-01-01,218.0200008794664,,,218.0200008794664,2025-10-01,False,d96_rainfall_mm_monthly_climatology_20261010T082624Z
96,temperature_max_c,prophet,2025-11-01,30.497945389853747,29.76951921471717,31.262754761719183,30.497945389853747,2025-10-01,False,d96_temperature_max_c_prophet_20261010T082625Z
96,temperature_max_c,prophet,2025-12-01,29.314073314725103,28.550075895956244,30.131657762289905,29.314073314725103,2025-10-01,False,d96_temperature_max_c_prophet_20261010T082625Z
96,temperature_max_c,prophet,2026-01-01,29.268846178154337,28.529369901328597,30.067425329274545,29.268846178154337,2025-10-01,False,d96_temperature_max_c_prophet_20261010T082625Z
96,temperature_min_c,monthly_climatology,2025-11-01,23.95,,,23.95,2025-10-01,False,d96_temperature_min_c_monthly_climatology_20261010T082625Z
96,temperature_min_c,monthly_climatology,2025-12-01,24.075,,,24.075,2025-10-01,False,d96_temperature_min_c_monthly_climatology_20261010T082625Z
96,temperature_min_c,monthly_climatology,2026-01-01,23.72,,,23.72,2025-10-01,False,d96_temperature_min_c_monthly_climatology_20261010T082625Z
