run_id,district_id,target,selected_model,training_start,training_cutoff,latest_calendar_month,latest_observed_month,latest_month_missing,training_observations,forecast_horizon_months,production_approved,parameters,created_at_utc,validation_gate_passed,status
d73_rainfall_mm_seasonal_naive_20261010T082615Z,73,rainfall_mm,seasonal_naive,2021-01-01,2025-06-01,2025-10-01,2025-06-01,True,45,3,False,"{'seasonal_lag_months': 12, 'missing_latest_month_fallback': 'latest_same_month_observation'}",2026-10-10T08:26:15.139361+00:00,False,trained
d74_rainfall_mm_seasonal_naive_20261010T082615Z,74,rainfall_mm,seasonal_naive,2021-01-01,2025-10-01,2025-10-01,2025-10-01,False,57,3,False,"{'seasonal_lag_months': 12, 'missing_latest_month_fallback': 'latest_same_month_observation'}",2026-10-10T08:26:15.253093+00:00,False,trained
d74_temperature_max_c_prophet_20261010T082615Z,74,temperature_max_c,prophet,2021-01-01,2025-08-01,2025-10-01,2025-08-01,True,54,3,False,"{'fourier_order': 3, 'seasonality_prior_scale': 1.0, 'changepoint_prior_scale': 0.05}",2026-10-10T08:26:15.894688+00:00,False,trained
d74_temperature_min_c_monthly_climatology_20261010T082615Z,74,temperature_min_c,monthly_climatology,2021-01-01,2025-10-01,2025-10-01,2025-10-01,False,57,3,False,"{'monthly_means': {'1': 22.619999999999997, '2': 22.7, '3': 24.119999999999997, '4': 25.04, '5': 25.4, '6': 25.54, '7': 25.44, '8': 25.1, '9': 25.18, '10': 24.28, '11': 23.725, '12': 23.375}}",2026-10-10T08:26:16.011002+00:00,False,trained
d76_rainfall_mm_monthly_climatology_20261010T082616Z,76,rainfall_mm,monthly_climatology,2021-01-01,2025-10-01,2025-10-01,2025-10-01,False,58,3,False,"{'monthly_means': {'1': 448.83999947756536, '2': 139.8099998153747, '3': 97.56000026836998, '4': 68.53999979868532, '5': 49.63999998196958, '6': 17.100000041723256, '7': 18.320000028610224, '8': 63.649999886006086, '9': 55.5399997666478, '10': 151.7400001399218, '11': 376.04999955091637, '12': 265.5374990170821}}",2026-10-10T08:26:16.106747+00:00,True,trained
d76_temperature_max_c_prophet_20261010T082616Z,76,temperature_max_c,prophet,2021-01-01,2025-10-01,2025-10-01,2025-10-01,False,55,3,False,"{'fourier_order': 3, 'seasonality_prior_scale': 1.0, 'changepoint_prior_scale': 0.05}",2026-10-10T08:26:16.393701+00:00,False,trained
d76_temperature_min_c_seasonal_naive_20261010T082616Z,76,temperature_min_c,seasonal_naive,2021-01-01,2025-10-01,2025-10-01,2025-10-01,False,57,3,False,"{'seasonal_lag_months': 12, 'missing_latest_month_fallback': 'latest_same_month_observation'}",2026-10-10T08:26:16.511522+00:00,False,trained
d77_rainfall_mm_monthly_climatology_20261010T082616Z,77,rainfall_mm,monthly_climatology,2021-01-01,2025-10-01,2025-10-01,2025-10-01,False,58,3,False,"{'monthly_means': {'1': 117.2199993029237, '2': 35.219999678432956, '3': 145.98000122457728, '4': 343.659999769926, '5': 366.5800007909536, '6': 209.90000080764304, '7': 146.1800002008677, '8': 152.1000018373133, '9': 265.34000105559824, '10': 554.5999994248152, '11': 370.94999982975423, '12': 205.25000090897078}}",2026-10-10T08:26:16.704026+00:00,True,trained
d77_temperature_max_c_monthly_climatology_20261010T082616Z,77,temperature_max_c,monthly_climatology,2021-01-01,2025-10-01,2025-10-01,2025-10-01,False,57,3,False,"{'monthly_means': {'1': 31.32, '2': 32.65, '3': 32.260000000000005, '4': 32.32, '5': 31.6, '6': 31.119999999999997, '7': 30.76, '8': 30.639999999999997, '9': 30.74, '10': 30.380000000000003, '11': 30.675, '12': 31.35}}",2026-10-10T08:26:16.869184+00:00,True,trained
d77_temperature_min_c_prophet_20261010T082617Z,77,temperature_min_c,prophet,2021-01-01,2025-10-01,2025-10-01,2025-10-01,False,57,3,False,"{'fourier_order': 3, 'seasonality_prior_scale': 1.0, 'changepoint_prior_scale': 0.05}",2026-10-10T08:26:17.392077+00:00,True,trained
d78_rainfall_mm_monthly_climatology_20261010T082617Z,78,rainfall_mm,monthly_climatology,2021-01-01,2025-10-01,2025-10-01,2025-10-01,False,58,3,False,"{'monthly_means': {'1': 174.6800005391239, '2': 126.61000065207467, '3': 206.7000003479422, '4': 280.5800002522766, '5': 573.5800001583993, '6': 335.2499994955956, '7': 262.4299999333918, '8': 253.17999978959557, '9': 399.4699999749663, '10': 671.1900009781123, '11': 493.58750153426087, '12': 313.2499984856694}}",2026-10-10T08:26:17.478814+00:00,True,trained
d78_temperature_max_c_prophet_20261010T082617Z,78,temperature_max_c,prophet,2021-01-01,2025-10-01,2025-10-01,2025-10-01,False,57,3,False,"{'fourier_order': 3, 'seasonality_prior_scale': 1.0, 'changepoint_prior_scale': 0.05}",2026-10-10T08:26:17.849499+00:00,False,trained
d78_temperature_min_c_prophet_20261010T082618Z,78,temperature_min_c,prophet,2021-01-01,2025-10-01,2025-10-01,2025-10-01,False,57,3,False,"{'fourier_order': 3, 'seasonality_prior_scale': 1.0, 'changepoint_prior_scale': 0.05}",2026-10-10T08:26:18.123440+00:00,False,trained
d79_rainfall_mm_monthly_climatology_20261010T082618Z,79,rainfall_mm,monthly_climatology,2021-01-01,2025-10-01,2025-10-01,2025-10-01,False,58,3,False,"{'monthly_means': {'1': 85.9900001324714, '2': 45.17999986186616, '3': 112.30999937951563, '4': 257.9400001063943, '5': 353.2100018560886, '6': 169.94999874010685, '7': 71.52000016123056, '8': 124.06999966353183, '9': 186.7000000007451, '10': 494.7200018778443, '11': 369.1874977881089, '12': 122.26250124815842}}",2026-10-10T08:26:18.204891+00:00,True,trained
d79_temperature_max_c_prophet_20261010T082618Z,79,temperature_max_c,prophet,2021-01-01,2025-10-01,2025-10-01,2025-10-01,False,54,3,False,"{'fourier_order': 3, 'seasonality_prior_scale': 1.0, 'changepoint_prior_scale': 0.05}",2026-10-10T08:26:18.601427+00:00,False,trained
d79_temperature_min_c_prophet_20261010T082618Z,79,temperature_min_c,prophet,2021-01-01,2025-10-01,2025-10-01,2025-10-01,False,54,3,False,"{'fourier_order': 3, 'seasonality_prior_scale': 1.0, 'changepoint_prior_scale': 0.05}",2026-10-10T08:26:18.965783+00:00,False,trained
d80_rainfall_mm_monthly_climatology_20261010T082619Z,80,rainfall_mm,monthly_climatology,2021-01-01,2025-10-01,2025-10-01,2025-10-01,False,57,3,False,"{'monthly_means': {'1': 120.63000014126303, '2': 57.87999956160782, '3': 85.98000080063932, '4': 67.42000012919308, '5': 92.73749989736821, '6': 31.160000075399864, '7': 47.2600001007319, '8': 40.339999774843434, '9': 107.90000042840839, '10': 190.02999942377218, '11': 213.81250045262263, '12': 202.4750008154661}}",2026-10-10T08:26:19.047985+00:00,False,trained
d80_temperature_max_c_monthly_climatology_20261010T082619Z,80,temperature_max_c,monthly_climatology,2021-01-01,2025-10-01,2025-10-01,2025-10-01,False,57,3,False,"{'monthly_means': {'1': 30.52, '2': 32.12, '3': 32.0, '4': 32.42, '5': 31.825000000000003, '6': 31.48, '7': 32.239999999999995, '8': 31.419999999999998, '9': 31.160000000000004, '10': 31.26, '11': 31.2, '12': 30.775}}",2026-10-10T08:26:19.143723+00:00,False,trained
d80_temperature_min_c_prophet_20261010T082619Z,80,temperature_min_c,prophet,2021-01-01,2025-10-01,2025-10-01,2025-10-01,False,57,3,False,"{'fourier_order': 3, 'seasonality_prior_scale': 1.0, 'changepoint_prior_scale': 0.05}",2026-10-10T08:26:19.579861+00:00,False,trained
d81_rainfall_mm_prophet_20261010T082619Z,81,rainfall_mm,prophet,2021-01-01,2025-10-01,2025-10-01,2025-10-01,False,58,3,False,"{'fourier_order': 3, 'seasonality_prior_scale': 1.0, 'changepoint_prior_scale': 0.05}",2026-10-10T08:26:19.926807+00:00,True,trained
d81_temperature_max_c_prophet_20261010T082620Z,81,temperature_max_c,prophet,2021-01-01,2025-10-01,2025-10-01,2025-10-01,False,57,3,False,"{'fourier_order': 3, 'seasonality_prior_scale': 1.0, 'changepoint_prior_scale': 0.05}",2026-10-10T08:26:20.281940+00:00,False,trained
d81_temperature_min_c_monthly_climatology_20261010T082620Z,81,temperature_min_c,monthly_climatology,2021-01-01,2025-10-01,2025-10-01,2025-10-01,False,58,3,False,"{'monthly_means': {'1': 22.6, '2': 21.8, '3': 23.78, '4': 26.1, '5': 27.560000000000002, '6': 27.580000000000002, '7': 27.139999999999997, '8': 26.74, '9': 26.939999999999998, '10': 25.44, '11': 24.125, '12': 23.8}}",2026-10-10T08:26:20.362747+00:00,True,trained
d83_rainfall_mm_monthly_climatology_20261010T082620Z,83,rainfall_mm,monthly_climatology,2021-01-01,2025-10-01,2025-10-01,2025-10-01,False,57,3,False,"{'monthly_means': {'1': 117.66000026762508, '2': 53.32000057697299, '3': 84.53999945819376, '4': 170.78000007122756, '5': 262.82499937526876, '6': 102.7199996426701, '7': 122.64000020474188, '8': 129.22000080347073, '9': 143.03999902307993, '10': 318.5999999642372, '11': 474.399996912107, '12': 219.44999986328156}}",2026-10-10T08:26:20.445871+00:00,False,trained
d83_temperature_max_c_prophet_20261010T082620Z,83,temperature_max_c,prophet,2021-01-01,2025-10-01,2025-10-01,2025-10-01,False,56,3,False,"{'fourier_order': 3, 'seasonality_prior_scale': 1.0, 'changepoint_prior_scale': 0.05}",2026-10-10T08:26:20.784388+00:00,False,trained
d83_temperature_min_c_monthly_climatology_20261010T082620Z,83,temperature_min_c,monthly_climatology,2021-01-01,2025-10-01,2025-10-01,2025-10-01,False,56,3,False,"{'monthly_means': {'1': 19.84, '2': 19.759999999999998, '3': 20.82, '4': 21.84, '5': 22.475, '6': 22.080000000000002, '7': 22.46, '8': 21.78, '9': 21.475, '10': 21.380000000000003, '11': 21.05, '12': 20.45}}",2026-10-10T08:26:20.875518+00:00,False,trained
d87_rainfall_mm_monthly_climatology_20261010T082620Z,87,rainfall_mm,monthly_climatology,2021-01-01,2025-10-01,2025-10-01,2025-10-01,False,57,3,False,"{'monthly_means': {'1': 116.74000014662742, '2': 45.260000067949406, '3': 33.42000017017128, '4': 100.9200004309415, '5': 126.6499995999035, '6': 18.799999713897698, '7': 3.0999999120831423, '8': 48.53999982029193, '9': 29.959999996423715, '10': 287.2600004360082, '11': 452.0750000644475, '12': 172.84999852627521}}",2026-10-10T08:26:20.960741+00:00,False,trained
d87_temperature_max_c_prophet_20261010T082621Z,87,temperature_max_c,prophet,2021-01-01,2025-10-01,2025-10-01,2025-10-01,False,56,3,False,"{'fourier_order': 3, 'seasonality_prior_scale': 1.0, 'changepoint_prior_scale': 0.05}",2026-10-10T08:26:21.266089+00:00,False,trained
d87_temperature_min_c_monthly_climatology_20261010T082621Z,87,temperature_min_c,monthly_climatology,2021-01-01,2025-10-01,2025-10-01,2025-10-01,False,56,3,False,"{'monthly_means': {'1': 24.72, '2': 24.66, '3': 25.54, '4': 26.55, '5': 27.45, '6': 27.860000000000003, '7': 27.360000000000003, '8': 26.78, '9': 27.139999999999997, '10': 25.8, '11': 25.2, '12': 25.25}}",2026-10-10T08:26:21.348011+00:00,False,trained
d92_rainfall_mm_monthly_climatology_20261010T082621Z,92,rainfall_mm,monthly_climatology,2021-01-01,2025-10-01,2025-10-01,2025-10-01,False,58,3,False,"{'monthly_means': {'1': 136.50000114440905, '2': 57.960000379383644, '3': 69.9600009784103, '4': 162.339999523759, '5': 251.79999999254943, '6': 99.22000057995308, '7': 189.0200012609364, '8': 137.83999953567977, '9': 138.87999992668634, '10': 305.5999991387128, '11': 323.0249989088626, '12': 177.2500020023435}}",2026-10-10T08:26:21.426774+00:00,True,trained
d92_temperature_max_c_prophet_20261010T082621Z,92,temperature_max_c,prophet,2021-01-01,2025-10-01,2025-10-01,2025-10-01,False,58,3,False,"{'fourier_order': 3, 'seasonality_prior_scale': 1.0, 'changepoint_prior_scale': 0.05}",2026-10-10T08:26:21.873166+00:00,True,trained
d92_temperature_min_c_prophet_20261010T082622Z,92,temperature_min_c,prophet,2021-01-01,2025-10-01,2025-10-01,2025-10-01,False,58,3,False,"{'fourier_order': 3, 'seasonality_prior_scale': 1.0, 'changepoint_prior_scale': 0.05}",2026-10-10T08:26:22.382475+00:00,True,trained
d93_rainfall_mm_prophet_20261010T082622Z,93,rainfall_mm,prophet,2021-01-01,2025-10-01,2025-10-01,2025-10-01,False,58,3,False,"{'fourier_order': 3, 'seasonality_prior_scale': 1.0, 'changepoint_prior_scale': 0.05}",2026-10-10T08:26:22.733778+00:00,True,trained
d93_temperature_max_c_prophet_20261010T082623Z,93,temperature_max_c,prophet,2021-01-01,2025-10-01,2025-10-01,2025-10-01,False,56,3,False,"{'fourier_order': 3, 'seasonality_prior_scale': 1.0, 'changepoint_prior_scale': 0.05}",2026-10-10T08:26:23.262495+00:00,False,trained
d93_temperature_min_c_monthly_climatology_20261010T082623Z,93,temperature_min_c,monthly_climatology,2021-01-01,2025-10-01,2025-10-01,2025-10-01,False,56,3,False,"{'monthly_means': {'1': 22.34, '2': 22.16, '3': 23.22, '4': 24.44, '5': 25.475, '6': 26.24, '7': 26.52, '8': 25.580000000000002, '9': 25.939999999999998, '10': 24.15, '11': 23.55, '12': 23.2}}",2026-10-10T08:26:23.356459+00:00,False,trained
d94_rainfall_mm_monthly_climatology_20261010T082623Z,94,rainfall_mm,monthly_climatology,2021-01-01,2025-09-01,2025-10-01,2025-09-01,True,55,3,False,"{'monthly_means': {'1': 100.02000007629402, '2': 44.139999967813495, '3': 51.750000414252284, '4': 123.9499994136393, '5': 162.88750048819924, '6': 40.82999995872381, '7': 4.2874998897314045, '8': 65.0600013457238, '9': 35.38000026121726, '10': 251.30000017862776, '11': 511.1500007947906, '12': 153.76249891798943}}",2026-10-10T08:26:23.447396+00:00,True,trained
d94_temperature_max_c_seasonal_naive_20261010T082623Z,94,temperature_max_c,seasonal_naive,2021-01-01,2025-10-01,2025-10-01,2025-10-01,False,54,3,False,"{'seasonal_lag_months': 12, 'missing_latest_month_fallback': 'latest_same_month_observation'}",2026-10-10T08:26:23.539575+00:00,False,trained
d94_temperature_min_c_prophet_20261010T082623Z,94,temperature_min_c,prophet,2021-01-01,2025-10-01,2025-10-01,2025-10-01,False,52,3,False,"{'fourier_order': 3, 'seasonality_prior_scale': 1.0, 'changepoint_prior_scale': 0.05}",2026-10-10T08:26:23.855820+00:00,False,trained
d95_rainfall_mm_prophet_20261010T082624Z,95,rainfall_mm,prophet,2021-01-01,2025-10-01,2025-10-01,2025-10-01,False,58,3,False,"{'fourier_order': 3, 'seasonality_prior_scale': 1.0, 'changepoint_prior_scale': 0.05}",2026-10-10T08:26:24.272280+00:00,True,trained
d95_temperature_max_c_prophet_20261010T082624Z,95,temperature_max_c,prophet,2021-01-01,2025-10-01,2025-10-01,2025-10-01,False,58,3,False,"{'fourier_order': 3, 'seasonality_prior_scale': 1.0, 'changepoint_prior_scale': 0.05}",2026-10-10T08:26:24.708624+00:00,True,trained
d95_temperature_min_c_seasonal_naive_20261010T082624Z,95,temperature_min_c,seasonal_naive,2021-01-01,2025-10-01,2025-10-01,2025-10-01,False,58,3,False,"{'seasonal_lag_months': 12, 'missing_latest_month_fallback': 'latest_same_month_observation'}",2026-10-10T08:26:24.834517+00:00,True,trained
d96_rainfall_mm_monthly_climatology_20261010T082624Z,96,rainfall_mm,monthly_climatology,2021-01-01,2025-10-01,2025-10-01,2025-10-01,False,57,3,False,"{'monthly_means': {'1': 218.0200008794664, '2': 116.44000067710881, '3': 68.16000080406677, '4': 80.23999949246652, '5': 60.77499905787407, '6': 43.65999978780748, '7': 30.96000001579523, '8': 74.44000059813254, '9': 102.69999943673615, '10': 335.99999926239263, '11': 470.22499769181024, '12': 286.1000001896172}}",2026-10-10T08:26:24.942689+00:00,False,trained
d96_temperature_max_c_prophet_20261010T082625Z,96,temperature_max_c,prophet,2021-01-01,2025-10-01,2025-10-01,2025-10-01,False,55,3,False,"{'fourier_order': 3, 'seasonality_prior_scale': 1.0, 'changepoint_prior_scale': 0.05}",2026-10-10T08:26:25.418942+00:00,False,trained
d96_temperature_min_c_monthly_climatology_20261010T082625Z,96,temperature_min_c,monthly_climatology,2021-01-01,2025-10-01,2025-10-01,2025-10-01,False,56,3,False,"{'monthly_means': {'1': 23.72, '2': 24.119999999999997, '3': 24.7, '4': 25.2, '5': 25.875, '6': 26.28, '7': 26.18, '8': 25.380000000000003, '9': 25.6, '10': 24.380000000000003, '11': 23.95, '12': 24.075}}",2026-10-10T08:26:25.515977+00:00,False,trained
