district_id,target,selected_model,validation_mae,validation_rmse,validation_months,validation_folds,holdout_mae,holdout_rmse,holdout_months,status
73,rainfall_mm,seasonal_naive,79.4607136810996,131.58397049930235,14,2,74.12500154972062,79.50831873568114,4,evaluated
74,rainfall_mm,seasonal_naive,66.22499946566926,93.04944370458655,12,1,79.10000080093754,99.68024984366264,10,evaluated
74,temperature_max_c,prophet,0.8146478015326801,1.0189126545394254,12,1,0.9033081629627668,1.007189218501101,8,evaluated
74,temperature_min_c,monthly_climatology,0.697222222222222,0.8654371620640522,12,1,0.24333333333333407,0.3035667600014504,10,evaluated
76,rainfall_mm,monthly_climatology,74.55138878943394,112.9214209699318,24,2,19.30499989911915,28.925501249111377,10,evaluated
76,temperature_max_c,prophet,0.6255273736871235,0.8198821562658691,12,1,0.6205163991828204,0.7235074064859889,10,evaluated
76,temperature_min_c,seasonal_naive,0.5833333333333334,0.758287544405155,12,1,0.2699999999999999,0.4370354676682435,10,evaluated
77,rainfall_mm,monthly_climatology,127.58472244508765,171.85840663342623,24,2,90.02750153690577,104.93717382780893,10,evaluated
77,temperature_max_c,monthly_climatology,0.5924242424242429,0.7256310385040075,22,2,0.3758333333333329,0.44319703418582446,10,evaluated
77,temperature_min_c,prophet,0.5397962762253702,0.6552832117800445,23,2,0.5145855878920823,0.539438909258609,10,evaluated
78,rainfall_mm,monthly_climatology,151.61805590901835,211.3014418382835,24,2,99.54999951226645,142.13562792065167,10,evaluated
78,temperature_max_c,prophet,0.5819972095414844,0.6754392247967885,12,1,0.5377320406396588,0.704625960248835,10,evaluated
78,temperature_min_c,prophet,0.31317569591128464,0.3754688900873217,12,1,0.5144825303033205,0.5363312989998362,10,evaluated
79,rainfall_mm,monthly_climatology,81.88298595572502,127.03569924986698,24,2,76.92375020906331,83.39085830279085,10,evaluated
79,temperature_max_c,prophet,0.6167182563835949,0.7268909374860923,12,1,0.4750713372542666,0.7425851335768184,9,evaluated
79,temperature_min_c,prophet,0.457894956207199,0.5248545878914838,11,1,0.3214438261573448,0.36406037955977816,9,evaluated
80,rainfall_mm,monthly_climatology,70.00902795025873,89.58957908451497,12,1,63.767083065460135,69.82254302757686,10,evaluated
80,temperature_max_c,monthly_climatology,0.6819444444444445,0.8089344843681717,12,1,0.8216666666666669,0.8819643479818845,10,evaluated
80,temperature_min_c,prophet,0.34457551076388704,0.41234247604838287,12,1,0.5778964947515686,0.6299883321545618,10,evaluated
81,rainfall_mm,prophet,77.09704926680352,128.50516193803608,24,2,39.24294387667972,46.56499480993798,10,evaluated
81,temperature_max_c,prophet,0.6430967388723537,0.762924242107651,12,1,0.5640525181269155,0.6688677668262504,10,evaluated
81,temperature_min_c,monthly_climatology,0.5722222222222219,0.7431788578900869,24,2,0.23750000000000035,0.34342029642989924,10,evaluated
83,rainfall_mm,monthly_climatology,94.82638725048555,123.60226621133907,12,1,59.445833720701486,67.51692017891197,10,evaluated
83,temperature_max_c,prophet,0.7837708704709062,0.9096638858167205,12,1,1.2447388841378455,1.379299002217558,9,evaluated
83,temperature_min_c,monthly_climatology,0.5305555555555553,0.6889000895146793,12,1,0.3558333333333337,0.4480125866287441,10,evaluated
87,rainfall_mm,monthly_climatology,88.32500003433483,128.31926906442774,12,1,52.22999961407228,73.93127072880624,10,evaluated
87,temperature_max_c,prophet,0.640092903846394,0.7416238292952223,11,1,0.43494366906579174,0.5291976389318134,10,evaluated
87,temperature_min_c,monthly_climatology,0.5833333333333327,0.7414949863720013,12,1,0.20666666666666664,0.23643768265185192,10,evaluated
92,rainfall_mm,monthly_climatology,101.94999999335653,135.3635112440182,24,2,88.18500030189746,114.68923098165398,10,evaluated
92,temperature_max_c,prophet,0.7872106857830854,1.0444849097555695,24,2,1.4988684628322553,1.5775481332998806,10,evaluated
92,temperature_min_c,prophet,0.46534235811805713,0.67089025513334,24,2,0.7672533514795405,0.9158490303071499,10,evaluated
93,rainfall_mm,prophet,99.1168043007392,120.63947314964527,24,2,71.88687026644041,91.06403170737747,10,evaluated
93,temperature_max_c,prophet,0.5516302922637244,0.7548374215496207,11,1,0.8822113421378515,1.0345344650390302,10,evaluated
93,temperature_min_c,monthly_climatology,0.6590909090909091,0.7955209207516386,11,1,0.34583333333333466,0.40595395195897754,10,evaluated
94,rainfall_mm,monthly_climatology,73.82462115029833,107.66181444165998,22,2,45.3046295304472,51.54073642290377,9,evaluated
94,temperature_max_c,seasonal_naive,0.8399999999999995,1.078888316740894,10,1,0.922222222222223,1.2179217270963418,9,evaluated
94,temperature_min_c,prophet,0.5706458973195028,0.6288022387445251,9,1,0.6055146238725327,0.7066520730607374,9,evaluated
95,rainfall_mm,prophet,120.65054692147096,138.10165378753,24,2,162.84206733951618,171.21662778203856,10,evaluated
95,temperature_max_c,prophet,0.5925073700774505,0.8514697842005331,24,2,1.083469467084943,1.3225926128964238,10,evaluated
95,temperature_min_c,seasonal_naive,0.4708333333333335,0.6181288970217568,24,2,0.39999999999999963,0.5019960159204447,10,evaluated
96,rainfall_mm,monthly_climatology,74.9208343871352,101.39820032240296,12,1,74.43499998860072,99.4830453459362,10,evaluated
96,temperature_max_c,prophet,0.9293144692873728,1.186900248295358,11,1,0.5897247036331954,0.7362412491848458,10,evaluated
96,temperature_min_c,monthly_climatology,0.6181818181818186,0.8535132386113583,11,1,0.3233333333333334,0.36989112512257516,10,evaluated
